-- phpMyAdmin SQL Dump
-- version 4.5.1
-- http://www.phpmyadmin.net
--
-- Host: 127.0.0.1
-- Generation Time: Sep 22, 2016 at 06:12 AM
-- Server version: 10.1.8-MariaDB
-- PHP Version: 5.6.14

SET SQL_MODE = "NO_AUTO_VALUE_ON_ZERO";
SET time_zone = "+00:00";


/*!40101 SET @OLD_CHARACTER_SET_CLIENT=@@CHARACTER_SET_CLIENT */;
/*!40101 SET @OLD_CHARACTER_SET_RESULTS=@@CHARACTER_SET_RESULTS */;
/*!40101 SET @OLD_COLLATION_CONNECTION=@@COLLATION_CONNECTION */;
/*!40101 SET NAMES utf8mb4 */;

--
-- Database: `winbizdemo`
--

-- --------------------------------------------------------

--
-- Table structure for table `tbl_admin_user`
--

CREATE TABLE `tbl_admin_user` (
  `id` int(100) NOT NULL,
  `profile_id` int(100) NOT NULL,
  `enterprise_id` int(11) NOT NULL,
  `user_name` varchar(50) NOT NULL,
  `password` varchar(50) NOT NULL,
  `first_name` varchar(255) NOT NULL,
  `last_name` varchar(255) DEFAULT NULL,
  `email` varchar(255) DEFAULT NULL,
  `gender` enum('Female','Male') NOT NULL DEFAULT 'Male',
  `mobile_num` varchar(20) NOT NULL,
  `address` text NOT NULL,
  `status` enum('Active','Inactive') NOT NULL DEFAULT 'Active',
  `created_by` int(100) NOT NULL,
  `created_date` datetime NOT NULL,
  `modified_by` int(100) NOT NULL,
  `modified_date` datetime NOT NULL
) ENGINE=InnoDB DEFAULT CHARSET=utf8 ROW_FORMAT=COMPACT;

--
-- Dumping data for table `tbl_admin_user`
--

INSERT INTO `tbl_admin_user` (`id`, `profile_id`, `enterprise_id`, `user_name`, `password`, `first_name`, `last_name`, `email`, `gender`, `mobile_num`, `address`, `status`, `created_by`, `created_date`, `modified_by`, `modified_date`) VALUES
(1, 1, 0, 'superadmin', '1a229911594270d7dfc136b7e5037d96', 'Superadmin', '', 'samjhana@amniltech.com', 'Female', '0', '', 'Active', 0, '0000-00-00 00:00:00', 0, '0000-00-00 00:00:00'),
(31, 6, 13, 'sunita', '270bc4393030fbfb947e9ec35b9c82e1', 'Sunita', 'Enterprise', 'sunita@gmail.com', 'Female', '', '', 'Active', 1, '2015-11-19 14:39:34', 0, '0000-00-00 00:00:00'),
(32, 7, 2, 'spicy', 'cd988e878666e274a481fe6eed100694', 'Spicy', 'Home', 'spicy@gmail.com', 'Female', '', '', 'Active', 1, '2015-11-25 15:28:20', 0, '0000-00-00 00:00:00'),
(34, 2, 0, 'winbizAdmin', 'b43eae5b8cbb8e117f52973bfd877078', 'Winbiz Admin', '', 'fwean.info@gmail.com', 'Male', '', '', 'Active', 1, '2016-01-08 10:42:13', 1, '2016-01-13 09:27:08'),
(35, 8, 14, 'bkesh', 'f367e4726b4c009fc84fe6179406fa81', 'Bkesh', 'Maharjan', 'limited_sky710@yahoo.com', 'Male', '9841721181', 'thecho', 'Active', 1, '2016-07-12 18:25:41', 0, '0000-00-00 00:00:00'),
(37, 9, 12, 'can', '2c61ebff5a7f675451467527df66788d', 'Can', 'Can', 'can@can.can', 'Female', '123123', '12312312', 'Active', 1, '2016-07-13 10:31:27', 0, '0000-00-00 00:00:00'),
(38, 9, 14, 'rosy', '35ec526e55c3f6e4fcc681a665d66b78', 'Rosy', 'Rosy', 'rosy@rosy.rosy', 'Female', 'rosy', 'rosy', 'Active', 1, '2016-07-15 09:48:05', 0, '0000-00-00 00:00:00');

-- --------------------------------------------------------

--
-- Table structure for table `tbl_advertisement`
--

CREATE TABLE `tbl_advertisement` (
  `id` int(11) NOT NULL,
  `site_id` int(11) NOT NULL,
  `provider_id` int(11) NOT NULL,
  `advertisement_position_id` int(11) DEFAULT NULL,
  `advertisement_name` varchar(255) NOT NULL,
  `advertisement_image` varchar(255) NOT NULL,
  `advertisement_link_type` varchar(255) NOT NULL,
  `content_id` int(11) NOT NULL,
  `product_id` int(11) NOT NULL,
  `external_url` varchar(255) NOT NULL,
  `advertisement_link_opens` varchar(255) NOT NULL,
  `advertisement_description` text NOT NULL,
  `publish_date` varchar(255) NOT NULL,
  `unpublish_date` varchar(255) NOT NULL,
  `status` enum('1','0') NOT NULL,
  `created_by` int(11) NOT NULL,
  `created_date` datetime NOT NULL,
  `updated_by` int(11) NOT NULL,
  `updated_date` datetime NOT NULL
) ENGINE=InnoDB DEFAULT CHARSET=utf8;

--
-- Dumping data for table `tbl_advertisement`
--

INSERT INTO `tbl_advertisement` (`id`, `site_id`, `provider_id`, `advertisement_position_id`, `advertisement_name`, `advertisement_image`, `advertisement_link_type`, `content_id`, `product_id`, `external_url`, `advertisement_link_opens`, `advertisement_description`, `publish_date`, `unpublish_date`, `status`, `created_by`, `created_date`, `updated_by`, `updated_date`) VALUES
(1, 1, 1, 2, 'soaps', 'bigyapan_974_1459443813.jpg', 'None', 0, 0, 'http://winbiz.com.np/cat/10/8/aama-impex.html', 'new', '<p>\r\n	hello bossd how are you i am coming</p>\r\n', '2015-06-29', '2019-12-01', '0', 1, '2015-06-28 13:58:39', 1, '2016-07-15 15:33:01'),
(3, 1, 1, 6, 'Shawl', 'bigyapan_455_1459441598.jpg', 'External URL', 0, 473, 'http://www.google.com', 'new', '', '2016-03-02', '2019-12-04', '1', 1, '2015-06-28 13:59:48', 1, '2016-07-15 15:35:26'),
(5, 1, 1, 7, 'HairPin', 'bigyapan_332_1459444220.jpg', 'Product', 0, 447, 'http://dadsf', 'new', '', '2015-07-01', '2017-01-07', '1', 1, '2015-06-28 14:00:33', 1, '2016-07-15 15:39:11'),
(6, 1, 1, 8, 'Lehenga', 'bigyapan_283_1459446109.jpg', 'Product', 0, 432, 'http://www.google.com', 'new', '', '2015-07-01', '2016-08-19', '1', 1, '2015-06-28 14:00:52', 1, '2016-03-31 23:26:49'),
(7, 1, 1, 9, 'Hanging Lights', 'bigyapan_245_1459443185.jpg', 'Product', 0, 456, 'http://www.google.com', 'new', '', '2015-06-23', '2019-12-31', '1', 1, '2015-06-28 14:01:16', 1, '2016-03-31 22:38:06'),
(8, 1, 1, 10, 'Himalayan Herb Jimbo', 'bigyapan_271_1459444385.jpg', 'Product', 0, 484, 'http://www.google.com', 'new', '', '2015-07-01', '2019-09-01', '1', 1, '2015-06-28 14:01:53', 34, '2016-04-13 16:02:05'),
(11, 1, 1, 1, 'Spices', 'bigyapan_589_1459332456.jpg', 'None', 0, 0, 'http://milan.winbiz.com.np/', 'same', '', '2015-06-25', '2019-09-01', '1', 1, '2015-06-28 18:21:59', 34, '2016-03-30 15:52:36'),
(12, 1, 1, 1, 'Mahi', 'bigyapan_569_1450427682.jpg', 'None', 0, 0, 'http://mahi.winbiz.com.np/', 'same', '', '2015-07-01', '2016-06-30', '1', 1, '2015-06-28 18:25:25', 34, '2016-04-01 03:17:53'),
(14, 1, 1, 1, 'Hajuri Khadhya Udhyog', 'bigyapan_918_1459333394.jpg', 'None', 0, 0, 'http://winbiz.com.np/cat/1/11/hajuri-khadhya-udhyog-kitchen-recipe.html', 'same', '', '2015-09-07', '2016-10-01', '1', 2, '2015-09-07 16:22:13', 1, '2016-03-31 22:41:50'),
(15, 1, 1, 1, 'Nature Nepal', 'bigyapan_158_1459445628.jpg', 'None', 0, 0, 'http://winbiz.com.np/cat/16/10/milan-garments.html', 'new', '', '2015-09-24', '2019-09-01', '1', 2, '2015-09-24 15:47:02', 1, '2016-03-31 23:18:48'),
(17, 1, 1, 5, 'Honey', 'bigyapan_713_1449058077.jpg', 'Product', 0, 39, '', 'new', '<p>\n	Honey is featured products in the website.</p>\n', '2015-10-09', '2019-10-01', '1', 2, '2015-10-09 15:30:42', 1, '2015-12-15 17:49:27'),
(18, 1, 1, 2, 'Newspaper', 'bigyapan_683_1460541501.jpg', 'None', 0, 0, '', 'same', '<p>\n	Ad1</p>\n', '2016-04-14', '2016-04-14', '1', 1, '2015-10-27 11:21:59', 34, '2016-04-13 15:43:21'),
(19, 1, 1, 4, 'AD3', 'bigyapan_193_1460542346.jpg', 'None', 0, 0, '', '0', '<p>\n	Ad3</p>\n', '2015-11-01', '2016-05-31', '1', 1, '2015-11-02 10:52:42', 34, '2016-04-13 15:57:27'),
(20, 1, 1, 3, 'Ad2', 'bigyapan_417_1460549113.jpg', 'None', 0, 0, '', '0', '<p>\n	AD2</p>\n', '2016-04-01', '2016-06-01', '1', 1, '2015-11-02 10:56:50', 34, '2016-04-13 17:50:14'),
(32, 3, 1, 7, 'AD 3', 'bigyapan_853_1449133546.jpg', 'Product', 0, 245, '', 'new', '<p>\n	This is featured products in the website.</p>\n', '2015-12-01', '2015-12-31', '0', 1, '2015-12-03 14:50:46', 1, '2015-12-04 10:47:05'),
(33, 3, 1, 8, 'AD 4', 'bigyapan_114_1449133582.jpg', 'Product', 0, 245, '', 'new', '<p>\n	AD 4</p>\n', '2015-12-01', '2015-12-31', '1', 1, '2015-12-03 14:51:22', 0, '0000-00-00 00:00:00'),
(34, 3, 1, 9, 'AD 5', 'bigyapan_761_1449133618.jpg', 'Product', 0, 243, '', 'new', '<p>\n	AD 5</p>\n', '2015-12-01', '2015-12-31', '0', 1, '2015-12-03 14:51:58', 0, '0000-00-00 00:00:00'),
(36, 1, 1, 1, 'Sari', 'bigyapan_248_1459444074.jpg', 'None', 0, 0, 'http://hajuri.winbiz.com.np/', 'same', '', '2015-12-18', '2016-12-31', '1', 1, '2015-12-18 12:38:58', 1, '2016-03-31 22:52:54'),
(37, 17, 1, 5, 'Pickle', 'bigyapan_695_1459333297.jpg', 'Product', 0, 102, '', 'same', '', '2015-12-18', '2016-12-18', '1', 1, '2015-12-18 14:25:53', 34, '2016-03-30 16:06:37'),
(38, 16, 1, 5, 'Pandas', 'bigyapan_452_1450536870.jpg', 'Product', 0, 96, '', 'same', '', '2015-12-19', '2016-12-19', '1', 1, '2015-12-19 20:39:31', 1, '2015-12-19 20:51:49'),
(39, 16, 1, 6, 'Tiger', 'bigyapan_872_1450536935.jpg', 'Product', 0, 101, '', 'same', '', '2015-12-19', '2016-12-19', '1', 1, '2015-12-19 20:40:35', 1, '2015-12-19 20:53:06'),
(43, 16, 1, 7, 'Purse', 'bigyapan_541_1450537192.jpg', 'Product', 0, 331, '', 'same', '', '2015-12-19', '2016-12-19', '1', 1, '2015-12-19 20:44:52', 1, '2015-12-19 20:53:45'),
(45, 14, 1, 5, 'Rose Soap', 'bigyapan_1_1450537372.jpg', 'Product', 0, 41, '', 'same', '', '2015-12-19', '2016-12-17', '1', 1, '2015-12-19 20:47:52', 1, '2015-12-19 20:54:26'),
(46, 14, 1, 6, 'Yak milk Soap', 'bigyapan_911_1450537463.jpg', 'Product', 0, 40, '', 'same', '', '2015-12-19', '2016-12-18', '1', 1, '2015-12-19 20:49:23', 1, '2015-12-19 20:55:18'),
(47, 16, 1, 8, 'Fruit purse', 'bigyapan_470_1450537987.jpg', 'Product', 0, 333, '', 'same', '', '2015-12-19', '2016-12-18', '1', 1, '2015-12-19 20:58:08', 1, '2015-12-19 21:00:14'),
(48, 16, 1, 9, 'Heart Purse', 'bigyapan_828_1450538203.jpg', 'Product', 0, 332, '', 'same', '', '2015-12-19', '2016-12-18', '1', 1, '2015-12-19 21:01:43', 1, '2015-12-19 21:02:02'),
(49, 13, 1, 5, 'Egg Candle', 'bigyapan_691_1450538319.jpg', 'Product', 0, 202, '', 'same', '', '2015-12-19', '2016-12-19', '1', 1, '2015-12-19 21:03:39', 1, '2015-12-19 21:04:09'),
(50, 13, 1, 6, 'Scented Candle', 'bigyapan_533_1450538385.jpg', 'Product', 0, 199, '', 'same', '', '2015-12-19', '2016-12-19', '1', 1, '2015-12-19 21:04:45', 1, '2015-12-19 21:06:22'),
(51, 13, 1, 7, 'Small Bowl', 'bigyapan_243_1450538548.jpg', 'Product', 0, 206, '', 'same', '', '2015-12-19', '2016-12-19', '1', 1, '2015-12-19 21:07:29', 1, '2015-12-19 21:09:38'),
(52, 13, 1, 8, 'Floral Candle', 'bigyapan_109_1450538810.jpg', 'Product', 0, 203, '', 'same', '', '2015-12-19', '2016-12-19', '1', 1, '2015-12-19 21:11:51', 1, '2015-12-19 21:15:34'),
(53, 13, 1, 9, 'Bee Wax Candle', 'bigyapan_569_1450539254.jpg', 'Product', 0, 200, '', 'same', '', '2015-12-19', '2016-12-19', '1', 1, '2015-12-19 21:19:14', 1, '2015-12-19 21:20:13'),
(54, 12, 1, 5, 'Nagarik', 'bigyapan_790_1450539536.jpg', 'Product', 0, 31, '', 'same', '', '2015-12-19', '2016-12-19', '1', 1, '2015-12-19 21:23:56', 1, '2015-12-19 21:24:37'),
(55, 12, 1, 6, 'Pashchimeli', 'bigyapan_471_1450539689.jpg', 'Product', 0, 34, '', 'same', '', '2015-12-19', '2016-12-19', '1', 1, '2015-12-19 21:26:29', 1, '2015-12-19 21:28:05'),
(56, 12, 1, 7, 'Purweli', 'bigyapan_644_1450539888.jpg', 'Product', 0, 35, '', 'same', '', '2015-12-19', '2016-12-19', '1', 1, '2015-12-19 21:29:49', 1, '2015-12-19 21:32:08'),
(58, 12, 1, 8, 'Republica', 'bigyapan_60_1450540116.jpg', 'Product', 0, 32, '', 'same', '', '2015-12-19', '2016-12-19', '1', 1, '2015-12-19 21:33:37', 1, '2015-12-19 21:34:41'),
(59, 12, 1, 9, 'Sukrabaar', 'bigyapan_351_1450540320.jpg', 'Product', 0, 33, '', 'same', '', '2015-12-19', '2016-12-19', '1', 1, '2015-12-19 21:37:00', 1, '2015-12-19 21:38:04'),
(60, 13, 1, 10, 'Micro Bowl', 'bigyapan_17_1450540534.jpg', 'Product', 0, 207, '', 'same', '', '2015-12-19', '2016-12-19', '1', 1, '2015-12-19 21:40:34', 1, '2015-12-19 21:40:51'),
(61, 16, 1, 10, 'Case', 'bigyapan_430_1450540654.jpg', 'Product', 0, 338, '', 'same', '', '2015-12-19', '2016-12-19', '1', 1, '2015-12-19 21:42:34', 1, '2015-12-19 21:43:09'),
(62, 10, 1, 5, 'Honey', 'bigyapan_409_1450540772.jpg', 'Product', 0, 39, '', 'same', '', '2015-12-19', '2016-12-19', '1', 1, '2015-12-19 21:44:32', 1, '2015-12-19 21:44:54'),
(63, 10, 1, 6, 'Cream', 'bigyapan_609_1450540846.jpg', 'Product', 0, 345, '', 'same', '', '2015-12-19', '2016-12-19', '0', 1, '2015-12-19 21:45:46', 1, '2015-12-19 21:46:01'),
(64, 10, 1, 7, 'Candle', 'bigyapan_745_1450540900.jpg', 'Product', 0, 344, '', 'same', '', '2015-12-19', '2016-12-19', '1', 1, '2015-12-19 21:46:40', 1, '2015-12-19 21:46:55'),
(65, 9, 1, 5, 'Set', 'bigyapan_608_1450541027.jpg', 'Product', 0, 51, '', 'same', '', '2015-12-19', '2016-12-18', '1', 1, '2015-12-19 21:48:47', 1, '2015-12-19 21:49:25'),
(66, 9, 1, 6, 'Diamond Stole', 'bigyapan_315_1450541118.jpg', 'Product', 0, 151, '', 'same', '', '2015-12-19', '2016-12-19', '1', 1, '2015-12-19 21:50:18', 1, '2015-12-19 21:50:54'),
(67, 9, 1, 7, 'Loose Scarf', 'bigyapan_895_1450541215.jpg', 'Product', 0, 126, '', 'same', '', '2015-12-19', '2016-12-19', '1', 1, '2015-12-19 21:51:55', 1, '2015-12-19 21:52:19'),
(68, 9, 1, 8, 'Shaded Stole', 'bigyapan_904_1450541289.jpg', 'Product', 0, 144, '', 'same', '', '2015-12-19', '2016-12-19', '1', 1, '2015-12-19 21:53:09', 1, '2015-12-19 21:53:42'),
(69, 9, 1, 9, 'Pom Shawl', 'bigyapan_676_1450541375.jpg', 'Product', 0, 157, '', 'same', '', '2015-12-19', '2016-12-19', '1', 1, '2015-12-19 21:54:36', 1, '2015-12-19 21:57:22'),
(70, 9, 1, 10, 'Printed Stole', 'bigyapan_448_1450541605.jpg', 'Product', 0, 47, '', 'same', '', '2015-12-19', '2016-12-19', '1', 1, '2015-12-19 21:58:26', 1, '2015-12-19 21:59:00'),
(71, 8, 1, 5, 'Pencil Stand', 'bigyapan_299_1450541722.jpg', 'Product', 0, 29, '', 'same', '', '2015-12-19', '2016-12-19', '1', 1, '2015-12-19 22:00:22', 1, '2015-12-19 22:00:51'),
(73, 8, 1, 7, 'Tissue Cover', 'bigyapan_28_1450541862.jpg', 'Product', 0, 115, '', 'same', '', '2015-12-19', '2016-12-19', '1', 1, '2015-12-19 22:02:43', 1, '2015-12-19 22:03:03'),
(74, 8, 1, 8, 'Rock Salt', 'bigyapan_39_1450541926.jpg', 'Product', 0, 325, '', 'same', '', '2015-12-19', '2016-12-19', '1', 1, '2015-12-19 22:03:46', 1, '2015-12-19 22:04:04'),
(75, 8, 1, 9, 'Coaster', 'bigyapan_923_1450542008.jpg', 'Product', 0, 322, '', 'same', '', '2015-12-19', '2016-12-19', '1', 1, '2015-12-19 22:05:08', 1, '2015-12-19 22:05:35'),
(76, 8, 1, 10, 'Threads', 'bigyapan_566_1450542078.jpg', 'Product', 0, 240, '', 'same', '', '2015-12-19', '2016-12-19', '1', 1, '2015-12-19 22:06:18', 1, '2015-12-19 22:06:35'),
(77, 6, 1, 5, 'Ladoo', 'bigyapan_777_1450542148.jpg', 'Product', 0, 27, '', 'same', '', '2015-12-19', '2016-12-19', '1', 1, '2015-12-19 22:07:28', 1, '2015-12-19 22:07:50'),
(78, 6, 1, 6, 'Lakh Maari', 'bigyapan_810_1450542233.jpg', 'Product', 0, 26, '', 'same', '', '2015-12-19', '2016-12-19', '1', 1, '2015-12-19 22:08:53', 1, '2015-12-19 22:09:12'),
(79, 6, 1, 7, 'Lapsi Candy', 'bigyapan_264_1450542321.jpg', 'Product', 0, 165, '', 'same', '', '2015-12-19', '2016-12-19', '1', 1, '2015-12-19 22:10:21', 1, '2015-12-19 22:10:38'),
(80, 4, 1, 5, 'Bangles', 'bigyapan_491_1450542402.jpg', 'Product', 0, 299, '', 'same', '', '2015-12-19', '2016-12-19', '1', 1, '2015-12-19 22:11:42', 1, '2015-12-19 22:12:02'),
(81, 4, 1, 6, 'Coaster', 'bigyapan_507_1450542459.jpg', 'Product', 0, 285, '', 'same', '', '2015-12-19', '2016-12-19', '1', 1, '2015-12-19 22:12:39', 1, '2015-12-19 22:13:00'),
(82, 4, 1, 7, 'Crocker Set', 'bigyapan_80_1450542533.jpg', 'Product', 0, 286, '', 'same', '', '2015-12-19', '2016-12-19', '1', 1, '2015-12-19 22:13:53', 1, '2015-12-19 22:14:18'),
(83, 4, 1, 8, 'Wire Ring', 'bigyapan_527_1450542634.jpg', 'Product', 0, 283, '', 'same', '', '2015-12-19', '2016-12-19', '1', 1, '2015-12-19 22:15:34', 1, '2015-12-19 22:15:57'),
(84, 4, 1, 9, 'Net Chocker', 'bigyapan_254_1450542704.jpg', 'Product', 0, 298, '', 'same', '', '2015-12-19', '2016-12-19', '1', 1, '2015-12-19 22:16:44', 1, '2015-12-19 22:17:08'),
(85, 4, 1, 10, 'Flower Ring', 'bigyapan_882_1450542839.jpg', 'Product', 0, 284, '', 'same', '', '2015-12-19', '2016-12-19', '1', 1, '2015-12-19 22:18:59', 1, '2015-12-19 22:19:23'),
(86, 17, 1, 1, 'banner', 'bigyapan_43_1459333320.jpg', 'None', 0, 0, '', '0', '', '2015-12-20', '2016-12-20', '1', 1, '2015-12-20 13:42:15', 34, '2016-03-30 16:07:00'),
(87, 16, 1, 1, 'Banner', 'bigyapan_517_1459333105.jpg', 'None', 0, 0, '', '0', '', '2015-12-20', '2016-12-20', '1', 1, '2015-12-20 13:44:54', 34, '2016-03-30 16:03:25'),
(88, 14, 1, 1, 'Banner', 'bigyapan_868_1459445677.jpg', 'None', 0, 0, '', '0', '', '2015-12-20', '2016-12-20', '1', 1, '2015-12-20 13:47:17', 1, '2016-03-31 23:19:37'),
(89, 13, 1, 1, 'Banner', 'bigyapan_302_1459334734.jpg', 'None', 0, 0, '', '0', '', '2015-12-20', '2016-12-20', '1', 1, '2015-12-20 13:48:12', 34, '2016-03-30 16:30:34'),
(90, 12, 1, 1, 'Banner', 'bigyapan_972_1459340897.jpg', 'None', 0, 0, '', '0', '', '2015-12-20', '2016-12-20', '1', 1, '2015-12-20 13:50:24', 34, '2016-03-30 18:13:17'),
(91, 10, 1, 1, 'Banner', 'bigyapan_353_1459335805.jpg', 'None', 0, 0, '', '0', '', '2015-12-20', '2016-12-20', '1', 1, '2015-12-20 13:51:15', 34, '2016-03-30 16:48:25'),
(92, 9, 1, 1, 'Banner', 'bigyapan_807_1459334064.jpg', 'None', 0, 0, '', '0', '', '2015-12-20', '2016-12-20', '1', 1, '2015-12-20 13:55:26', 34, '2016-03-30 16:19:24'),
(93, 8, 1, 1, 'Banner', 'bigyapan_531_1459340866.jpg', 'None', 0, 0, '', '0', '', '2015-12-20', '2016-12-20', '1', 1, '2015-12-20 13:57:08', 34, '2016-03-30 18:12:46'),
(94, 6, 1, 1, 'Banner', 'bigyapan_920_1459340519.jpg', 'None', 0, 0, '', '0', '', '2015-12-20', '2016-12-20', '1', 1, '2015-12-20 13:57:55', 34, '2016-03-30 18:06:59'),
(95, 4, 1, 1, 'Banner', 'bigyapan_539_1459336150.jpg', 'None', 0, 0, '', '0', '', '2015-12-20', '2016-12-20', '1', 1, '2015-12-20 13:58:39', 34, '2016-03-30 16:54:10'),
(96, 19, 1, 5, 'College', 'bigyapan_426_1450601489.jpg', 'Product', 0, 347, '', 'same', '', '2015-12-20', '2016-12-20', '1', 1, '2015-12-20 14:36:29', 1, '2015-12-20 14:42:42'),
(97, 19, 1, 1, 'Banner', 'bigyapan_14_1459334628.jpg', 'None', 0, 0, '', '0', '', '2015-12-20', '2016-12-20', '1', 1, '2015-12-20 14:42:23', 34, '2016-03-30 16:28:48'),
(98, 20, 1, 1, 'Banner', 'bigyapan_476_1459334812.jpg', 'None', 0, 0, '', '0', '', '2015-12-30', '2016-12-30', '1', 1, '2015-12-30 15:23:49', 34, '2016-03-30 16:31:52'),
(99, 20, 1, 5, 'Black Tea (100 g)', 'bigyapan_615_1451478560.jpg', 'Product', 0, 348, '', 'same', '', '2015-12-30', '2016-12-30', '1', 1, '2015-12-30 18:14:20', 1, '2015-12-30 18:14:56'),
(100, 20, 1, 6, 'Organic Green Tea (25 bags)', 'bigyapan_854_1451478644.jpg', 'Product', 0, 355, '', 'same', '', '2015-12-30', '2016-12-30', '1', 1, '2015-12-30 18:15:44', 1, '2015-12-30 18:16:03'),
(101, 20, 1, 7, 'Organic Black Tea', 'bigyapan_835_1451478699.jpg', 'Product', 0, 353, '', 'same', '', '2015-12-30', '2016-12-30', '1', 1, '2015-12-30 18:16:39', 1, '2015-12-30 18:17:27'),
(102, 20, 1, 8, 'Masala Tea', 'bigyapan_865_1451478791.jpg', 'Product', 0, 351, '', 'same', '', '2015-12-30', '2016-12-30', '1', 1, '2015-12-30 18:18:11', 1, '2015-12-30 18:18:31'),
(103, 20, 1, 9, 'Green Tea Tea Bags', 'bigyapan_16_1451478852.jpg', 'Product', 0, 350, '', 'same', '', '2015-12-30', '2016-12-30', '1', 1, '2015-12-30 18:19:12', 1, '2015-12-30 18:19:29'),
(104, 20, 1, 10, 'Nepal Organic Tea', 'bigyapan_962_1451478907.jpg', 'Product', 0, 352, '', 'same', '', '2015-12-30', '2016-12-30', '1', 1, '2015-12-30 18:20:07', 1, '2015-12-30 18:20:22'),
(106, 2, 1, 1, 'Spices', 'bigyapan_116_1459332714.jpg', 'Product', 0, 400, '', 'new', '', '2016-03-28', '2016-08-31', '1', 34, '2016-03-30 09:53:58', 34, '2016-03-30 15:56:54'),
(107, 3, 1, 1, 'Saree', 'bigyapan_932_1459312519.jpg', 'None', 0, 0, '', '0', '', '2016-03-29', '2016-05-29', '1', 34, '2016-03-30 10:20:19', 0, '0000-00-00 00:00:00'),
(108, 2, 1, 1, 'Spices', 'bigyapan_265_1459332358.jpg', 'None', 0, 0, '', '0', '', '2016-03-23', '2016-05-19', '1', 34, '2016-03-30 15:50:59', 0, '0000-00-00 00:00:00'),
(109, 16, 1, 1, 'Felt', 'bigyapan_370_1459333034.jpg', 'None', 0, 0, '', '0', '', '2016-03-23', '2016-04-13', '1', 34, '2016-03-30 16:02:14', 0, '0000-00-00 00:00:00'),
(110, 17, 1, 1, 'hajuri', 'bigyapan_959_1459333457.jpg', 'None', 0, 0, '', '0', '', '2016-03-23', '2016-05-12', '1', 34, '2016-03-30 16:09:17', 0, '0000-00-00 00:00:00'),
(111, 9, 1, 1, 'stole', 'bigyapan_873_1459334234.jpg', 'None', 0, 0, '', '0', '', '2016-03-23', '2016-04-20', '1', 34, '2016-03-30 16:22:14', 0, '0000-00-00 00:00:00'),
(112, 22, 1, 1, 'mis', 'bigyapan_749_1459334325.jpg', 'None', 0, 0, '', '0', '', '2016-03-23', '2016-05-05', '1', 34, '2016-03-30 16:23:45', 0, '0000-00-00 00:00:00'),
(113, 22, 1, 1, 'pharma', 'bigyapan_470_1459334461.jpg', 'Product', 0, 420, '', 'new', '', '2016-03-23', '2016-05-11', '1', 34, '2016-03-30 16:26:01', 0, '0000-00-00 00:00:00'),
(114, 21, 1, 1, 'saree', 'bigyapan_237_1459336061.jpg', 'None', 0, 0, '', '0', '', '2016-03-02', '2016-05-12', '1', 34, '2016-03-30 16:52:41', 0, '0000-00-00 00:00:00'),
(115, 8, 1, 1, 'crafts', 'bigyapan_615_1459341698.jpg', 'None', 0, 0, '', '0', '<p>\n	Paper Crafts</p>\n', '2016-03-16', '2016-05-13', '1', 34, '2016-03-30 18:26:38', 0, '0000-00-00 00:00:00'),
(116, 2, 1, 1, 'organic spices', 'bigyapan_597_1459463694.jpg', 'None', 0, 0, '', '0', '', '2016-03-31', '2016-06-01', '1', 34, '2016-04-01 04:19:54', 0, '0000-00-00 00:00:00'),
(117, 0, 1, NULL, 'bkesh', 'bigyapan_886_1468499314.jpg', 'None', 0, 0, '', '0', '<p>\r\n	asdf</p>\r\n', '', '', '1', 1, '2016-07-14 18:13:35', 0, '0000-00-00 00:00:00'),
(118, 0, 1, NULL, 'bkesh', 'bigyapan_476_1468499338.jpg', 'None', 0, 0, '', '0', '<p>\r\n	asdf</p>\r\n', '', '', '1', 1, '2016-07-14 18:13:58', 0, '0000-00-00 00:00:00'),
(119, 0, 1, NULL, 'bkesh', 'bigyapan_964_1468499354.jpg', 'None', 0, 0, '', '0', '<p>\r\n	asdf</p>\r\n', '', '', '1', 1, '2016-07-14 18:14:14', 0, '0000-00-00 00:00:00'),
(120, 0, 1, NULL, 'opp', 'bigyapan_825_1468499479.jpg', 'None', 0, 0, '', '0', '<p>\r\n	sadf</p>\r\n', '', '', '1', 1, '2016-07-14 18:16:19', 0, '0000-00-00 00:00:00'),
(121, 0, 1, NULL, 'opp', 'bigyapan_874_1468499539.jpg', 'None', 0, 0, '', '0', '<p>\r\n	sadf</p>\r\n', '', '', '1', 1, '2016-07-14 18:17:19', 0, '0000-00-00 00:00:00'),
(122, 0, 1, NULL, 'opp', 'bigyapan_115_1468499546.jpg', 'None', 0, 0, '', '0', '<p>\r\n	sadf</p>\r\n', '', '', '1', 1, '2016-07-14 18:17:26', 0, '0000-00-00 00:00:00'),
(123, 0, 1, NULL, 'opp', 'bigyapan_510_1468499551.jpg', 'None', 0, 0, '', '0', '<p>\r\n	sadf</p>\r\n', '', '', '1', 1, '2016-07-14 18:17:31', 0, '0000-00-00 00:00:00'),
(124, 0, 1, NULL, 'opp', 'bigyapan_277_1468499559.jpg', 'None', 0, 0, '', '0', '<p>\r\n	sadf</p>\r\n', '', '', '1', 1, '2016-07-14 18:17:39', 0, '0000-00-00 00:00:00'),
(125, 0, 1, NULL, 'opp', 'bigyapan_313_1468499581.jpg', 'None', 0, 0, '', '0', '<p>\r\n	sadf</p>\r\n', '', '', '1', 1, '2016-07-14 18:18:01', 0, '0000-00-00 00:00:00'),
(126, 0, 1, NULL, '9', 'bigyapan_179_1468499680.jpg', 'None', 0, 0, '', '0', '<p>\r\n	asdf</p>\r\n', '', '', '1', 1, '2016-07-14 18:19:40', 0, '0000-00-00 00:00:00'),
(127, 0, 1, NULL, '9', 'bigyapan_485_1468499728.jpg', 'None', 0, 0, '', '0', '<p>\r\n	asdf</p>\r\n', '', '', '1', 1, '2016-07-14 18:20:28', 0, '0000-00-00 00:00:00'),
(128, 0, 1, NULL, '9', 'bigyapan_400_1468499734.jpg', 'None', 0, 0, '', '0', '<p>\r\n	asdf</p>\r\n', '', '', '1', 1, '2016-07-14 18:20:34', 0, '0000-00-00 00:00:00'),
(129, 0, 3, NULL, 'trojon horse', 'bigyapan_183_1468907171.jpg', 'Product', 0, 515, '', 'new', '<p>\r\n	how are you again</p>\r\n', '', '', '1', 1, '2016-07-15 15:42:28', 1, '2016-07-19 11:31:11'),
(130, 0, 3, NULL, 'new bee wee', 'bigyapan_662_1468582645.jpg', 'Product', 0, 360, '', 'same', '<p>\r\n	asdf</p>\r\n', '', '', '1', 1, '2016-07-15 17:22:25', 0, '0000-00-00 00:00:00'),
(131, 0, 1, NULL, 'new ad', 'bigyapan_5_1468907119.jpg', 'None', 0, 0, '', '0', '<p>\r\n	asdf</p>\r\n', '', '', '1', 1, '2016-07-15 17:42:04', 1, '2016-07-19 11:30:19'),
(132, 0, 1, NULL, 'samsung', 'bigyapan_98_1468815327.jpg', 'None', 0, 0, '', '0', '<p>\r\n	add for samsung</p>\r\n', '', '', '1', 1, '2016-07-18 10:00:27', 0, '0000-00-00 00:00:00'),
(133, 0, 3, NULL, 'monday 18', 'bigyapan_595_1468843958.jpg', 'None', 0, 0, '', '0', '<p>\r\n	monday 18 ko late evening</p>\r\n', '', '', '1', 1, '2016-07-18 17:57:38', 0, '0000-00-00 00:00:00'),
(134, 0, 4, NULL, 'lg', 'bigyapan_652_1468899640.jpg', 'None', 0, 0, '', '0', '<p>\r\n	thi si s LG</p>\r\n', '', '', '1', 1, '2016-07-19 09:25:41', 0, '0000-00-00 00:00:00'),
(135, 10, 0, 6, 'again parrot', 'bigyapan_572_1468904123.jpg', 'Product', 0, 515, '', 'new', '<p>\r\n	asdf</p>\r\n', '2016-07-01', '2016-07-31', '1', 1, '2016-07-19 10:40:23', 1, '2016-07-19 10:43:57'),
(136, 10, 0, 8, 'umbrella', 'bigyapan_340_1468907724.jpg', 'Product', 0, 515, 'http://google.com', 'new', '<p>\r\n	umbrella</p>\r\n', '2016-07-01', '2016-07-31', '1', 1, '2016-07-19 11:40:24', 1, '2016-07-19 11:41:31'),
(137, 10, 0, 1, 'banner', 'bigyapan_411_1468907973.jpg', 'None', 0, 0, '', '0', '<p>\r\n	asdf</p>\r\n', '2016-07-01', '2016-07-31', '1', 1, '2016-07-19 11:44:33', 0, '0000-00-00 00:00:00'),
(138, 10, 0, 9, 'fifth', 'bigyapan_100_1468911489.jpg', 'Product', 0, 515, '', 'new', '<p>\r\n	hello five</p>\r\n', '2016-07-01', '2016-07-31', '1', 38, '2016-07-19 12:43:09', 0, '0000-00-00 00:00:00');

-- --------------------------------------------------------

--
-- Table structure for table `tbl_advertisement_position`
--

CREATE TABLE `tbl_advertisement_position` (
  `id` int(11) NOT NULL,
  `advertisement_position_name` varchar(255) NOT NULL,
  `advertisement_position_value` varchar(255) NOT NULL,
  `position` varchar(255) NOT NULL,
  `advertisement_size` varchar(255) NOT NULL,
  `status` enum('1','0') NOT NULL
) ENGINE=InnoDB DEFAULT CHARSET=utf8;

--
-- Dumping data for table `tbl_advertisement_position`
--

INSERT INTO `tbl_advertisement_position` (`id`, `advertisement_position_name`, `advertisement_position_value`, `position`, `advertisement_size`, `status`) VALUES
(1, 'Banner Position', 'banner_position', 'banner', '870X432', '1'),
(2, 'Right Top Position', 'right_top_position', 'right_top', '270X342', '1'),
(3, 'Right Center Position', 'right_center_position', 'right_center', '270X342', '1'),
(4, 'Right Bottom Position', 'right_bottom_position', 'right_bottom', '270X544', '1'),
(5, 'Center First Position', 'center_first_position', 'center', '340X203', '1'),
(6, 'Center Second Position', 'center_second_position', 'center', '340X203', '1'),
(7, 'Center Third Position', 'center_third_position', 'center', '340X203', '1'),
(8, 'Center Fourth Position', 'center_fourth_position', 'center', '340X203', '1'),
(9, 'Center Fifth Positon', 'center_fifth_position', 'center', '340X203', '1'),
(10, 'Center Sixth Position', 'center_sixth_position', 'center', '340X203', '1');

-- --------------------------------------------------------

--
-- Table structure for table `tbl_advertisement_price`
--

CREATE TABLE `tbl_advertisement_price` (
  `id` int(11) NOT NULL,
  `site_id` int(11) NOT NULL,
  `ad_position_id` int(11) NOT NULL,
  `price` decimal(10,2) NOT NULL,
  `created_at` timestamp NOT NULL DEFAULT CURRENT_TIMESTAMP,
  `created_by` int(11) NOT NULL,
  `updated_at` datetime NOT NULL,
  `updated_by` int(11) NOT NULL
) ENGINE=InnoDB DEFAULT CHARSET=latin1;

--
-- Dumping data for table `tbl_advertisement_price`
--

INSERT INTO `tbl_advertisement_price` (`id`, `site_id`, `ad_position_id`, `price`, `created_at`, `created_by`, `updated_at`, `updated_by`) VALUES
(1, 3, 1, '45.88', '2016-07-14 10:16:09', 1, '2016-07-14 16:21:11', 1),
(2, 3, 5, '45.00', '2016-07-14 10:16:09', 1, '2016-07-14 16:21:11', 1),
(3, 3, 6, '12.99', '2016-07-14 10:16:09', 1, '2016-07-14 16:21:11', 1),
(4, 3, 7, '78.99', '2016-07-14 10:16:09', 1, '2016-07-14 16:21:11', 1),
(5, 3, 8, '21.00', '2016-07-14 10:16:09', 1, '2016-07-14 16:21:11', 1),
(6, 3, 9, '45.00', '2016-07-14 10:16:09', 1, '2016-07-14 16:21:11', 1),
(7, 3, 10, '6.00', '2016-07-14 10:16:09', 1, '2016-07-14 16:21:11', 1),
(8, 17, 1, '99.00', '2016-07-14 10:35:14', 1, '2016-07-14 16:20:59', 1),
(9, 17, 5, '898.00', '2016-07-14 10:35:14', 1, '2016-07-14 16:20:59', 1),
(10, 17, 6, '98.00', '2016-07-14 10:35:14', 1, '2016-07-14 16:20:59', 1),
(11, 17, 7, '98.00', '2016-07-14 10:35:14', 1, '2016-07-14 16:20:59', 1),
(12, 17, 8, '9898.00', '2016-07-14 10:35:14', 1, '2016-07-14 16:21:00', 1),
(13, 17, 9, '89.00', '2016-07-14 10:35:14', 1, '2016-07-14 16:21:00', 1),
(14, 17, 10, '87.00', '2016-07-14 10:35:14', 1, '2016-07-14 16:21:00', 1),
(15, 10, 1, '2.00', '2016-07-14 10:39:54', 35, '2016-07-15 17:40:20', 1),
(16, 10, 5, '12.00', '2016-07-14 10:39:54', 35, '2016-07-15 17:40:20', 1),
(17, 10, 6, '4.00', '2016-07-14 10:39:54', 35, '2016-07-15 17:40:20', 1),
(18, 10, 7, '5.00', '2016-07-14 10:39:54', 35, '2016-07-15 17:40:20', 1),
(19, 10, 8, '6.00', '2016-07-14 10:39:54', 35, '2016-07-15 17:40:20', 1),
(20, 10, 9, '7.00', '2016-07-14 10:39:54', 35, '2016-07-15 17:40:20', 1),
(21, 10, 10, '8.00', '2016-07-14 10:39:54', 35, '2016-07-15 17:40:21', 1),
(22, 1, 1, '10.00', '2016-07-18 04:11:33', 1, '0000-00-00 00:00:00', 0),
(23, 1, 2, '0.00', '2016-07-18 04:11:33', 1, '0000-00-00 00:00:00', 0),
(24, 1, 3, '0.00', '2016-07-18 04:11:33', 1, '0000-00-00 00:00:00', 0),
(25, 1, 4, '0.00', '2016-07-18 04:11:33', 1, '0000-00-00 00:00:00', 0),
(26, 1, 5, '0.00', '2016-07-18 04:11:33', 1, '0000-00-00 00:00:00', 0),
(27, 1, 6, '0.00', '2016-07-18 04:11:33', 1, '0000-00-00 00:00:00', 0),
(28, 1, 7, '0.00', '2016-07-18 04:11:33', 1, '0000-00-00 00:00:00', 0),
(29, 1, 8, '0.00', '2016-07-18 04:11:33', 1, '0000-00-00 00:00:00', 0),
(30, 1, 9, '0.00', '2016-07-18 04:11:33', 1, '0000-00-00 00:00:00', 0),
(31, 1, 10, '0.00', '2016-07-18 04:11:33', 1, '0000-00-00 00:00:00', 0),
(32, 10, 2, '2.00', '2016-07-19 03:57:39', 1, '0000-00-00 00:00:00', 0),
(33, 10, 3, '4.00', '2016-07-19 03:57:39', 1, '0000-00-00 00:00:00', 0),
(34, 10, 4, '5.00', '2016-07-19 03:57:39', 1, '0000-00-00 00:00:00', 0);

-- --------------------------------------------------------

--
-- Table structure for table `tbl_advertisement_provider`
--

CREATE TABLE `tbl_advertisement_provider` (
  `id` int(11) NOT NULL,
  `name` varchar(255) NOT NULL,
  `company` varchar(255) NOT NULL,
  `email` varchar(255) NOT NULL,
  `gender` varchar(10) NOT NULL,
  `contact` varchar(100) NOT NULL,
  `address` varchar(200) NOT NULL,
  `status` tinyint(3) UNSIGNED NOT NULL,
  `created_at` timestamp NOT NULL DEFAULT CURRENT_TIMESTAMP,
  `created_by` int(11) NOT NULL,
  `updated_at` datetime NOT NULL,
  `updated_by` int(11) NOT NULL
) ENGINE=InnoDB DEFAULT CHARSET=latin1;

--
-- Dumping data for table `tbl_advertisement_provider`
--

INSERT INTO `tbl_advertisement_provider` (`id`, `name`, `company`, `email`, `gender`, `contact`, `address`, `status`, `created_at`, `created_by`, `updated_at`, `updated_by`) VALUES
(1, 'bkesh', 'webcrafts', 'fireflies621@gmail.com', '', '9874', 'here', 1, '2016-07-14 08:16:12', 1, '2016-07-14 14:33:07', 1),
(3, 'rose', 'merry', 'rose@merry.com', '', '132465', '132645', 1, '2016-07-14 08:48:29', 1, '0000-00-00 00:00:00', 0),
(4, 'samsung', 'samsung', 'sam@sung.com', '', '132456', '123123', 1, '2016-07-19 03:38:14', 1, '0000-00-00 00:00:00', 0);

-- --------------------------------------------------------

--
-- Table structure for table `tbl_advertisement_session`
--

CREATE TABLE `tbl_advertisement_session` (
  `id` int(11) NOT NULL,
  `ad_id` int(11) NOT NULL,
  `site_id` int(11) NOT NULL,
  `position_id` int(11) NOT NULL,
  `provider_id` int(11) NOT NULL,
  `start_date` datetime NOT NULL,
  `end_date` datetime NOT NULL,
  `est_price` decimal(10,2) NOT NULL,
  `paid_price` decimal(10,2) NOT NULL,
  `discounted_price` decimal(10,2) NOT NULL,
  `payment_mode` varchar(255) NOT NULL,
  `payment_status` varchar(255) NOT NULL,
  `created_by` int(11) NOT NULL,
  `created_date` timestamp NOT NULL DEFAULT CURRENT_TIMESTAMP,
  `updated_date` datetime NOT NULL,
  `updated_by` int(11) NOT NULL
) ENGINE=InnoDB DEFAULT CHARSET=latin1;

--
-- Dumping data for table `tbl_advertisement_session`
--

INSERT INTO `tbl_advertisement_session` (`id`, `ad_id`, `site_id`, `position_id`, `provider_id`, `start_date`, `end_date`, `est_price`, `paid_price`, `discounted_price`, `payment_mode`, `payment_status`, `created_by`, `created_date`, `updated_date`, `updated_by`) VALUES
(1, 1, 2, 1, 1, '2016-07-15 00:00:00', '2016-07-22 00:00:00', '0.00', '0.00', '0.00', '', '', 0, '2016-07-15 08:54:01', '0000-00-00 00:00:00', 0),
(2, 1, 2, 1, 1, '2016-07-15 00:00:00', '2016-07-22 00:00:00', '0.00', '0.00', '0.00', '', '', 0, '2016-07-15 08:54:01', '0000-00-00 00:00:00', 0),
(3, 1, 21, 5, 1, '2016-07-13 00:00:00', '2016-07-15 00:00:00', '0.00', '0.00', '0.00', '', '', 0, '2016-07-15 08:54:01', '0000-00-00 00:00:00', 0),
(4, 1, 21, 5, 1, '2016-07-13 00:00:00', '2016-07-15 00:00:00', '0.00', '0.00', '0.00', '', '', 0, '2016-07-15 08:54:01', '0000-00-00 00:00:00', 0),
(5, 1, 21, 5, 1, '2016-07-13 00:00:00', '2016-07-15 00:00:00', '0.00', '0.00', '0.00', '', '', 0, '2016-07-15 08:54:01', '0000-00-00 00:00:00', 0),
(6, 1, 21, 5, 1, '2016-07-13 00:00:00', '2016-07-15 00:00:00', '0.00', '0.00', '0.00', '', '', 0, '2016-07-15 08:54:01', '0000-00-00 00:00:00', 0),
(7, 1, 21, 5, 1, '2016-07-13 00:00:00', '2016-07-15 00:00:00', '0.00', '0.00', '0.00', '', '', 0, '2016-07-15 08:54:01', '0000-00-00 00:00:00', 0),
(8, 128, 19, 1, 1, '2016-07-12 00:00:00', '2016-07-23 00:00:00', '0.00', '0.00', '0.00', '', '', 0, '2016-07-15 08:54:01', '0000-00-00 00:00:00', 0),
(9, 3, 4, 6, 1, '2016-07-15 00:00:00', '2016-07-23 00:00:00', '0.00', '0.00', '0.00', '', '', 1, '2016-07-15 09:02:19', '0000-00-00 00:00:00', 0),
(10, 117, 2, 5, 1, '2016-07-14 00:00:00', '2016-07-16 00:00:00', '0.00', '0.00', '0.00', '', '', 1, '2016-07-15 09:02:54', '0000-00-00 00:00:00', 0),
(11, 117, 6, 8, 1, '2016-07-07 00:00:00', '2016-07-23 00:00:00', '0.00', '0.00', '0.00', '', '', 1, '2016-07-15 09:03:50', '0000-00-00 00:00:00', 0),
(12, 117, 10, 5, 1, '2016-07-13 00:00:00', '2016-07-16 00:00:00', '234.00', '0.00', '0.00', '', '', 1, '2016-07-15 09:06:30', '0000-00-00 00:00:00', 0),
(13, 117, 10, 5, 1, '2016-07-13 00:00:00', '2016-07-16 00:00:00', '234.00', '0.00', '0.00', '', '', 1, '2016-07-15 09:06:44', '0000-00-00 00:00:00', 0),
(14, 117, 10, 10, 1, '2016-07-14 00:00:00', '2016-07-23 00:00:00', '702.00', '0.00', '0.00', '', '', 1, '2016-07-15 09:07:20', '2016-07-15 15:16:01', 1),
(15, 129, 10, 10, 3, '2016-07-13 00:00:00', '2016-07-30 00:00:00', '136.00', '800.00', '0.00', '', '', 0, '2016-07-15 09:57:28', '2016-07-18 15:39:46', 1),
(16, 130, 10, 7, 3, '2016-07-01 00:00:00', '2016-07-31 00:00:00', '150.00', '8.00', '0.00', '', '', 0, '2016-07-15 11:37:25', '2016-07-18 14:50:37', 1),
(17, 131, 10, 6, 1, '2016-07-14 00:00:00', '2016-07-23 00:00:00', '8.00', '5.00', '0.00', '', '', 0, '2016-07-15 11:57:04', '2016-07-15 17:42:50', 1),
(18, 131, 1, 4, 1, '2016-07-07 00:00:00', '2016-07-16 00:00:00', '0.00', '0.00', '0.00', '', '', 1, '2016-07-15 11:58:16', '0000-00-00 00:00:00', 0),
(19, 132, 10, 9, 1, '2016-07-19 00:00:00', '2016-07-23 00:00:00', '28.00', '20.00', '0.00', '', '', 0, '2016-07-18 04:15:27', '0000-00-00 00:00:00', 0),
(20, 132, 3, 5, 1, '2016-07-18 00:00:00', '2016-07-19 00:00:00', '45.00', '40.00', '0.00', '', '', 1, '2016-07-18 04:16:31', '0000-00-00 00:00:00', 0),
(21, 129, 10, 10, 3, '2016-07-01 00:00:00', '2016-07-31 00:00:00', '0.00', '0.00', '0.00', '', '', 1, '2016-07-18 10:36:23', '0000-00-00 00:00:00', 0),
(22, 129, 10, 10, 3, '2016-07-01 00:00:00', '2016-07-31 00:00:00', '0.00', '0.00', '0.00', '', '', 1, '2016-07-18 10:43:51', '0000-00-00 00:00:00', 0),
(23, 129, 10, 3, 3, '2016-07-01 00:00:00', '2016-07-31 00:00:00', '0.00', '0.00', '0.00', '', '', 1, '2016-07-18 11:10:23', '0000-00-00 00:00:00', 0),
(24, 129, 10, 2, 3, '2016-07-01 00:00:00', '2016-07-31 00:00:00', '0.00', '0.00', '0.00', '', '', 1, '2016-07-18 11:11:58', '2016-07-18 17:03:28', 1),
(25, 134, 10, 4, 4, '2016-07-18 00:00:00', '2016-07-31 00:00:00', '0.00', '0.00', '0.00', '', '', 0, '2016-07-19 03:40:41', '0000-00-00 00:00:00', 0),
(26, 134, 3, 4, 4, '2016-07-20 00:00:00', '2016-07-31 00:00:00', '0.00', '0.00', '0.00', '', '', 1, '2016-07-19 03:41:27', '0000-00-00 00:00:00', 0);

-- --------------------------------------------------------

--
-- Table structure for table `tbl_categories`
--

CREATE TABLE `tbl_categories` (
  `id` int(11) NOT NULL,
  `category_name` varchar(800) NOT NULL,
  `category_alias` varchar(800) NOT NULL,
  `parent_category` int(11) NOT NULL,
  `status` enum('1','0') NOT NULL,
  `is_default` enum('yes','no') NOT NULL DEFAULT 'no',
  `created_by` int(11) NOT NULL,
  `created_date` datetime NOT NULL,
  `updated_by` int(11) NOT NULL,
  `updated_date` datetime NOT NULL
) ENGINE=InnoDB DEFAULT CHARSET=utf8;

--
-- Dumping data for table `tbl_categories`
--

INSERT INTO `tbl_categories` (`id`, `category_name`, `category_alias`, `parent_category`, `status`, `is_default`, `created_by`, `created_date`, `updated_by`, `updated_date`) VALUES
(1, 'Uncategorized', 'uncategorized', 0, '1', 'no', 1, '2015-06-29 15:13:29', 0, '0000-00-00 00:00:00'),
(2, 'Footer Content', 'footer-content', 0, '1', 'no', 1, '2015-06-30 11:36:49', 0, '0000-00-00 00:00:00');

-- --------------------------------------------------------

--
-- Table structure for table `tbl_checkout`
--

CREATE TABLE `tbl_checkout` (
  `id` int(11) NOT NULL,
  `user_id` bigint(20) NOT NULL,
  `site_id` int(11) NOT NULL,
  `ent_id` int(11) NOT NULL,
  `first_name` varchar(100) NOT NULL,
  `middle_name` varchar(50) NOT NULL,
  `last_name` varchar(100) NOT NULL,
  `email` varchar(100) NOT NULL,
  `address` varchar(200) NOT NULL,
  `company` varchar(200) NOT NULL,
  `phone` varchar(200) NOT NULL,
  `town` varchar(200) NOT NULL,
  `state` varchar(200) NOT NULL,
  `postcode` varchar(20) NOT NULL,
  `country` varchar(200) NOT NULL,
  `same_address` int(11) NOT NULL,
  `s_first_name` varchar(50) NOT NULL,
  `s_middle_name` varchar(50) NOT NULL,
  `s_last_name` varchar(50) NOT NULL,
  `s_email` varchar(200) NOT NULL,
  `s_company` varchar(200) NOT NULL,
  `s_address` varchar(200) NOT NULL,
  `s_phone` varchar(200) NOT NULL,
  `s_town` varchar(200) NOT NULL,
  `s_state` varchar(200) NOT NULL,
  `s_country` varchar(200) NOT NULL,
  `s_postcode` text NOT NULL,
  `comments` text NOT NULL,
  `shipping_cost` decimal(10,2) NOT NULL,
  `shipping_method` varchar(200) NOT NULL,
  `payment_method` varchar(200) NOT NULL,
  `bank_name` text NOT NULL,
  `creditcard_num` varchar(200) NOT NULL,
  `creditcard_exp` varchar(200) NOT NULL,
  `creditcard_verify` varchar(200) NOT NULL,
  `tax` decimal(10,2) NOT NULL,
  `order_sub_total_price` decimal(10,2) NOT NULL,
  `order_total_price` decimal(10,2) NOT NULL,
  `txn_id` varchar(220) NOT NULL,
  `created_at` timestamp NOT NULL DEFAULT CURRENT_TIMESTAMP,
  `updated_at` datetime NOT NULL,
  `new_entry` int(1) NOT NULL DEFAULT '1',
  `status` enum('UNPAID','PENDING','SUCCESS','EXPIRED','SHIPPED','DELIVERED','CANCELLED') NOT NULL,
  `ip_address` varchar(100) NOT NULL
) ENGINE=InnoDB DEFAULT CHARSET=latin1;

--
-- Dumping data for table `tbl_checkout`
--

INSERT INTO `tbl_checkout` (`id`, `user_id`, `site_id`, `ent_id`, `first_name`, `middle_name`, `last_name`, `email`, `address`, `company`, `phone`, `town`, `state`, `postcode`, `country`, `same_address`, `s_first_name`, `s_middle_name`, `s_last_name`, `s_email`, `s_company`, `s_address`, `s_phone`, `s_town`, `s_state`, `s_country`, `s_postcode`, `comments`, `shipping_cost`, `shipping_method`, `payment_method`, `bank_name`, `creditcard_num`, `creditcard_exp`, `creditcard_verify`, `tax`, `order_sub_total_price`, `order_total_price`, `txn_id`, `created_at`, `updated_at`, `new_entry`, `status`, `ip_address`) VALUES
(1, 0, 1, 0, 'swapnil', 'chandra', 'maharjan', 'limited_sky710@yahoo.coms', 'Nepal', 'spnl', '9841721181', '', '', '', 'Nepal', 1, '', '', '', '', '', '', '', '', '', '', '', 'asdf', '0.00', '', 'paypal', '', '', '', '', '52.00', '0.00', '52.00', '', '2016-07-21 10:30:40', '2016-07-22 16:07:49', 0, 'CANCELLED', '127.0.0.1'),
(2, 0, 1, 0, 'swapnil', 'chandra', 'maharjan', 'limited_sky710@yahoo.coms', 'Nepal', 'spnl', '9841721181', '', '', '', 'Nepal', 1, '', '', '', '', '', '', '', '', '', '', '', 'asdf', '0.00', '', 'paypal', '', '', '', '', '52.00', '0.00', '52.00', '', '2016-07-21 10:33:42', '0000-00-00 00:00:00', 0, 'PENDING', '127.0.0.1'),
(3, 0, 1, 0, 'swapnil', 'chandra', 'maharjan', 'limited_sky710@yahoo.coms', 'Nepal', 'spnl', '9841721181', '', '', '', 'Nepal', 1, '', '', '', '', '', '', '', '', '', '', '', 'asdf', '0.00', '', 'paypal', '', '', '', '', '1654.00', '16540.00', '18194.00', '', '2016-07-21 10:39:08', '2016-07-22 16:07:21', 1, 'CANCELLED', '127.0.0.1'),
(4, 0, 1, 0, 'swapnil', 'chandra', 'maharjan', 'limited_sky710@yahoo.coms', 'Nepal', 'spnl', '9841721181', '', '', '', 'Nepal', 1, '', '', '', '', '', '', '', '', '', '', '', 'asdf', '0.00', '', 'paypal', '', '', '', '', '1654.00', '16540.00', '18194.00', '', '2016-07-21 10:39:45', '0000-00-00 00:00:00', 1, 'PENDING', '127.0.0.1'),
(5, 0, 1, 0, 'swapnil', 'chandra', 'maharjan', 'limited_sky710@yahoo.coms', 'Nepal', 'spnl', '9841721181', '', '', '', 'Nepal', 1, '', '', '', '', '', '', '', '', '', '', '', 'asdf', '0.00', '', 'paypal', '', '', '', '', '1654.00', '16540.00', '18194.00', '', '2016-07-21 10:39:50', '2016-07-22 16:07:20', 1, 'DELIVERED', '127.0.0.1'),
(6, 0, 1, 0, 'swapnil', 'chandra', 'maharjan', 'limited_sky710@yahoo.coms', 'Nepal', 'spnl', '9841721181', '', '', '', 'Nepal', 1, '', '', '', '', '', '', '', '', '', '', '', 'asdf', '0.00', '', 'paypal', '', '', '', '', '1654.00', '16540.00', '18194.00', '', '2016-07-21 10:40:21', '0000-00-00 00:00:00', 1, 'PENDING', '127.0.0.1'),
(7, 0, 1, 0, 'swapnil', 'chandra', 'maharjan', 'limited_sky710@yahoo.coms', 'Nepal', 'spnl', '9841721181', '', '', '', 'Nepal', 1, '', '', '', '', '', '', '', '', '', '', '', 'asdf', '0.00', '', 'paypal', '', '', '', '', '1654.00', '16540.00', '18194.00', '', '2016-07-21 10:42:51', '2016-07-22 16:07:18', 1, 'SHIPPED', '127.0.0.1'),
(8, 0, 1, 0, 'swapnil', 'chandra', 'maharjan', 'limited_sky710@yahoo.coms', 'Nepal', 'spnl', '9841721181', '', '', '', 'Nepal', 1, '', '', '', '', '', '', '', '', '', '', '', 'another one long time no see', '0.00', '', 'paypal', '', '', '', '', '1654.00', '16540.00', '18194.00', '', '2016-07-21 12:18:30', '0000-00-00 00:00:00', 1, 'PENDING', '127.0.0.1'),
(9, 0, 1, 0, 'swapnil', 'chandra', 'maharjan', 'limited_sky710@yahoo.coms', 'Nepal', 'spnl', '9841721181', '', '', '', 'Nepal', 1, '', '', '', '', '', '', '', '', '', '', '', 'again byb', '0.00', '', 'paypal', '', '', '', '', '1654.00', '16540.00', '18194.00', '', '2016-07-21 12:20:22', '2016-07-22 16:07:09', 1, 'SHIPPED', '127.0.0.1'),
(10, 0, 1, 0, 'swapnil', 'chandra', 'maharjan', 'limited_sky710@yahoo.coms', 'Nepal', 'spnl', '9841721181', '', '', '', 'Nepal', 1, '', '', '', '', '', '', '', '', '', '', '', 'dsf', '0.00', '', 'paypal', '', '', '', '', '2.00', '20.00', '22.00', '', '2016-07-21 12:24:07', '2016-07-22 16:07:15', 1, 'DELIVERED', '127.0.0.1'),
(11, 0, 1, 0, 'swapnil', 'chandra', 'maharjan', 'limited_sky710@yahoo.coms', 'Nepal', 'spnl', '9841721181', '', '', '', 'Nepal', 1, '', '', '', '', '', '', '', '', '', '', '', 'fine', '0.00', '', 'paypal', '', '', '', '', '2.00', '20.00', '22.00', '', '2016-07-21 12:32:47', '2016-07-22 16:07:03', 1, 'SHIPPED', '127.0.0.1'),
(12, 5, 10, 14, 'Swapnil', '', 'Maharjan', 'limited_sky710@yahoo.com', 'Nepal', 'spnl', '9841721181', '', '', '', 'Nepal', 1, '', '', '', '', '', '', '', '', '', '', '', 'helo bouy', '0.00', '', 'paypal', '', '', '', '', '22.50', '225.00', '247.50', '', '2016-07-22 04:05:52', '2016-07-22 18:07:29', 0, 'PENDING', '127.0.0.1'),
(13, 5, 1, 0, 'Swapnil', '', 'Maharjan', 'limited_sky710@yahoo.com', 'Nepal', 'spnl', '9841721181', '', '', '', 'Nepal', 1, '', '', '', '', '', '', '', '', '', '', '', '', '0.00', '', 'cod', '', '', '', '', '50.00', '500.00', '550.00', '', '2016-07-22 04:30:13', '2016-07-22 18:07:50', 0, 'SUCCESS', '127.0.0.1'),
(14, 5, 10, 14, 'Swapnils', '', 'Maharjan', 'limited_sky710@yahoo.com', 'Nepal', 'spnl', '9841721181', '', '', '', 'Nepal', 1, '', '', '', '', '', '', '', '', '', '', '', 'hello this is my last order', '0.00', '', 'paypal', '', '', '', '', '37.50', '375.00', '412.50', '', '2016-07-26 06:21:45', '0000-00-00 00:00:00', 1, 'PENDING', '127.0.0.1'),
(15, 5, 10, 14, 'Swapnils', '', 'Maharjan', 'limited_sky710@yahoo.com', 'Nepal', 'spnl', '9841721181', '', '', '', 'Nepal', 1, '', '', '', '', '', '', '', '', '', '', '', '', '0.00', '', 'paypal', '', '', '', '', '7.50', '75.00', '82.50', '', '2016-09-21 10:08:59', '0000-00-00 00:00:00', 1, 'PENDING', '127.0.0.1'),
(16, 5, 10, 14, 'bkesh', '', 'Maharjan', 'limited_sky710@yahoo.com', 'Nepal', 'spnl', '9841721181', '', '', '', 'Nepal', 1, '', '', '', '', '', '', '', '', '', '', '', '', '0.00', '', 'paypal', '', '', '', '', '7.50', '75.00', '82.50', '', '2016-09-22 03:50:07', '0000-00-00 00:00:00', 1, 'PENDING', '127.0.0.1');

-- --------------------------------------------------------

--
-- Table structure for table `tbl_ci_sessions`
--

CREATE TABLE `tbl_ci_sessions` (
  `session_id` varchar(40) NOT NULL DEFAULT '0',
  `ip_address` varchar(45) NOT NULL DEFAULT '0',
  `user_agent` varchar(120) NOT NULL,
  `last_activity` int(10) UNSIGNED NOT NULL DEFAULT '0',
  `user_data` text NOT NULL
) ENGINE=InnoDB DEFAULT CHARSET=utf8;

--
-- Dumping data for table `tbl_ci_sessions`
--

INSERT INTO `tbl_ci_sessions` (`session_id`, `ip_address`, `user_agent`, `last_activity`, `user_data`) VALUES
('005074e2f73afd46ba13a548acf54e6e', '::1', 'Mozilla/5.0 (Windows NT 10.0; Win64; x64; rv:48.0) Gecko/20100101 Firefox/48.0', 1474373304, ''),
('017003354e46c84378803b412d661855', '::1', 'Mozilla/5.0 (Windows NT 10.0; Win64; x64) AppleWebKit/537.36 (KHTML, like Gecko) Chrome/53.0.2785.116 Safari/537.36', 1474448300, ''),
('01b0d8a9abd6e9941980593545549341', '127.0.0.1', 'Mozilla/5.0 (Windows NT 10.0; Win64; x64) AppleWebKit/537.36 (KHTML, like Gecko) Chrome/51.0.2704.103 Safari/537.36', 1468991683, ''),
('0200d9c941668991b56684bc57cacc02', '::1', 'Mozilla/5.0 (Windows NT 10.0; Win64; x64) AppleWebKit/537.36 (KHTML, like Gecko) Chrome/53.0.2785.116 Safari/537.36', 1474446584, ''),
('028366fc1e8a2fef56e66508c92409fe', '127.0.0.1', 'Mozilla/5.0 (Windows NT 10.0; Win64; x64) AppleWebKit/537.36 (KHTML, like Gecko) Chrome/51.0.2704.103 Safari/537.36', 1468991746, ''),
('05b4af645f10dbc70b0e7dbe45ee6f9e', '127.0.0.1', 'Mozilla/5.0 (Windows NT 10.0; Win64; x64) AppleWebKit/537.36 (KHTML, like Gecko) Chrome/51.0.2704.103 Safari/537.36', 1468990634, ''),
('0622077a3751a02a817b94510f00ea8d', '::1', 'Mozilla/5.0 (Windows NT 10.0; Win64; x64; rv:48.0) Gecko/20100101 Firefox/48.0', 1474373214, ''),
('069b5cd196f7cd547a1307641dc1c71e', '127.0.0.1', '0', 1469191522, ''),
('06f7fc47ce05e804c89233c852c1db7f', '::1', 'Mozilla/5.0 (Windows NT 10.0; Win64; x64; rv:48.0) Gecko/20100101 Firefox/48.0', 1474373005, ''),
('085ae27cce6160150613e9280e28b55d', '127.0.0.1', 'Mozilla/5.0 (Windows NT 10.0; Win64; x64) AppleWebKit/537.36 (KHTML, like Gecko) Chrome/51.0.2704.103 Safari/537.36', 1468991793, ''),
('08f01679112fd6f54fc4c88fd9e9b94e', '127.0.0.1', 'Mozilla/5.0 (Windows NT 10.0; Win64; x64) AppleWebKit/537.36 (KHTML, like Gecko) Chrome/51.0.2704.103 Safari/537.36', 1468990522, ''),
('08f4c45cd8b534beace74a3ba45fb2fe', '127.0.0.1', '0', 1469191295, ''),
('09afdcff1e8076ec261f6789c33e62f1', '127.0.0.1', 'Mozilla/5.0 (Windows NT 10.0; Win64; x64) AppleWebKit/537.36 (KHTML, like Gecko) Chrome/51.0.2704.103 Safari/537.36', 1468991765, ''),
('09c0a23778a52193c928a5cf8a857d12', '::1', 'Mozilla/5.0 (Windows NT 10.0; Win64; x64) AppleWebKit/537.36 (KHTML, like Gecko) Chrome/53.0.2785.116 Safari/537.36', 1474446776, ''),
('09d0a1d75d1134e8e5cf9e0dd3ab01cc', '127.0.0.1', 'Mozilla/5.0 (Windows NT 10.0; Win64; x64) AppleWebKit/537.36 (KHTML, like Gecko) Chrome/51.0.2704.103 Safari/537.36', 1468990447, ''),
('0a8090c2733567586238112649abce47', '127.0.0.1', 'Mozilla/5.0 (Windows NT 10.0; Win64; x64) AppleWebKit/537.36 (KHTML, like Gecko) Chrome/53.0.2785.116 Safari/537.36', 1474471929, 'a:2:{s:9:"user_data";s:0:"";s:13:"cart_contents";a:3:{s:32:"d67d8ab4f4c10bf22aa353e27879133c";a:7:{s:5:"rowid";s:32:"d67d8ab4f4c10bf22aa353e27879133c";s:2:"id";s:2:"39";s:3:"qty";s:1:"1";s:5:"price";s:5:"75.00";s:4:"name";s:11:"Honey 1000g";s:6:"option";a:3:{s:5:"image";s:27:"products_324_1449644210.jpg";s:3:"ent";s:2:"14";s:4:"site";s:2:"10";}s:8:"subtotal";d:75;}s:11:"total_items";i:1;s:10:"cart_total";d:75;}}'),
('0aae7eaa53804b88875c4cff850e687d', '127.0.0.1', 'Mozilla/5.0 (Windows NT 10.0; Win64; x64) AppleWebKit/537.36 (KHTML, like Gecko) Chrome/51.0.2704.103 Safari/537.36', 1468989100, 'a:2:{s:9:"user_data";s:0:"";s:12:"user_profile";O:8:"stdClass":11:{s:2:"id";s:1:"5";s:8:"username";s:1:"-";s:5:"email";s:25:"limited_sky710@yahoo.coms";s:8:"password";s:32:"1f3870be274f6c49b3e31a0c6728957f";s:10:"ip_address";N;s:6:"status";s:1:"1";s:15:"activation_code";N;s:23:"forgotten_password_code";s:0:"";s:10:"created_at";s:19:"2016-07-19 16:30:05";s:10:"created_by";s:1:"0";s:13:"remember_code";N;}}'),
('0b368d131a6a4e2df12e50a4273c738a', '::1', 'Mozilla/5.0 (Windows NT 10.0; Win64; x64) AppleWebKit/537.36 (KHTML, like Gecko) Chrome/53.0.2785.116 Safari/537.36', 1474446584, ''),
('0b50fca540ec5eaf12a155fe05d4ffdc', '::1', 'Mozilla/5.0 (Windows NT 10.0; Win64; x64) AppleWebKit/537.36 (KHTML, like Gecko) Chrome/53.0.2785.116 Safari/537.36', 1474446776, ''),
('0b5d750eea2b994eb7d6df865bcc58a0', '127.0.0.1', 'Mozilla/5.0 (Windows NT 10.0; Win64; x64) AppleWebKit/537.36 (KHTML, like Gecko) Chrome/51.0.2704.103 Safari/537.36', 1468991781, ''),
('0d436e023bbaf235f005c7d70234af34', '127.0.0.1', 'Mozilla/5.0 (Windows NT 10.0; Win64; x64) AppleWebKit/537.36 (KHTML, like Gecko) Chrome/51.0.2704.103 Safari/537.36', 1468991855, ''),
('0df9979fb537d1e29115433793134bd1', '::1', 'Mozilla/5.0 (Windows NT 10.0; Win64; x64; rv:48.0) Gecko/20100101 Firefox/48.0', 1474373033, ''),
('0e5415ae15c837bb860dac918f636667', '127.0.0.1', 'Mozilla/5.0 (Windows NT 10.0; Win64; x64) AppleWebKit/537.36 (KHTML, like Gecko) Chrome/51.0.2704.103 Safari/537.36', 1468991855, ''),
('0ed3222c075cc31a2837159dab138617', '::1', 'Mozilla/5.0 (Windows NT 10.0; Win64; x64; rv:48.0) Gecko/20100101 Firefox/48.0', 1474373110, ''),
('1057b856ab7b599887e3941a386cf768', '127.0.0.1', 'Mozilla/5.0 (Windows NT 10.0; Win64; x64) AppleWebKit/537.36 (KHTML, like Gecko) Chrome/51.0.2704.103 Safari/537.36', 1468991824, ''),
('108753e4a2dbac1adfffd2d9776abee7', '::1', 'Mozilla/5.0 (Windows NT 10.0; Win64; x64; rv:48.0) Gecko/20100101 Firefox/48.0', 1474373033, ''),
('11084d789fcaa473098b8aa9337428e6', '127.0.0.1', 'Mozilla/5.0 (Windows NT 10.0; Win64; x64) AppleWebKit/537.36 (KHTML, like Gecko) Chrome/51.0.2704.103 Safari/537.36', 1468991867, ''),
('12c679efe9ece5da3025895e5eb815ae', '127.0.0.1', 'Mozilla/5.0 (Windows NT 10.0; Win64; x64) AppleWebKit/537.36 (KHTML, like Gecko) Chrome/51.0.2704.103 Safari/537.36', 1468990557, ''),
('1967cf4aa95c41a8eb54de01cd9518bf', '::1', 'Mozilla/5.0 (Windows NT 10.0; Win64; x64) AppleWebKit/537.36 (KHTML, like Gecko) Chrome/53.0.2785.116 Safari/537.36', 1474446994, ''),
('1a0c0216869b45d0e94c96beb6dd9328', '::1', 'Mozilla/5.0 (Windows NT 10.0; Win64; x64; rv:48.0) Gecko/20100101 Firefox/48.0', 1474373127, ''),
('1a0f63a8a201bd57c03851a096b711af', '127.0.0.1', 'Mozilla/5.0 (Windows NT 10.0; Win64; x64) AppleWebKit/537.36 (KHTML, like Gecko) Chrome/51.0.2704.103 Safari/537.36', 1468991688, ''),
('1aecf20c281ac62af93ceafbfff27e72', '::1', 'Mozilla/5.0 (Windows NT 10.0; Win64; x64) AppleWebKit/537.36 (KHTML, like Gecko) Chrome/53.0.2785.116 Safari/537.36', 1474446774, ''),
('1b5ad1a3df83f82c8b979edd88526d3e', '::1', 'Mozilla/5.0 (Windows NT 10.0; Win64; x64; rv:48.0) Gecko/20100101 Firefox/48.0', 1474373215, ''),
('1d07c4ab11742de7e6cf0503a10c2921', '127.0.0.1', '0', 1469191202, ''),
('1d4372e530f5b7e314c83b83fb11654c', '127.0.0.1', '0', 1469191140, ''),
('1deb6ace90ba08904c428fbe144a01e2', '127.0.0.1', 'Mozilla/5.0 (Windows NT 10.0; Win64; x64) AppleWebKit/537.36 (KHTML, like Gecko) Chrome/51.0.2704.103 Safari/537.36', 1468991688, ''),
('1e74d21b1a9748240660c536c669d488', '127.0.0.1', 'Mozilla/5.0 (Windows NT 10.0; Win64; x64) AppleWebKit/537.36 (KHTML, like Gecko) Chrome/51.0.2704.103 Safari/537.36', 1468990447, ''),
('20f6fb83b024396ca25ca378dab82eca', '127.0.0.1', 'Mozilla/5.0 (Windows NT 10.0; Win64; x64) AppleWebKit/537.36 (KHTML, like Gecko) Chrome/51.0.2704.103 Safari/537.36', 1468992997, ''),
('21004e324f0533a4fc60f9b51a8d7769', '127.0.0.1', 'Mozilla/5.0 (Windows NT 10.0; Win64; x64) AppleWebKit/537.36 (KHTML, like Gecko) Chrome/51.0.2704.103 Safari/537.36', 1468991694, ''),
('2141f41db47035c7bb46a5dcd6e7366f', '::1', 'Mozilla/5.0 (Windows NT 10.0; Win64; x64) AppleWebKit/537.36 (KHTML, like Gecko) Chrome/53.0.2785.116 Safari/537.36', 1474451452, ''),
('2155b540b1ff611e5774296b75482f4b', '127.0.0.1', 'Mozilla/5.0 (Windows NT 10.0; Win64; x64) AppleWebKit/537.36 (KHTML, like Gecko) Chrome/51.0.2704.103 Safari/537.36', 1468991695, ''),
('24ee41dd9fa3daa2e1312f8fc5990b04', '127.0.0.1', 'Mozilla/5.0 (Windows NT 10.0; Win64; x64) AppleWebKit/537.36 (KHTML, like Gecko) Chrome/51.0.2704.103 Safari/537.36', 1468990447, ''),
('269bd71f7fb6937fa1e58d88ab6e2baf', '127.0.0.1', 'Mozilla/5.0 (Windows NT 10.0; Win64; x64) AppleWebKit/537.36 (KHTML, like Gecko) Chrome/51.0.2704.103 Safari/537.36', 1468991682, ''),
('272b9cab264b5e3f3d19517bbe2f4e58', '127.0.0.1', 'Mozilla/5.0 (Windows NT 10.0; Win64; x64) AppleWebKit/537.36 (KHTML, like Gecko) Chrome/51.0.2704.103 Safari/537.36', 1468991688, ''),
('28ad22e36fbbbf0049f6efb38e80a509', '127.0.0.1', 'Mozilla/5.0 (Windows NT 10.0; Win64; x64) AppleWebKit/537.36 (KHTML, like Gecko) Chrome/51.0.2704.103 Safari/537.36', 1468990557, ''),
('28aecec08dbbcabf0faf3afd88a68092', '127.0.0.1', 'Mozilla/5.0 (Windows NT 10.0; Win64; x64) AppleWebKit/537.36 (KHTML, like Gecko) Chrome/51.0.2704.103 Safari/537.36', 1468990557, ''),
('2915257e7d64b738cfa10473d99bba26', '127.0.0.1', 'Mozilla/5.0 (Windows NT 10.0; Win64; x64) AppleWebKit/537.36 (KHTML, like Gecko) Chrome/51.0.2704.103 Safari/537.36', 1468990447, ''),
('2ac1341b4a9dd9e94a30dba2edb97b01', '127.0.0.1', 'Mozilla/5.0 (Windows NT 10.0; Win64; x64) AppleWebKit/537.36 (KHTML, like Gecko) Chrome/51.0.2704.103 Safari/537.36', 1468990522, ''),
('2b537106124acc8e56e5ddede5ae5265', '::1', 'Mozilla/5.0 (Windows NT 10.0; Win64; x64) AppleWebKit/537.36 (KHTML, like Gecko) Chrome/53.0.2785.116 Safari/537.36', 1474447718, ''),
('2c5aaeebc4e6337e6ae875a9319bc8b6', '::1', 'Mozilla/5.0 (Windows NT 10.0; Win64; x64) AppleWebKit/537.36 (KHTML, like Gecko) Chrome/53.0.2785.116 Safari/537.36', 1474446776, ''),
('2c977ce753f2e2939c01f7531609133c', '::1', 'Mozilla/5.0 (Windows NT 10.0; Win64; x64) AppleWebKit/537.36 (KHTML, like Gecko) Chrome/53.0.2785.116 Safari/537.36', 1474446776, ''),
('2e0633eecdbde7d267f0e03502455ef5', '::1', 'Mozilla/5.0 (Windows NT 10.0; Win64; x64) AppleWebKit/537.36 (KHTML, like Gecko) Chrome/53.0.2785.116 Safari/537.36', 1474446776, ''),
('2e1b75f92d85dca9bf8af77f8acded5f', '127.0.0.1', 'Mozilla/5.0 (Windows NT 10.0; Win64; x64) AppleWebKit/537.36 (KHTML, like Gecko) Chrome/51.0.2704.103 Safari/537.36', 1468991687, ''),
('2e79855d45b02108f1e72a9241c9cb0b', '::1', 'Mozilla/5.0 (Windows NT 10.0; Win64; x64) AppleWebKit/537.36 (KHTML, like Gecko) Chrome/53.0.2785.116 Safari/537.36', 1474446776, ''),
('2e8a74f73d2ecf6907714e73e914a709', '127.0.0.1', 'Mozilla/5.0 (Windows NT 10.0; Win64; x64) AppleWebKit/537.36 (KHTML, like Gecko) Chrome/51.0.2704.103 Safari/537.36', 1468990445, ''),
('2ff07789211fa6ae33dc25af969af499', '127.0.0.1', 'Mozilla/5.0 (Windows NT 10.0; Win64; x64) AppleWebKit/537.36 (KHTML, like Gecko) Chrome/51.0.2704.103 Safari/537.36', 1468992997, ''),
('310665b9d0d087787df1ec9245278162', '127.0.0.1', 'Mozilla/5.0 (Windows NT 10.0; Win64; x64) AppleWebKit/537.36 (KHTML, like Gecko) Chrome/51.0.2704.103 Safari/537.36', 1468991695, ''),
('3137e703b82b8f440ac807986794cc10', '127.0.0.1', 'Mozilla/5.0 (Windows NT 10.0; Win64; x64) AppleWebKit/537.36 (KHTML, like Gecko) Chrome/51.0.2704.103 Safari/537.36', 1468993010, ''),
('332ed5f4316a17df39529c775d5c7eed', '127.0.0.1', 'Mozilla/5.0 (Windows NT 10.0; Win64; x64) AppleWebKit/537.36 (KHTML, like Gecko) Chrome/51.0.2704.103 Safari/537.36', 1468992997, ''),
('339c05d0e7323359b1f6accabfc51634', '::1', 'Mozilla/5.0 (Windows NT 10.0; Win64; x64) AppleWebKit/537.36 (KHTML, like Gecko) Chrome/51.0.2704.103 Safari/537.36', 1468989391, ''),
('33e22762a9e61c165752fb9947b5a628', '::1', 'Mozilla/5.0 (Windows NT 10.0; Win64; x64; rv:48.0) Gecko/20100101 Firefox/48.0', 1474373005, ''),
('34485ef2b82f329d0aa2965af1e4fc2d', '127.0.0.1', '0', 1469191377, ''),
('353f4cea87f8fc2f0daf352b7c69bdd4', '::1', 'Mozilla/5.0 (Windows NT 10.0; Win64; x64; rv:48.0) Gecko/20100101 Firefox/48.0', 1474373033, ''),
('35b196766af38a1b7f2446f3129b199e', '127.0.0.1', 'Mozilla/5.0 (Windows NT 10.0; Win64; x64) AppleWebKit/537.36 (KHTML, like Gecko) Chrome/51.0.2704.103 Safari/537.36', 1468991693, ''),
('3852d4d4ea06f5d8fe1a1f1ed15e4f58', '::1', 'Mozilla/5.0 (Windows NT 10.0; Win64; x64; rv:48.0) Gecko/20100101 Firefox/48.0', 1474373005, ''),
('395a4add9e3e3a21d24c623e72987bb2', '::1', 'Mozilla/5.0 (Windows NT 10.0; Win64; x64) AppleWebKit/537.36 (KHTML, like Gecko) Chrome/53.0.2785.116 Safari/537.36', 1474446993, ''),
('39de3ff1d01eb164816a724c35204462', '127.0.0.1', 'Mozilla/5.0 (Windows NT 10.0; Win64; x64) AppleWebKit/537.36 (KHTML, like Gecko) Chrome/51.0.2704.103 Safari/537.36', 1468990557, ''),
('3a7e772674ef0dfcdddbcc6954ab75bc', '::1', 'Mozilla/5.0 (Windows NT 10.0; Win64; x64) AppleWebKit/537.36 (KHTML, like Gecko) Chrome/53.0.2785.116 Safari/537.36', 1474447718, ''),
('3c1a3d66c24a6f92549ec1e58dfab62c', '127.0.0.1', 'Mozilla/5.0 (Windows NT 10.0; Win64; x64) AppleWebKit/537.36 (KHTML, like Gecko) Chrome/51.0.2704.103 Safari/537.36', 1468989411, 'a:1:{s:9:"user_data";s:0:"";}'),
('3cc774c4180ea4e41aa47d8ccdf96da4', '127.0.0.1', 'Mozilla/5.0 (Windows NT 10.0; Win64; x64) AppleWebKit/537.36 (KHTML, like Gecko) Chrome/51.0.2704.103 Safari/537.36', 1468990557, ''),
('3d2f9a9279c9ee9725afcc6fb65bdaec', '::1', 'Mozilla/5.0 (Windows NT 10.0; Win64; x64) AppleWebKit/537.36 (KHTML, like Gecko) Chrome/53.0.2785.116 Safari/537.36', 1474447729, ''),
('3d808e404a4e56090e704a83d35440af', '127.0.0.1', 'Mozilla/5.0 (Windows NT 10.0; Win64; x64) AppleWebKit/537.36 (KHTML, like Gecko) Chrome/51.0.2704.103 Safari/537.36', 1468990556, ''),
('3db7498c0f454b67a27cb0a6857018c3', '127.0.0.1', 'Mozilla/5.0 (Windows NT 10.0; Win64; x64) AppleWebKit/537.36 (KHTML, like Gecko) Chrome/51.0.2704.103 Safari/537.36', 1468991854, 'a:2:{s:9:"user_data";s:0:"";s:12:"user_profile";O:8:"stdClass":11:{s:2:"id";s:1:"5";s:8:"username";s:1:"-";s:5:"email";s:25:"limited_sky710@yahoo.coms";s:8:"password";s:32:"1f3870be274f6c49b3e31a0c6728957f";s:10:"ip_address";N;s:6:"status";s:1:"1";s:15:"activation_code";N;s:23:"forgotten_password_code";s:0:"";s:10:"created_at";s:19:"2016-07-19 16:30:05";s:10:"created_by";s:1:"0";s:13:"remember_code";N;}}'),
('3df6337f699ec94fec506ed095b2e61a', '127.0.0.1', 'Mozilla/5.0 (Windows NT 10.0; Win64; x64) AppleWebKit/537.36 (KHTML, like Gecko) Chrome/51.0.2704.103 Safari/537.36', 1469072610, 'a:4:{s:9:"user_data";s:0:"";s:13:"cart_contents";a:4:{s:32:"f3f27a324736617f20abbf2ffd806f6d";a:7:{s:5:"rowid";s:32:"f3f27a324736617f20abbf2ffd806f6d";s:2:"id";s:3:"516";s:3:"qty";s:1:"1";s:5:"price";s:5:"20.00";s:4:"name";s:9:"Neck Less";s:6:"option";a:2:{s:5:"image";s:27:"products_462_1469016857.jpg";s:4:"site";s:1:"1";}s:8:"subtotal";d:20;}s:32:"b83aac23b9528732c23cc7352950e880";a:7:{s:5:"rowid";s:32:"b83aac23b9528732c23cc7352950e880";s:2:"id";s:3:"327";s:3:"qty";s:1:"1";s:5:"price";s:6:"251.00";s:4:"name";s:10:"Honey 250g";s:6:"option";a:3:{s:5:"image";s:27:"products_211_1449644421.jpg";s:3:"ent";s:2:"14";s:4:"site";s:2:"10";}s:8:"subtotal";d:251;}s:11:"total_items";i:2;s:10:"cart_total";d:271;}s:11:"grand_total";s:5:"22.00";s:11:"checkout_id";i:11;}'),
('3f9a30aad229b6fb267bd35821073475', '127.0.0.1', 'Mozilla/5.0 (Windows NT 10.0; Win64; x64) AppleWebKit/537.36 (KHTML, like Gecko) Chrome/51.0.2704.103 Safari/537.36', 1468990522, ''),
('403fef727368e67b4915902a2a462aee', '::1', 'Mozilla/5.0 (Windows NT 10.0; Win64; x64) AppleWebKit/537.36 (KHTML, like Gecko) Chrome/51.0.2704.103 Safari/537.36', 1468989392, ''),
('42fb604b5a2d03f6555a676f1dcc1947', '::1', 'Mozilla/5.0 (Windows NT 10.0; Win64; x64) AppleWebKit/537.36 (KHTML, like Gecko) Chrome/53.0.2785.116 Safari/537.36', 1474447737, ''),
('4386261f2ce98dc9bc2685e14c7bc343', '127.0.0.1', 'Mozilla/5.0 (Windows NT 10.0; Win64; x64) AppleWebKit/537.36 (KHTML, like Gecko) Chrome/51.0.2704.103 Safari/537.36', 1468991781, ''),
('45b883ec4717573eba69e024feaf90a4', '127.0.0.1', 'Mozilla/5.0 (Windows NT 10.0; Win64; x64) AppleWebKit/537.36 (KHTML, like Gecko) Chrome/51.0.2704.103 Safari/537.36', 1468991694, ''),
('461968ec3890418b1dd00ab37f480714', '127.0.0.1', '0', 1469506147, ''),
('463b5020a6c32be0b480888d0c845865', '127.0.0.1', 'Mozilla/5.0 (Windows NT 10.0; Win64; x64) AppleWebKit/537.36 (KHTML, like Gecko) Chrome/51.0.2704.103 Safari/537.36', 1468991793, ''),
('463b7a97ab15aaa58103d498b1566187', '127.0.0.1', 'Mozilla/5.0 (Windows NT 10.0; Win64; x64) AppleWebKit/537.36 (KHTML, like Gecko) Chrome/51.0.2704.103 Safari/537.36', 1468991793, ''),
('466432b349ffd02c76b4fe36c2107046', '::1', 'Mozilla/5.0 (Windows NT 10.0; Win64; x64) AppleWebKit/537.36 (KHTML, like Gecko) Chrome/53.0.2785.116 Safari/537.36', 1474448308, ''),
('46ddbe9882296fa799d871bd169d6c07', '127.0.0.1', 'Mozilla/5.0 (Windows NT 10.0; Win64; x64) AppleWebKit/537.36 (KHTML, like Gecko) Chrome/51.0.2704.103 Safari/537.36', 1468991781, ''),
('47530cd8700f628b88db4f72043ab4f9', '127.0.0.1', 'Mozilla/5.0 (Windows NT 10.0; Win64; x64) AppleWebKit/537.36 (KHTML, like Gecko) Chrome/51.0.2704.103 Safari/537.36', 1468990634, ''),
('47d6de8a9eb33d72309009704068d3fc', '::1', 'Mozilla/5.0 (Windows NT 10.0; Win64; x64; rv:48.0) Gecko/20100101 Firefox/48.0', 1474373236, ''),
('4ba6812b3d3b49e47cf3adc7c0965d88', '127.0.0.1', '0', 1469506149, ''),
('4bebd7638e33b52c0ac72afbdf8b44bc', '::1', 'Mozilla/5.0 (Windows NT 10.0; Win64; x64) AppleWebKit/537.36 (KHTML, like Gecko) Chrome/53.0.2785.116 Safari/537.36', 1474447717, ''),
('4ce894e72dbce9f83b8368a18435071b', '127.0.0.1', 'Mozilla/5.0 (Windows NT 10.0; Win64; x64) AppleWebKit/537.36 (KHTML, like Gecko) Chrome/51.0.2704.103 Safari/537.36', 1468991758, ''),
('4d109b62da26aa84d9a0977489fa64ea', '127.0.0.1', 'Mozilla/5.0 (Windows NT 10.0; Win64; x64) AppleWebKit/537.36 (KHTML, like Gecko) Chrome/51.0.2704.103 Safari/537.36', 1468990446, ''),
('4daed579d50acd29fd3e373610b4222c', '127.0.0.1', 'Mozilla/5.0 (Windows NT 10.0; Win64; x64) AppleWebKit/537.36 (KHTML, like Gecko) Chrome/51.0.2704.103 Safari/537.36', 1468991781, ''),
('4e702d52754610b321a2d9352cccd1f6', '::1', 'Mozilla/5.0 (Windows NT 10.0; Win64; x64) AppleWebKit/537.36 (KHTML, like Gecko) Chrome/51.0.2704.103 Safari/537.36', 1468989392, ''),
('4e8db4ee9eb080f8e5cbb25a011e2583', '127.0.0.1', 'Mozilla/5.0 (Windows NT 10.0; Win64; x64) AppleWebKit/537.36 (KHTML, like Gecko) Chrome/51.0.2704.103 Safari/537.36', 1468990447, ''),
('4ef568ad925d4acf8e97eb0df9e41e50', '127.0.0.1', 'Mozilla/5.0 (Windows NT 10.0; Win64; x64) AppleWebKit/537.36 (KHTML, like Gecko) Chrome/51.0.2704.103 Safari/537.36', 1468991793, ''),
('4f895b8dead381bc8cd7ed320e988d21', '127.0.0.1', '0', 1469191366, ''),
('506039b7890a35516f21f8f8134853de', '::1', 'Mozilla/5.0 (Windows NT 10.0; Win64; x64; rv:48.0) Gecko/20100101 Firefox/48.0', 1474373033, ''),
('522adc28052bba68abc394d80ed42e89', '127.0.0.1', 'Mozilla/5.0 (Windows NT 10.0; Win64; x64) AppleWebKit/537.36 (KHTML, like Gecko) Chrome/51.0.2704.103 Safari/537.36', 1469504528, 'a:5:{s:9:"user_data";s:0:"";s:12:"user_profile";O:8:"stdClass":11:{s:2:"id";s:1:"5";s:8:"username";s:1:"-";s:5:"email";s:24:"limited_sky710@yahoo.com";s:8:"password";s:32:"1f3870be274f6c49b3e31a0c6728957f";s:10:"ip_address";N;s:6:"status";s:1:"1";s:15:"activation_code";N;s:23:"forgotten_password_code";s:0:"";s:10:"created_at";s:19:"2016-07-19 16:30:05";s:10:"created_by";s:1:"0";s:13:"remember_code";N;}s:13:"cart_contents";a:3:{s:32:"d67d8ab4f4c10bf22aa353e27879133c";a:7:{s:5:"rowid";s:32:"d67d8ab4f4c10bf22aa353e27879133c";s:2:"id";s:2:"39";s:3:"qty";s:1:"5";s:5:"price";s:5:"75.00";s:4:"name";s:11:"Honey 1000g";s:6:"option";a:3:{s:5:"image";s:27:"products_324_1449644210.jpg";s:3:"ent";s:2:"14";s:4:"site";s:2:"10";}s:8:"subtotal";d:375;}s:11:"total_items";i:5;s:10:"cart_total";d:375;}s:11:"grand_total";s:6:"412.50";s:11:"checkout_id";i:14;}'),
('543030b381668595523e9e473bc1b0f8', '::1', 'Mozilla/5.0 (Windows NT 10.0; Win64; x64) AppleWebKit/537.36 (KHTML, like Gecko) Chrome/53.0.2785.116 Safari/537.36', 1474447729, ''),
('550bcce105be7732e4124c158abc34dd', '127.0.0.1', 'Mozilla/5.0 (Windows NT 10.0; Win64; x64) AppleWebKit/537.36 (KHTML, like Gecko) Chrome/51.0.2704.103 Safari/537.36', 1468991694, ''),
('569700f50d78a4e429abb1c2080bfc65', '127.0.0.1', 'Mozilla/5.0 (Windows NT 10.0; Win64; x64) AppleWebKit/537.36 (KHTML, like Gecko) Chrome/51.0.2704.103 Safari/537.36', 1468991765, ''),
('56f7d3e028207c399165cc65fbd0f43a', '127.0.0.1', 'Mozilla/5.0 (Windows NT 10.0; Win64; x64) AppleWebKit/537.36 (KHTML, like Gecko) Chrome/51.0.2704.103 Safari/537.36', 1468991683, ''),
('578a03f97bd854a006dec79940d5b66c', '127.0.0.1', '0', 1469191308, ''),
('5916adc7f4d5701e5ff35ac799c20970', '127.0.0.1', 'Mozilla/5.0 (Windows NT 10.0; Win64; x64) AppleWebKit/537.36 (KHTML, like Gecko) Chrome/51.0.2704.103 Safari/537.36', 1468991757, ''),
('5a3629db1f9e20cf0e62e07691ef7d41', '127.0.0.1', '0', 1469191523, ''),
('5d208690d608d4bb91725186a12181c4', '127.0.0.1', 'Mozilla/5.0 (Windows NT 10.0; Win64; x64) AppleWebKit/537.36 (KHTML, like Gecko) Chrome/51.0.2704.103 Safari/537.36', 1468991719, ''),
('5e9562d80a9e05e980b4829b0788c925', '127.0.0.1', 'Mozilla/5.0 (Windows NT 10.0; Win64; x64) AppleWebKit/537.36 (KHTML, like Gecko) Chrome/51.0.2704.103 Safari/537.36', 1468990634, ''),
('5ecbaaa435c570156b08d30b55e87af1', '127.0.0.1', 'Mozilla/5.0 (Windows NT 10.0; Win64; x64) AppleWebKit/537.36 (KHTML, like Gecko) Chrome/51.0.2704.103 Safari/537.36', 1468991805, ''),
('602daa69d905f880158a5273a633a226', '::1', 'Mozilla/5.0 (Windows NT 10.0; Win64; x64) AppleWebKit/537.36 (KHTML, like Gecko) Chrome/53.0.2785.116 Safari/537.36', 1474446586, ''),
('60686a286df04afd329b96366ce6242a', '::1', 'Mozilla/5.0 (Windows NT 10.0; Win64; x64) AppleWebKit/537.36 (KHTML, like Gecko) Chrome/51.0.2704.103 Safari/537.36', 1468989392, ''),
('608f411ae9a31bd44834beb439091e47', '::1', 'Mozilla/5.0 (Windows NT 10.0; Win64; x64; rv:48.0) Gecko/20100101 Firefox/48.0', 1474373215, ''),
('60c48b38a0dd724c6a72da55f2d16c45', '127.0.0.1', 'Mozilla/5.0 (Windows NT 10.0; Win64; x64) AppleWebKit/537.36 (KHTML, like Gecko) Chrome/51.0.2704.103 Safari/537.36', 1468991695, ''),
('610a81aeec9a45f2790ee10a4150e045', '127.0.0.1', 'Mozilla/5.0 (Windows NT 10.0; Win64; x64) AppleWebKit/537.36 (KHTML, like Gecko) Chrome/51.0.2704.103 Safari/537.36', 1468991694, ''),
('6179eee656b68fe0f08d4e8aa9fb7b86', '127.0.0.1', 'Mozilla/5.0 (Windows NT 10.0; Win64; x64) AppleWebKit/537.36 (KHTML, like Gecko) Chrome/51.0.2704.103 Safari/537.36', 1469418539, 'a:2:{s:9:"user_data";s:0:"";s:12:"user_profile";O:8:"stdClass":11:{s:2:"id";s:1:"5";s:8:"username";s:1:"-";s:5:"email";s:24:"limited_sky710@yahoo.com";s:8:"password";s:32:"1f3870be274f6c49b3e31a0c6728957f";s:10:"ip_address";N;s:6:"status";s:1:"1";s:15:"activation_code";N;s:23:"forgotten_password_code";s:0:"";s:10:"created_at";s:19:"2016-07-19 16:30:05";s:10:"created_by";s:1:"0";s:13:"remember_code";N;}}'),
('632e9766b1fc407e85f8d4cebc958288', '::1', 'Mozilla/5.0 (Windows NT 10.0; Win64; x64) AppleWebKit/537.36 (KHTML, like Gecko) Chrome/53.0.2785.116 Safari/537.36', 1474446994, ''),
('66b3d15a7be5e024ed38bcc712613e06', '127.0.0.1', 'Mozilla/5.0 (Windows NT 10.0; Win64; x64) AppleWebKit/537.36 (KHTML, like Gecko) Chrome/51.0.2704.103 Safari/537.36', 1468991706, ''),
('674ef764143372d3b8e4eeeb7fdb5512', '127.0.0.1', 'Mozilla/5.0 (Windows NT 10.0; Win64; x64) AppleWebKit/537.36 (KHTML, like Gecko) Chrome/51.0.2704.103 Safari/537.36', 1468991793, ''),
('6a0a0cdf2abdfff0c4cc882a8dba8738', '127.0.0.1', 'Mozilla/5.0 (Windows NT 10.0; Win64; x64) AppleWebKit/537.36 (KHTML, like Gecko) Chrome/51.0.2704.103 Safari/537.36', 1468991855, ''),
('6bdd002815a0e47d888ebabceef0c14a', '127.0.0.1', 'Mozilla/5.0 (Windows NT 10.0; Win64; x64) AppleWebKit/537.36 (KHTML, like Gecko) Chrome/51.0.2704.103 Safari/537.36', 1468990556, ''),
('6ea8cf32d660cf012ed16f71261b4884', '::1', 'Mozilla/5.0 (Windows NT 10.0; Win64; x64; rv:48.0) Gecko/20100101 Firefox/48.0', 1474373007, ''),
('6ee8bac5985e96d88ccd8219c0c5b733', '::1', 'Mozilla/5.0 (Windows NT 10.0; Win64; x64; rv:48.0) Gecko/20100101 Firefox/48.0', 1474373005, ''),
('70b7ce250b79f2e36cfef77d974cc783', '::1', 'Mozilla/5.0 (Windows NT 10.0; Win64; x64; rv:48.0) Gecko/20100101 Firefox/48.0', 1474373129, ''),
('717cfd990e9a848d8b1bde658b01b02e', '127.0.0.1', 'Mozilla/5.0 (Windows NT 10.0; Win64; x64) AppleWebKit/537.36 (KHTML, like Gecko) Chrome/51.0.2704.103 Safari/537.36', 1468990447, ''),
('72919136acfb2b808209dabe2d9e3c2d', '127.0.0.1', 'Mozilla/5.0 (Windows NT 10.0; Win64; x64) AppleWebKit/537.36 (KHTML, like Gecko) Chrome/51.0.2704.103 Safari/537.36', 1468990446, ''),
('73aa5bd79c5a671d9c7a060384697f97', '::1', 'Mozilla/5.0 (Windows NT 10.0; Win64; x64) AppleWebKit/537.36 (KHTML, like Gecko) Chrome/51.0.2704.103 Safari/537.36', 1468989392, ''),
('75c1603a996140b590f7a63842fc21e2', '::1', 'Mozilla/5.0 (Windows NT 10.0; Win64; x64; rv:48.0) Gecko/20100101 Firefox/48.0', 1474373007, ''),
('76a62767c8c25967300a8d743083a1cd', '127.0.0.1', 'Mozilla/5.0 (Windows NT 10.0; Win64; x64) AppleWebKit/537.36 (KHTML, like Gecko) Chrome/51.0.2704.103 Safari/537.36', 1468991805, ''),
('77b673ea1f0457b456e49f65d4966a84', '127.0.0.1', 'Mozilla/5.0 (Windows NT 10.0; Win64; x64) AppleWebKit/537.36 (KHTML, like Gecko) Chrome/51.0.2704.103 Safari/537.36', 1468990447, ''),
('77e0180d64fcf35c2bf8d8041dcb7148', '127.0.0.1', 'Mozilla/5.0 (Windows NT 10.0; Win64; x64) AppleWebKit/537.36 (KHTML, like Gecko) Chrome/51.0.2704.103 Safari/537.36', 1468991855, ''),
('78814a033f25f985ee267fb14995abf2', '127.0.0.1', '0', 1469191294, ''),
('78e868546ce26fe6bdced45e89f80d78', '::1', 'Mozilla/5.0 (Windows NT 10.0; Win64; x64) AppleWebKit/537.36 (KHTML, like Gecko) Chrome/53.0.2785.116 Safari/537.36', 1474446477, ''),
('7929e5277e6677f249fe8dff28927527', '::1', 'Mozilla/5.0 (Windows NT 10.0; Win64; x64; rv:48.0) Gecko/20100101 Firefox/48.0', 1474373007, ''),
('792b43963c60bea96caee1ecfdd3c495', '::1', 'Mozilla/5.0 (Windows NT 10.0; Win64; x64) AppleWebKit/537.36 (KHTML, like Gecko) Chrome/53.0.2785.116 Safari/537.36', 1474446777, ''),
('79e3595821df1af88752afcc091763e0', '127.0.0.1', 'Mozilla/5.0 (Windows NT 10.0; Win64; x64) AppleWebKit/537.36 (KHTML, like Gecko) Chrome/51.0.2704.103 Safari/537.36', 1468990447, ''),
('7a542001f687eedec3a456766c1cc04c', '::1', 'Mozilla/5.0 (Windows NT 10.0; Win64; x64) AppleWebKit/537.36 (KHTML, like Gecko) Chrome/53.0.2785.116 Safari/537.36', 1474448055, ''),
('7ac9f19a1665cbf007ac0672dc85315a', '127.0.0.1', 'Mozilla/5.0 (Windows NT 10.0; Win64; x64) AppleWebKit/537.36 (KHTML, like Gecko) Chrome/51.0.2704.103 Safari/537.36', 1468990556, ''),
('7b3053e3974274dc58bfc2632fa9fd39', '127.0.0.1', '0', 1469191553, ''),
('7b95dd212cc84bf5991b025072178729', '127.0.0.1', 'Mozilla/5.0 (Windows NT 10.0; Win64; x64) AppleWebKit/537.36 (KHTML, like Gecko) Chrome/51.0.2704.103 Safari/537.36', 1468991824, ''),
('7baa3851a060b69e09cedb4497ab4462', '127.0.0.1', '0', 1469191337, ''),
('7bd15321ba4d99e8d08c1f3452375c10', '192.168.88.155', 'Mozilla/5.0 (Windows NT 6.1; WOW64; rv:48.0) Gecko/20100101 Firefox/48.0', 1474372917, ''),
('7cd4fc8af72b14c841502077c51f8887', '127.0.0.1', 'Mozilla/5.0 (Windows NT 10.0; Win64; x64) AppleWebKit/537.36 (KHTML, like Gecko) Chrome/51.0.2704.103 Safari/537.36', 1468991695, ''),
('7d9f67aad2131800da8ae0f7bbfe42a2', '::1', 'Mozilla/5.0 (Windows NT 10.0; Win64; x64) AppleWebKit/537.36 (KHTML, like Gecko) Chrome/51.0.2704.103 Safari/537.36', 1468989391, ''),
('7f088ebcb26950c2a28dec9a5ff7bad0', '127.0.0.1', 'Mozilla/5.0 (Windows NT 10.0; Win64; x64) AppleWebKit/537.36 (KHTML, like Gecko) Chrome/51.0.2704.103 Safari/537.36', 1468991765, ''),
('80cd0d13305e7796a2e3826a24d75b55', '127.0.0.1', 'Mozilla/5.0 (Windows NT 10.0; Win64; x64) AppleWebKit/537.36 (KHTML, like Gecko) Chrome/51.0.2704.103 Safari/537.36', 1468991720, ''),
('81c049b92b7f0602cf856bfd5e21d684', '::1', 'Mozilla/5.0 (Windows NT 10.0; Win64; x64) AppleWebKit/537.36 (KHTML, like Gecko) Chrome/51.0.2704.103 Safari/537.36', 1468988523, 'a:1:{s:12:"user_profile";O:8:"stdClass":11:{s:2:"id";s:1:"5";s:8:"username";s:1:"-";s:5:"email";s:25:"limited_sky710@yahoo.coms";s:8:"password";s:32:"1f3870be274f6c49b3e31a0c6728957f";s:10:"ip_address";N;s:6:"status";s:1:"1";s:15:"activation_code";N;s:23:"forgotten_password_code";s:0:"";s:10:"created_at";s:19:"2016-07-19 16:30:05";s:10:"created_by";s:1:"0";s:13:"remember_code";N;}}'),
('8456a0f142dae7f8442a960db4140568', '127.0.0.1', 'Mozilla/5.0 (Windows NT 10.0; Win64; x64) AppleWebKit/537.36 (KHTML, like Gecko) Chrome/51.0.2704.103 Safari/537.36', 1468991855, ''),
('86ff14fd1e8eda26b2f5f1cb192922fb', '127.0.0.1', 'Mozilla/5.0 (Windows NT 10.0; Win64; x64) AppleWebKit/537.36 (KHTML, like Gecko) Chrome/53.0.2785.116 Safari/537.36', 1474452240, 'a:4:{s:9:"user_data";s:0:"";s:13:"cart_contents";a:3:{s:32:"d67d8ab4f4c10bf22aa353e27879133c";a:7:{s:5:"rowid";s:32:"d67d8ab4f4c10bf22aa353e27879133c";s:2:"id";s:2:"39";s:3:"qty";s:1:"8";s:5:"price";s:5:"75.00";s:4:"name";s:11:"Honey 1000g";s:6:"option";a:3:{s:5:"image";s:27:"products_324_1449644210.jpg";s:3:"ent";s:2:"14";s:4:"site";s:2:"10";}s:8:"subtotal";d:600;}s:11:"total_items";i:8;s:10:"cart_total";d:600;}s:11:"grand_total";s:5:"82.50";s:11:"checkout_id";i:15;}'),
('874facc6df8fa5724b673cf9b3757273', '127.0.0.1', 'Mozilla/5.0 (Windows NT 10.0; Win64; x64) AppleWebKit/537.36 (KHTML, like Gecko) Chrome/51.0.2704.103 Safari/537.36', 1468990556, ''),
('88c73097eca93a4c41901a1ab89c5732', '127.0.0.1', 'Mozilla/5.0 (Windows NT 10.0; Win64; x64) AppleWebKit/537.36 (KHTML, like Gecko) Chrome/51.0.2704.103 Safari/537.36', 1468991694, ''),
('88d1746a17935b34d8802813a9d37240', '127.0.0.1', 'Mozilla/5.0 (Windows NT 10.0; Win64; x64) AppleWebKit/537.36 (KHTML, like Gecko) Chrome/51.0.2704.103 Safari/537.36', 1468991683, ''),
('89c511422e793c4d3ffc070e00112325', '::1', 'Mozilla/5.0 (Windows NT 10.0; Win64; x64) AppleWebKit/537.36 (KHTML, like Gecko) Chrome/53.0.2785.116 Safari/537.36', 1474446584, ''),
('89c83a16055f38507c65a1356bc0090b', '127.0.0.1', 'Mozilla/5.0 (Windows NT 10.0; Win64; x64) AppleWebKit/537.36 (KHTML, like Gecko) Chrome/51.0.2704.103 Safari/537.36', 1468991780, ''),
('8a30ea79f2b63b919ca67740322ba141', '::1', 'Mozilla/5.0 (Windows NT 10.0; Win64; x64; rv:48.0) Gecko/20100101 Firefox/48.0', 1474373148, ''),
('8c2c197bcc219499e6369c6733193379', '::1', 'Mozilla/5.0 (Windows NT 10.0; Win64; x64; rv:48.0) Gecko/20100101 Firefox/48.0', 1474373006, ''),
('8cc0fe1fdee743075e5335958d44aebc', '127.0.0.1', 'Mozilla/5.0 (Windows NT 10.0; Win64; x64) AppleWebKit/537.36 (KHTML, like Gecko) Chrome/51.0.2704.103 Safari/537.36', 1468991695, ''),
('8e86b62366f4faa579a512e3210d8aa3', '127.0.0.1', 'Mozilla/5.0 (Windows NT 10.0; Win64; x64) AppleWebKit/537.36 (KHTML, like Gecko) Chrome/51.0.2704.103 Safari/537.36', 1468990574, ''),
('8f83c20e210d681b5196f2fd65446c4d', '127.0.0.1', 'Mozilla/5.0 (Windows NT 10.0; Win64; x64) AppleWebKit/537.36 (KHTML, like Gecko) Chrome/51.0.2704.103 Safari/537.36', 1468990556, ''),
('906fd277f685c08c1ce880791e0b947d', '::1', 'Mozilla/5.0 (Windows NT 10.0; Win64; x64) AppleWebKit/537.36 (KHTML, like Gecko) Chrome/51.0.2704.103 Safari/537.36', 1468989391, ''),
('90785dccf8a97eb6d3ac279d786c59b3', '::1', 'Mozilla/5.0 (Windows NT 10.0; Win64; x64) AppleWebKit/537.36 (KHTML, like Gecko) Chrome/53.0.2785.116 Safari/537.36', 1474446783, ''),
('91a5a98e4b0617cfe5b620bd28984d85', '127.0.0.1', 'Mozilla/5.0 (Windows NT 10.0; Win64; x64) AppleWebKit/537.36 (KHTML, like Gecko) Chrome/51.0.2704.103 Safari/537.36', 1468991765, ''),
('91c5c507540d57d1696d860c4e76ee24', '::1', 'Mozilla/5.0 (Windows NT 10.0; Win64; x64) AppleWebKit/537.36 (KHTML, like Gecko) Chrome/53.0.2785.116 Safari/537.36', 1474446776, ''),
('9212259bc96233171622cc1a682dc98f', '127.0.0.1', 'Mozilla/5.0 (Windows NT 10.0; Win64; x64) AppleWebKit/537.36 (KHTML, like Gecko) Chrome/51.0.2704.103 Safari/537.36', 1468990557, ''),
('92548b92f199ef7ff475dd83789c72cf', '127.0.0.1', '0', 1469191470, ''),
('9338440fb64102318916d67a660f9976', '127.0.0.1', 'Mozilla/5.0 (Windows NT 10.0; Win64; x64) AppleWebKit/537.36 (KHTML, like Gecko) Chrome/51.0.2704.103 Safari/537.36', 1468991687, ''),
('93b5192815a0205dcad5c8b76f183c06', '::1', 'Mozilla/5.0 (Windows NT 10.0; Win64; x64) AppleWebKit/537.36 (KHTML, like Gecko) Chrome/53.0.2785.116 Safari/537.36', 1474446478, ''),
('93d1dfaab3e5b7a5ba979d109357e250', '127.0.0.1', 'Mozilla/5.0 (Windows NT 10.0; Win64; x64) AppleWebKit/537.36 (KHTML, like Gecko) Chrome/51.0.2704.103 Safari/537.36', 1468990447, ''),
('94577748b7dd33e9f48da1fac7280276', '127.0.0.1', 'Mozilla/5.0 (Windows NT 10.0; Win64; x64) AppleWebKit/537.36 (KHTML, like Gecko) Chrome/51.0.2704.103 Safari/537.36', 1468991867, ''),
('94c289c9e7d2089a9c8baf91b22b1ab9', '::1', 'Mozilla/5.0 (Windows NT 10.0; Win64; x64) AppleWebKit/537.36 (KHTML, like Gecko) Chrome/53.0.2785.116 Safari/537.36', 1474446776, ''),
('95680a2764a916cfa0e99c5589673180', '127.0.0.1', 'Mozilla/5.0 (Windows NT 10.0; Win64; x64) AppleWebKit/537.36 (KHTML, like Gecko) Chrome/51.0.2704.103 Safari/537.36', 1468990633, ''),
('95e62c6b70fbe4e805de0dfb8f7f1a93', '127.0.0.1', 'Mozilla/5.0 (Windows NT 10.0; Win64; x64) AppleWebKit/537.36 (KHTML, like Gecko) Chrome/51.0.2704.103 Safari/537.36', 1468991694, ''),
('9680c977567fbe24bca75c459ba50ec6', '::1', 'Mozilla/5.0 (Windows NT 10.0; Win64; x64) AppleWebKit/537.36 (KHTML, like Gecko) Chrome/53.0.2785.116 Safari/537.36', 1474446593, ''),
('9a54f2f2c41e93888c2d57751959a01b', '127.0.0.1', 'Mozilla/5.0 (Windows NT 10.0; Win64; x64) AppleWebKit/537.36 (KHTML, like Gecko) Chrome/51.0.2704.103 Safari/537.36', 1468990556, ''),
('9a7b824d50c12a5dcd2c92f4c5dea4e2', '127.0.0.1', 'Mozilla/5.0 (Windows NT 10.0; Win64; x64) AppleWebKit/537.36 (KHTML, like Gecko) Chrome/51.0.2704.103 Safari/537.36', 1468993009, ''),
('9b31e522115c7699a01d9775907e66fe', '127.0.0.1', 'Mozilla/5.0 (Windows NT 10.0; Win64; x64) AppleWebKit/537.36 (KHTML, like Gecko) Chrome/51.0.2704.103 Safari/537.36', 1468991854, ''),
('9b78a479b6ff52aa9ca7aaec933404a1', '127.0.0.1', '0', 1469191469, ''),
('9b80d87d8e12376c222d897a7e081c91', '127.0.0.1', 'Mozilla/5.0 (Windows NT 10.0; Win64; x64) AppleWebKit/537.36 (KHTML, like Gecko) Chrome/51.0.2704.103 Safari/537.36', 1468991824, ''),
('9c10ec1ea6f946ebda18dca618130fe7', '127.0.0.1', 'Mozilla/5.0 (Windows NT 10.0; Win64; x64) AppleWebKit/537.36 (KHTML, like Gecko) Chrome/53.0.2785.116 Safari/537.36', 1474515489, 'a:5:{s:9:"user_data";s:0:"";s:12:"user_profile";O:8:"stdClass":11:{s:2:"id";s:1:"5";s:8:"username";s:1:"-";s:5:"email";s:24:"limited_sky710@yahoo.com";s:8:"password";s:32:"1f3870be274f6c49b3e31a0c6728957f";s:10:"ip_address";N;s:6:"status";s:1:"1";s:15:"activation_code";N;s:23:"forgotten_password_code";s:32:"9zzPHTCozqlfz2amm0dYTRq7TLF7eDCE";s:10:"created_at";s:19:"2016-07-19 16:30:05";s:10:"created_by";s:1:"0";s:13:"remember_code";N;}s:13:"cart_contents";a:3:{s:32:"d67d8ab4f4c10bf22aa353e27879133c";a:7:{s:5:"rowid";s:32:"d67d8ab4f4c10bf22aa353e27879133c";s:2:"id";s:2:"39";s:3:"qty";s:1:"1";s:5:"price";s:5:"75.00";s:4:"name";s:11:"Honey 1000g";s:6:"option";a:3:{s:5:"image";s:27:"products_324_1449644210.jpg";s:3:"ent";s:2:"14";s:4:"site";s:2:"10";}s:8:"subtotal";d:75;}s:11:"total_items";i:1;s:10:"cart_total";d:75;}s:11:"grand_total";s:5:"82.50";s:11:"checkout_id";i:16;}'),
('9c7c7cb13c35a8dee372e5cffff44e68', '::1', 'Mozilla/5.0 (Windows NT 10.0; Win64; x64) AppleWebKit/537.36 (KHTML, like Gecko) Chrome/53.0.2785.116 Safari/537.36', 1474447718, ''),
('9cd01ed2e9acaf6a4488c15e4b5a42ff', '127.0.0.1', 'Mozilla/5.0 (Windows NT 10.0; Win64; x64) AppleWebKit/537.36 (KHTML, like Gecko) Chrome/51.0.2704.103 Safari/537.36', 1468991682, ''),
('9d277926294ffbfce359e1573373bf05', '127.0.0.1', 'Mozilla/5.0 (Windows NT 10.0; Win64; x64) AppleWebKit/537.36 (KHTML, like Gecko) Chrome/51.0.2704.103 Safari/537.36', 1469159393, 'a:5:{s:9:"user_data";s:0:"";s:13:"cart_contents";a:4:{s:32:"d67d8ab4f4c10bf22aa353e27879133c";a:7:{s:5:"rowid";s:32:"d67d8ab4f4c10bf22aa353e27879133c";s:2:"id";s:2:"39";s:3:"qty";s:1:"3";s:5:"price";s:5:"75.00";s:4:"name";s:11:"Honey 1000g";s:6:"option";a:3:{s:5:"image";s:27:"products_324_1449644210.jpg";s:3:"ent";s:2:"14";s:4:"site";s:2:"10";}s:8:"subtotal";d:225;}s:32:"1a5b1e4daae265b790965a275b53ae50";a:7:{s:5:"rowid";s:32:"1a5b1e4daae265b790965a275b53ae50";s:2:"id";s:3:"446";s:3:"qty";s:1:"1";s:5:"price";s:6:"500.00";s:4:"name";s:12:"Diamond Sets";s:6:"option";a:3:{s:5:"image";s:27:"products_880_1459293460.jpg";s:3:"ent";s:2:"37";s:4:"site";i:1;}s:8:"subtotal";d:500;}s:11:"total_items";i:4;s:10:"cart_total";d:725;}s:11:"grand_total";s:6:"247.50";s:11:"checkout_id";i:12;s:12:"user_profile";O:8:"stdClass":11:{s:2:"id";s:1:"5";s:8:"username";s:1:"-";s:5:"email";s:24:"limited_sky710@yahoo.com";s:8:"password";s:32:"1f3870be274f6c49b3e31a0c6728957f";s:10:"ip_address";N;s:6:"status";s:1:"1";s:15:"activation_code";N;s:23:"forgotten_password_code";s:0:"";s:10:"created_at";s:19:"2016-07-19 16:30:05";s:10:"created_by";s:1:"0";s:13:"remember_code";N;}}'),
('9d944e8c774b5082f7986c683128230f', '::1', 'Mozilla/5.0 (Windows NT 10.0; Win64; x64; rv:48.0) Gecko/20100101 Firefox/48.0', 1474373005, ''),
('9e39102177a513036aa77415718b9159', '::1', 'Mozilla/5.0 (Windows NT 10.0; Win64; x64) AppleWebKit/537.36 (KHTML, like Gecko) Chrome/51.0.2704.103 Safari/537.36', 1468989391, ''),
('9f26081baf75401b07fc13e8bc1d6624', '127.0.0.1', '0', 1469191139, ''),
('9f697829b94ce66d08c62d57b655d2e9', '::1', 'Mozilla/5.0 (Windows NT 10.0; Win64; x64) AppleWebKit/537.36 (KHTML, like Gecko) Chrome/51.0.2704.103 Safari/537.36', 1468989391, ''),
('a19e7f3f22ae53c49ee2a07c3af21de1', '::1', 'Mozilla/5.0 (Windows NT 10.0; Win64; x64) AppleWebKit/537.36 (KHTML, like Gecko) Chrome/53.0.2785.116 Safari/537.36', 1474446993, ''),
('a1d77b7dc0f3c3bc74aa96d0c9fabe01', '127.0.0.1', 'Mozilla/5.0 (Windows NT 10.0; Win64; x64) AppleWebKit/537.36 (KHTML, like Gecko) Chrome/51.0.2704.103 Safari/537.36', 1468991855, ''),
('a239aa4864a128f2333b0879fac5d846', '::1', 'Mozilla/5.0 (Windows NT 10.0; Win64; x64) AppleWebKit/537.36 (KHTML, like Gecko) Chrome/53.0.2785.116 Safari/537.36', 1474446583, ''),
('a276a9b319c7f9766f39a9a010fc0758', '127.0.0.1', 'Mozilla/5.0 (Windows NT 10.0; Win64; x64) AppleWebKit/537.36 (KHTML, like Gecko) Chrome/51.0.2704.103 Safari/537.36', 1468990556, ''),
('a29647f06d505de720e09389a1cb7092', '127.0.0.1', 'Mozilla/5.0 (Windows NT 10.0; Win64; x64) AppleWebKit/537.36 (KHTML, like Gecko) Chrome/51.0.2704.103 Safari/537.36', 1468990634, ''),
('a2b01b370d5f7f14b36035fcec533f8b', '::1', 'Mozilla/5.0 (Windows NT 10.0; Win64; x64) AppleWebKit/537.36 (KHTML, like Gecko) Chrome/53.0.2785.116 Safari/537.36', 1474446581, ''),
('a355aa89ebed116d1b96b8cf221bd7b7', '127.0.0.1', '0', 1469191277, ''),
('a35795cec387442130b21fa255f7e61a', '::1', 'Mozilla/5.0 (Windows NT 10.0; Win64; x64) AppleWebKit/537.36 (KHTML, like Gecko) Chrome/53.0.2785.116 Safari/537.36', 1474447737, ''),
('a8a8af170340c41175f36e0185f473d5', '127.0.0.1', 'Mozilla/5.0 (Windows NT 10.0; Win64; x64) AppleWebKit/537.36 (KHTML, like Gecko) Chrome/51.0.2704.103 Safari/537.36', 1468990447, ''),
('a92497af1f8a47f399bbd54f839076cc', '127.0.0.1', '0', 1469191361, ''),
('a95cf13ffea2c7746a6aed4e48246248', '127.0.0.1', 'Mozilla/5.0 (Windows NT 10.0; Win64; x64) AppleWebKit/537.36 (KHTML, like Gecko) Chrome/51.0.2704.103 Safari/537.36', 1468993027, 'a:3:{s:9:"user_data";s:0:"";s:12:"user_profile";O:8:"stdClass":11:{s:2:"id";s:1:"5";s:8:"username";s:1:"-";s:5:"email";s:25:"limited_sky710@yahoo.coms";s:8:"password";s:32:"1f3870be274f6c49b3e31a0c6728957f";s:10:"ip_address";N;s:6:"status";s:1:"1";s:15:"activation_code";N;s:23:"forgotten_password_code";s:0:"";s:10:"created_at";s:19:"2016-07-19 16:30:05";s:10:"created_by";s:1:"0";s:13:"remember_code";N;}s:13:"cart_contents";a:7:{s:32:"d67d8ab4f4c10bf22aa353e27879133c";a:7:{s:5:"rowid";s:32:"d67d8ab4f4c10bf22aa353e27879133c";s:2:"id";s:2:"39";s:3:"qty";s:1:"2";s:5:"price";s:5:"75.00";s:4:"name";s:11:"Honey 1000g";s:6:"option";a:2:{s:5:"image";s:27:"products_324_1449644210.jpg";s:4:"site";s:2:"10";}s:8:"subtotal";d:150;}s:32:"b83aac23b9528732c23cc7352950e880";a:7:{s:5:"rowid";s:32:"b83aac23b9528732c23cc7352950e880";s:2:"id";s:3:"327";s:3:"qty";s:1:"2";s:5:"price";s:6:"251.00";s:4:"name";s:10:"Honey 250g";s:6:"option";a:2:{s:5:"image";s:27:"products_211_1449644421.jpg";s:4:"site";s:2:"10";}s:8:"subtotal";d:502;}s:32:"6512bd43d9caa6e02c990b0a82652dca";a:7:{s:5:"rowid";s:32:"6512bd43d9caa6e02c990b0a82652dca";s:2:"id";s:2:"11";s:3:"qty";s:1:"2";s:5:"price";s:6:"250.00";s:4:"name";s:12:"Black Pepper";s:6:"option";a:2:{s:5:"image";s:27:"products_363_1457094636.jpg";s:4:"site";s:1:"2";}s:8:"subtotal";d:500;}s:32:"1a5b1e4daae265b790965a275b53ae50";a:7:{s:5:"rowid";s:32:"1a5b1e4daae265b790965a275b53ae50";s:2:"id";s:3:"446";s:3:"qty";s:1:"4";s:5:"price";s:6:"500.00";s:4:"name";s:12:"Diamond Sets";s:6:"option";a:2:{s:5:"image";s:27:"products_880_1459293460.jpg";s:4:"site";s:1:"1";}s:8:"subtotal";d:2000;}s:32:"b6d767d2f8ed5d21a44b0e5886680cb9";a:7:{s:5:"rowid";s:32:"b6d767d2f8ed5d21a44b0e5886680cb9";s:2:"id";s:2:"22";s:3:"qty";s:1:"3";s:5:"price";s:6:"230.00";s:4:"name";s:14:"Mustard Powder";s:6:"option";a:2:{s:5:"image";s:27:"products_348_1449132242.jpg";s:4:"site";s:1:"2";}s:8:"subtotal";d:690;}s:11:"total_items";i:13;s:10:"cart_total";d:3842;}}'),
('aa5efd63dd7ea552baf041956f4741c5', '::1', 'Mozilla/5.0 (Windows NT 10.0; Win64; x64; rv:48.0) Gecko/20100101 Firefox/48.0', 1474373129, ''),
('ad21444099070b81b097cf7d11f8bd3b', '::1', 'Mozilla/5.0 (Windows NT 10.0; Win64; x64) AppleWebKit/537.36 (KHTML, like Gecko) Chrome/53.0.2785.116 Safari/537.36', 1474447705, ''),
('b09a72b69e8de5d3837771c724c7fbfb', '127.0.0.1', 'Mozilla/5.0 (Windows NT 10.0; Win64; x64) AppleWebKit/537.36 (KHTML, like Gecko) Chrome/51.0.2704.103 Safari/537.36', 1468990446, ''),
('b0aeba5c6080501564666e2f80d03567', '::1', 'Mozilla/5.0 (Windows NT 10.0; Win64; x64) AppleWebKit/537.36 (KHTML, like Gecko) Chrome/53.0.2785.116 Safari/537.36', 1474446994, ''),
('b0cb7c4387505357c6f5d8e88cb0953a', '::1', 'Mozilla/5.0 (Windows NT 10.0; Win64; x64) AppleWebKit/537.36 (KHTML, like Gecko) Chrome/53.0.2785.116 Safari/537.36', 1474447003, ''),
('b0d84a2cc95144a2c380d46eaa10bbe7', '127.0.0.1', 'Mozilla/5.0 (Windows NT 10.0; Win64; x64) AppleWebKit/537.36 (KHTML, like Gecko) Chrome/51.0.2704.103 Safari/537.36', 1468991764, ''),
('b1ef2665bfa95aa2f85510e511706c42', '127.0.0.1', '0', 1469191349, ''),
('b1f022ae928af51857321924f7d48b8c', '::1', 'Mozilla/5.0 (Windows NT 10.0; Win64; x64; rv:48.0) Gecko/20100101 Firefox/48.0', 1474373033, ''),
('b1f3c3c93089cac68250634fe534adbd', '::1', 'Mozilla/5.0 (Windows NT 10.0; Win64; x64) AppleWebKit/537.36 (KHTML, like Gecko) Chrome/53.0.2785.116 Safari/537.36', 1474446776, ''),
('b28dc7d00cf20bbc490eb67c58a89737', '127.0.0.1', 'Mozilla/5.0 (Windows NT 10.0; Win64; x64) AppleWebKit/537.36 (KHTML, like Gecko) Chrome/51.0.2704.103 Safari/537.36', 1468990522, ''),
('b2c4f0d86a8559f96f3508f875d1d8ae', '::1', 'Mozilla/5.0 (Windows NT 10.0; Win64; x64) AppleWebKit/537.36 (KHTML, like Gecko) Chrome/51.0.2704.103 Safari/537.36', 1468989391, ''),
('b2e991c5dbfe646c633eb20d4edbc2e5', '127.0.0.1', 'Mozilla/5.0 (Windows NT 10.0; Win64; x64) AppleWebKit/537.36 (KHTML, like Gecko) Chrome/51.0.2704.103 Safari/537.36', 1468991805, ''),
('b569db286a7800dcbe823cd46519fc9d', '::1', 'Mozilla/5.0 (Windows NT 10.0; Win64; x64; rv:48.0) Gecko/20100101 Firefox/48.0', 1474373128, ''),
('b6ee0a151a9741121296b7a25827f3cb', '127.0.0.1', 'Mozilla/5.0 (Windows NT 10.0; Win64; x64) AppleWebKit/537.36 (KHTML, like Gecko) Chrome/51.0.2704.103 Safari/537.36', 1468991694, ''),
('b8a7c943936dc057cbf775d12a478fd8', '127.0.0.1', 'Mozilla/5.0 (Windows NT 10.0; Win64; x64) AppleWebKit/537.36 (KHTML, like Gecko) Chrome/51.0.2704.103 Safari/537.36', 1468991688, ''),
('b908d34a2b134bf123c68585f497d6ff', '::1', 'Mozilla/5.0 (Windows NT 10.0; Win64; x64; rv:48.0) Gecko/20100101 Firefox/48.0', 1474373215, ''),
('b968879e3f1cad0b6569f6d09e83ef14', '::1', 'Mozilla/5.0 (Windows NT 10.0; Win64; x64; rv:48.0) Gecko/20100101 Firefox/48.0', 1474373119, ''),
('bb02e7f0aeaa581ebfc7039895dc3ee4', '::1', 'Mozilla/5.0 (Windows NT 10.0; Win64; x64) AppleWebKit/537.36 (KHTML, like Gecko) Chrome/53.0.2785.116 Safari/537.36', 1474447737, ''),
('bd4c60121e3b94f86c95f05cb7fcbec5', '::1', 'Mozilla/5.0 (Windows NT 10.0; Win64; x64; rv:48.0) Gecko/20100101 Firefox/48.0', 1474373002, ''),
('bd6080f73e83bf3b7315a46a1d4e6a8d', '::1', 'Mozilla/5.0 (Windows NT 10.0; Win64; x64) AppleWebKit/537.36 (KHTML, like Gecko) Chrome/53.0.2785.116 Safari/537.36', 1474448213, ''),
('beb7913a931916976bb36e7aa83b1667', '127.0.0.1', '0', 1469191276, ''),
('bf8baab4ddd20ebe64d6394bb2d3fc3e', '::1', 'Mozilla/5.0 (Windows NT 10.0; Win64; x64) AppleWebKit/537.36 (KHTML, like Gecko) Chrome/51.0.2704.103 Safari/537.36', 1468989392, ''),
('c115ca1e00416f0f87e514794bafb26f', '::1', 'Mozilla/5.0 (Windows NT 10.0; Win64; x64; rv:48.0) Gecko/20100101 Firefox/48.0', 1474373007, ''),
('c4669b926ce59875671a28dc6e8eed9e', '127.0.0.1', 'Mozilla/5.0 (Windows NT 10.0; Win64; x64) AppleWebKit/537.36 (KHTML, like Gecko) Chrome/51.0.2704.103 Safari/537.36', 1468989408, 'a:2:{s:9:"user_data";s:0:"";s:12:"user_profile";O:8:"stdClass":11:{s:2:"id";s:1:"5";s:8:"username";s:1:"-";s:5:"email";s:25:"limited_sky710@yahoo.coms";s:8:"password";s:32:"1f3870be274f6c49b3e31a0c6728957f";s:10:"ip_address";N;s:6:"status";s:1:"1";s:15:"activation_code";N;s:23:"forgotten_password_code";s:0:"";s:10:"created_at";s:19:"2016-07-19 16:30:05";s:10:"created_by";s:1:"0";s:13:"remember_code";N;}}'),
('c555e3576fe4417676f94767a2fead58', '127.0.0.1', 'Mozilla/5.0 (Windows NT 10.0; Win64; x64) AppleWebKit/537.36 (KHTML, like Gecko) Chrome/51.0.2704.103 Safari/537.36', 1468991694, ''),
('c573504db961fd1a54ab207c8e96c061', '127.0.0.1', '0', 1469191365, ''),
('c6aeda1dfe51e0833874370ec2e7e8f5', '::1', 'Mozilla/5.0 (Windows NT 10.0; Win64; x64) AppleWebKit/537.36 (KHTML, like Gecko) Chrome/53.0.2785.116 Safari/537.36', 1474446584, ''),
('c72853cea00f7dbdfe2277cccbe46a8d', '::1', 'Mozilla/5.0 (Windows NT 10.0; Win64; x64; rv:48.0) Gecko/20100101 Firefox/48.0', 1474373005, ''),
('c8fa0851dbd58757e704bd9e683f629c', '127.0.0.1', 'Mozilla/5.0 (Windows NT 10.0; Win64; x64) AppleWebKit/537.36 (KHTML, like Gecko) Chrome/51.0.2704.103 Safari/537.36', 1468991687, ''),
('c98f1c07fff38eda6a45a94d12dd9297', '127.0.0.1', 'Mozilla/5.0 (Windows NT 10.0; Win64; x64) AppleWebKit/537.36 (KHTML, like Gecko) Chrome/51.0.2704.103 Safari/537.36', 1468991683, ''),
('c9b8ba589c98aa8ecead78d39bb72d37', '::1', 'Mozilla/5.0 (Windows NT 10.0; Win64; x64) AppleWebKit/537.36 (KHTML, like Gecko) Chrome/53.0.2785.116 Safari/537.36', 1474448343, ''),
('caa05b4597a72602ad5c0b043d1b3856', '::1', 'Mozilla/5.0 (Windows NT 10.0; Win64; x64) AppleWebKit/537.36 (KHTML, like Gecko) Chrome/53.0.2785.116 Safari/537.36', 1474446775, ''),
('cab211b5356d8a315f27d5acb58cbf2d', '::1', 'Mozilla/5.0 (Windows NT 10.0; Win64; x64) AppleWebKit/537.36 (KHTML, like Gecko) Chrome/53.0.2785.116 Safari/537.36', 1474446484, ''),
('cd8ebd78ff7eedb28d1f5eada4c20f82', '::1', 'Mozilla/5.0 (Windows NT 10.0; Win64; x64) AppleWebKit/537.36 (KHTML, like Gecko) Chrome/53.0.2785.116 Safari/537.36', 1474446586, ''),
('ce47dd7f9dd9ecdbb02cd4a9afc183a4', '127.0.0.1', 'Mozilla/5.0 (Windows NT 10.0; Win64; x64) AppleWebKit/537.36 (KHTML, like Gecko) Chrome/51.0.2704.103 Safari/537.36', 1468991867, ''),
('ce670ed4a3b6a5295a31d14b2bdbf6a1', '127.0.0.1', '0', 1469191131, ''),
('ce7fd950ac015b5bb459c76c0a98946d', '::1', 'Mozilla/5.0 (Windows NT 10.0; Win64; x64) AppleWebKit/537.36 (KHTML, like Gecko) Chrome/51.0.2704.103 Safari/537.36', 1468989391, ''),
('d0f1cfb241be677c6eeb965df7a7b41c', '127.0.0.1', '0', 1469191554, ''),
('d2621443bb5db782df589119689f5412', '::1', 'Mozilla/5.0 (Windows NT 10.0; Win64; x64) AppleWebKit/537.36 (KHTML, like Gecko) Chrome/53.0.2785.116 Safari/537.36', 1474447737, ''),
('d2e4362a764871454440b8295537c447', '::1', 'Mozilla/5.0 (Windows NT 10.0; Win64; x64; rv:48.0) Gecko/20100101 Firefox/48.0', 1474373007, ''),
('d2f23557284634774a1f6dff0d12a500', '::1', 'Mozilla/5.0 (Windows NT 10.0; Win64; x64) AppleWebKit/537.36 (KHTML, like Gecko) Chrome/53.0.2785.116 Safari/537.36', 1474447729, ''),
('d42f837eadd72241a09c901f34586477', '::1', 'Mozilla/5.0 (Windows NT 10.0; Win64; x64; rv:48.0) Gecko/20100101 Firefox/48.0', 1474373033, ''),
('d4c92490d1fce8e9e2b3c5cee69a07ae', '::1', 'Mozilla/5.0 (Windows NT 10.0; Win64; x64) AppleWebKit/537.36 (KHTML, like Gecko) Chrome/53.0.2785.116 Safari/537.36', 1474447718, ''),
('d680fb7a9fa6aba5cc0bea6884e434bb', '::1', 'Mozilla/5.0 (Windows NT 10.0; Win64; x64) AppleWebKit/537.36 (KHTML, like Gecko) Chrome/53.0.2785.116 Safari/537.36', 1474446587, ''),
('d783b593413d819a45ecff0f814d2058', '127.0.0.1', 'Mozilla/5.0 (Windows NT 10.0; Win64; x64) AppleWebKit/537.36 (KHTML, like Gecko) Chrome/51.0.2704.103 Safari/537.36', 1468991745, ''),
('da14fa4789257459000cc5677e9f3604', '127.0.0.1', '0', 1469191360, ''),
('db8a3f6347f9d13693b64d6d0e790cb5', '127.0.0.1', 'Mozilla/5.0 (Windows NT 10.0; Win64; x64) AppleWebKit/537.36 (KHTML, like Gecko) Chrome/51.0.2704.103 Safari/537.36', 1468991695, ''),
('dbf63d00ae17e225732a3e741a727edb', '127.0.0.1', 'Mozilla/5.0 (Windows NT 10.0; Win64; x64) AppleWebKit/537.36 (KHTML, like Gecko) Chrome/51.0.2704.103 Safari/537.36', 1468990574, ''),
('df576a1ceec86aa7fa8923225717cb8f', '127.0.0.1', 'Mozilla/5.0 (Windows NT 10.0; Win64; x64) AppleWebKit/537.36 (KHTML, like Gecko) Chrome/51.0.2704.103 Safari/537.36', 1468991805, ''),
('e09e91bad75a885b5877e044446a877f', '127.0.0.1', 'Mozilla/5.0 (Windows NT 10.0; Win64; x64) AppleWebKit/537.36 (KHTML, like Gecko) Chrome/51.0.2704.103 Safari/537.36', 1468990573, ''),
('e0dfb9f5755a3d17422016672b8a611a', '::1', 'Mozilla/5.0 (Windows NT 10.0; Win64; x64) AppleWebKit/537.36 (KHTML, like Gecko) Chrome/53.0.2785.116 Safari/537.36', 1474446586, ''),
('e1f05cd5a1c3553867785bee2284adff', '::1', 'Mozilla/5.0 (Windows NT 10.0; Win64; x64) AppleWebKit/537.36 (KHTML, like Gecko) Chrome/53.0.2785.116 Safari/537.36', 1474447728, ''),
('e2112fc650f81e942a3b2800eff9da84', '::1', 'Mozilla/5.0 (Windows NT 10.0; Win64; x64) AppleWebKit/537.36 (KHTML, like Gecko) Chrome/53.0.2785.116 Safari/537.36', 1474448201, ''),
('e23fc1427a6f440c94b5198151bea8f8', '127.0.0.1', 'Mozilla/5.0 (Windows NT 10.0; Win64; x64) AppleWebKit/537.36 (KHTML, like Gecko) Chrome/51.0.2704.103 Safari/537.36', 1468990557, ''),
('e27a1dfb55cdafde00736b58259021b0', '127.0.0.1', '0', 1469191375, ''),
('e27b0617c8ba612863bfd95fcf8f2872', '127.0.0.1', 'Mozilla/5.0 (Windows NT 10.0; Win64; x64) AppleWebKit/537.36 (KHTML, like Gecko) Chrome/51.0.2704.103 Safari/537.36', 1468993009, '');
INSERT INTO `tbl_ci_sessions` (`session_id`, `ip_address`, `user_agent`, `last_activity`, `user_data`) VALUES
('e2985aa29f9e131f65d77b4bd1bc3895', '::1', 'Mozilla/5.0 (Windows NT 10.0; Win64; x64) AppleWebKit/537.36 (KHTML, like Gecko) Chrome/53.0.2785.116 Safari/537.36', 1474446775, ''),
('e496cc6c034c39caf76c6f38904ec8a7', '127.0.0.1', '0', 1469191350, ''),
('e5b0f8070b5d59f5ac7ff3e0af1b67e2', '::1', 'Mozilla/5.0 (Windows NT 10.0; Win64; x64) AppleWebKit/537.36 (KHTML, like Gecko) Chrome/53.0.2785.116 Safari/537.36', 1474446584, ''),
('e7f5bc5bdda81a8c09247bbcf4cb509f', '::1', 'Mozilla/5.0 (Windows NT 10.0; Win64; x64) AppleWebKit/537.36 (KHTML, like Gecko) Chrome/53.0.2785.116 Safari/537.36', 1474446777, ''),
('e8d5d2b043b0be809caff2d3fb54ed53', '::1', 'Mozilla/5.0 (Windows NT 10.0; Win64; x64; rv:48.0) Gecko/20100101 Firefox/48.0', 1474373129, ''),
('ef64b0520526d75c117cea6110f3d138', '127.0.0.1', 'Mozilla/5.0 (Windows NT 10.0; Win64; x64) AppleWebKit/537.36 (KHTML, like Gecko) Chrome/51.0.2704.103 Safari/537.36', 1468990574, ''),
('f00dd4cc76d5ccd34d3f00d4e3ba12be', '::1', 'Mozilla/5.0 (Windows NT 10.0; Win64; x64; rv:48.0) Gecko/20100101 Firefox/48.0', 1474373005, ''),
('f061a2bd49c9e780d0686a441f616436', '::1', 'Mozilla/5.0 (Windows NT 10.0; Win64; x64) AppleWebKit/537.36 (KHTML, like Gecko) Chrome/51.0.2704.103 Safari/537.36', 1468989391, ''),
('f09e43c83700d3b9af20d0870e56eab7', '127.0.0.1', 'Mozilla/5.0 (Windows NT 10.0; Win64; x64) AppleWebKit/537.36 (KHTML, like Gecko) Chrome/51.0.2704.103 Safari/537.36', 1468991683, ''),
('f10510e1010b1d0623764ef39a0f3729', '::1', 'Mozilla/5.0 (Windows NT 10.0; Win64; x64) AppleWebKit/537.36 (KHTML, like Gecko) Chrome/53.0.2785.116 Safari/537.36', 1474447729, ''),
('f14edd699cbb70c7faf9bf8fb7558f04', '127.0.0.1', '0', 1469191338, ''),
('f20127a543fa77f415a19db55a2c7934', '::1', 'Mozilla/5.0 (Windows NT 10.0; Win64; x64) AppleWebKit/537.36 (KHTML, like Gecko) Chrome/51.0.2704.103 Safari/537.36', 1468989392, ''),
('f29c520bfa775050959ea4d2a72a751f', '::1', 'Mozilla/5.0 (Windows NT 10.0; Win64; x64; rv:48.0) Gecko/20100101 Firefox/48.0', 1474373215, ''),
('f504e2ee94f0a4e87eed856b50fd4a33', '::1', 'Mozilla/5.0 (Windows NT 10.0; Win64; x64) AppleWebKit/537.36 (KHTML, like Gecko) Chrome/53.0.2785.116 Safari/537.36', 1474447737, ''),
('f7ea609858b696b4c67ca28ea68bc9b7', '127.0.0.1', 'Mozilla/5.0 (Windows NT 10.0; Win64; x64) AppleWebKit/537.36 (KHTML, like Gecko) Chrome/51.0.2704.103 Safari/537.36', 1468990556, ''),
('f81400462f494419f61e45865a35e5e4', '::1', 'Mozilla/5.0 (Windows NT 10.0; Win64; x64) AppleWebKit/537.36 (KHTML, like Gecko) Chrome/53.0.2785.116 Safari/537.36', 1474446584, ''),
('f9275772048473f2001b66ed87212fc4', '127.0.0.1', 'Mozilla/5.0 (Windows NT 10.0; Win64; x64) AppleWebKit/537.36 (KHTML, like Gecko) Chrome/51.0.2704.103 Safari/537.36', 1468990447, ''),
('f92924d6e3128251f6c2be09bbc86dc5', '127.0.0.1', '0', 1469191307, ''),
('f9b4e43519538674d9a93b0171ab34b6', '::1', 'Mozilla/5.0 (Windows NT 10.0; Win64; x64) AppleWebKit/537.36 (KHTML, like Gecko) Chrome/53.0.2785.116 Safari/537.36', 1474446586, ''),
('fb1be8198cd7376b2f21b32581a65e11', '127.0.0.1', 'Mozilla/5.0 (Windows NT 10.0; Win64; x64) AppleWebKit/537.36 (KHTML, like Gecko) Chrome/51.0.2704.103 Safari/537.36', 1468990574, ''),
('fbfb519c38e8a68195b3a73b419a5d9c', '::1', 'Mozilla/5.0 (Windows NT 10.0; Win64; x64) AppleWebKit/537.36 (KHTML, like Gecko) Chrome/53.0.2785.116 Safari/537.36', 1474446586, ''),
('fcbab0991906ccc359439f477285d7a2', '127.0.0.1', 'Mozilla/5.0 (Windows NT 10.0; Win64; x64) AppleWebKit/537.36 (KHTML, like Gecko) Chrome/51.0.2704.103 Safari/537.36', 1468991805, ''),
('fcf5d2f24d435fc512614a60e80f7058', '::1', 'Mozilla/5.0 (Windows NT 10.0; Win64; x64) AppleWebKit/537.36 (KHTML, like Gecko) Chrome/53.0.2785.116 Safari/537.36', 1474447737, ''),
('fd7091f654bf23c495e3613d81a60811', '::1', 'Mozilla/5.0 (Windows NT 10.0; Win64; x64) AppleWebKit/537.36 (KHTML, like Gecko) Chrome/51.0.2704.103 Safari/537.36', 1468989391, '');

-- --------------------------------------------------------

--
-- Table structure for table `tbl_cms_menu`
--

CREATE TABLE `tbl_cms_menu` (
  `id` int(11) NOT NULL,
  `name` varchar(255) NOT NULL,
  `controller` varchar(255) NOT NULL,
  `parent_id` int(11) NOT NULL,
  `show_dashboard` enum('1','0') NOT NULL DEFAULT '0',
  `status` enum('yes','no') NOT NULL,
  `order` int(11) NOT NULL
) ENGINE=InnoDB DEFAULT CHARSET=latin1;

--
-- Dumping data for table `tbl_cms_menu`
--

INSERT INTO `tbl_cms_menu` (`id`, `name`, `controller`, `parent_id`, `show_dashboard`, `status`, `order`) VALUES
(1, 'Dashboard', 'dashboard', 0, '0', 'yes', 1),
(2, 'Users', 'backend_users', 0, '0', 'yes', 4),
(3, 'Manage Profiles', 'profile', 2, '0', 'yes', 0),
(4, 'Manage Admins', 'admin_user', 2, '0', 'yes', 0),
(5, 'Backend Settings', 'backend', 0, '0', 'yes', 3),
(6, 'Manage Sites', 'sites', 5, '0', 'yes', 0),
(7, 'Manage Modules', 'modules', 5, '0', 'yes', 0),
(8, 'Settings', 'settings', 0, '0', 'yes', 2),
(9, 'CMS', 'cms', 0, '0', 'yes', 6),
(10, 'Menu', 'menu', 9, '1', 'yes', 2),
(11, 'Content', 'content', 9, '1', 'yes', 3),
(16, 'Advertisement Mgmt.', 'advertisement_management', 0, '1', 'yes', 0),
(24, 'My Profile', 'my_profile', 0, '0', 'yes', 5),
(25, 'My Profile', 'my_profile', 24, '0', 'yes', 0),
(26, 'Forms', 'dynamic_form', 9, '1', 'yes', 4),
(27, 'Change Password', 'my_profile/change_password', 24, '1', 'yes', 0),
(28, 'Form Fields', 'form_fields', 9, '1', 'no', 0),
(31, 'Enterprise Category', 'enterprise_category', 44, '1', 'yes', 0),
(33, 'Enterprise', 'enterprise', 44, '1', 'yes', 1),
(34, 'Products', 'products', 45, '1', 'yes', 1),
(36, 'Manage Enterprise Users', 'enterprise_users', 2, '0', 'yes', 0),
(37, 'Category', 'category', 9, '0', 'yes', 1),
(38, 'Manage Emails', 'manage_emails', 0, '1', 'yes', 12),
(39, 'Product Category', 'product_category', 45, '0', 'yes', 0),
(40, 'Enquiry Log', 'enquiry_log', 0, '0', 'yes', 13),
(41, 'Product Review', 'product_review', 45, '0', 'yes', 2),
(42, 'Miscellaneous Mgmt', 'miscellaneous_manager', 0, '0', 'yes', 15),
(43, 'Domain Theme', 'domain_theme', 42, '1', 'yes', 0),
(44, 'Enterprise Mgmt', 'enterprise_manager', 0, '0', 'yes', 8),
(45, 'Product Mgmt', 'product_manager', 0, '0', 'yes', 11),
(46, 'Logos', 'logo', 42, '1', 'yes', 1),
(47, 'Ad. Price Setting', 'advertisement_price', 16, '1', 'yes', 30),
(48, 'Advertisement Provider', 'advertisement_provider', 16, '1', 'yes', 20),
(49, 'Advertisements', 'advertisement', 16, '0', 'yes', 10),
(50, 'Banner Mgmt.', 'banner_management', 9, '0', 'yes', 0),
(51, 'E-commerce Mgmt.', 'ecommerce_mgmt', 0, '1', 'yes', 0),
(52, 'Frontend Users', 'users', 51, '1', 'yes', 0),
(53, 'Order Mgmt.', 'orders', 51, '1', 'yes', 0);

-- --------------------------------------------------------

--
-- Table structure for table `tbl_content`
--

CREATE TABLE `tbl_content` (
  `id` int(11) NOT NULL,
  `site_id` int(11) NOT NULL,
  `alias` varchar(800) NOT NULL,
  `title` varchar(800) NOT NULL,
  `description` text NOT NULL,
  `content_link` varchar(800) NOT NULL,
  `category_id` int(11) NOT NULL,
  `keywords` varchar(800) NOT NULL,
  `metadescription` text NOT NULL,
  `created_by` int(11) NOT NULL,
  `created_date` datetime NOT NULL,
  `updated_by` int(11) NOT NULL,
  `updated_date` datetime NOT NULL,
  `status` enum('1','0') NOT NULL,
  `hits` int(11) NOT NULL,
  `title_image` varchar(255) NOT NULL,
  `image_status` enum('yes','no') NOT NULL
) ENGINE=InnoDB DEFAULT CHARSET=utf8;

--
-- Dumping data for table `tbl_content`
--

INSERT INTO `tbl_content` (`id`, `site_id`, `alias`, `title`, `description`, `content_link`, `category_id`, `keywords`, `metadescription`, `created_by`, `created_date`, `updated_by`, `updated_date`, `status`, `hits`, `title_image`, `image_status`) VALUES
(2, 1, 'who-we-are', 'WHO WE ARE', '<p>\n	Federation of Women Entrepreneurs Association Nepal (FWEAN) is an apex body of Women Entrepreneurs Associations in Nepal. It was established in July 11, 2003: with a Vision to contribute to nation building through socio-economic empowerment of women and a Mission to promote women entrepreneurship through advocacy, networking, information dissemination, capacity building and promotion of women entrepreneurs throughout the country.</p>\n<h4>\n	FWEAN works in 4 thematic areas namely:</h4>\n<ol>\n	<li>\n		<strong>Advocacy and lobby</strong> with the government and related organization on issues related to the woman&rsquo;s economic empowerment</li>\n	<li>\n		<strong>Creation and promotion of entrepreneurship</strong> in rural and urban areas</li>\n	<li>\n		<strong>Establishment and promotion of WEAN Chapters in</strong> 75 districts of Nepal</li>\n	<li>\n		<strong>Promotion and empowerment of its members through various programs</strong><br />\n		<br />\n		&nbsp;</li>\n</ol>\n<p>\n	In the area of Advocacy and Lobbing, FWEAN has been holding <strong>National Consultation Workshops</strong> every year to identify the issues related to woman&rsquo;s economic empowerment. Women from different districts gather together, not only to raise issues but also to provide suggestions for empowering women at various levels.</p>\n<p>\n	Some of the issues that have been identified and lobbied with the government have given good result with establishment of <strong>Women Entrepreneurship Development Fund</strong> by the government. This comes with a promise of increasing the fund yearly, at present the fund amount is 40 million. This fund will be released to the women entrepreneurs in the form of loan at low interest rate.</p>\n<p>\n	Women have always found it difficult to market their goods, so with the intention of promoting their business the establishment of the <strong>Woman&rsquo;s Craft Village</strong> was lobbied with the government; land has already been identified and Department of Cottage and Small Industry has agreed to provide the basic infrastructure for the building. It has yet to be handed over. The Women Craft Village provides a venue for women entrepreneurs from different sectors to come together to market or showcase their products.</p>\n<p>\n	<strong>Collateral free loan</strong> has always been a challenge to woman entrepreneurs for obtaining loan from the banks. Hence FWEAN has been lobbying with government and Nepal Rastra Bank, that woman entrepreneurs should get collateral free loan. Nepal Rastra Bank has already directed the banks to provide collateral free loan up to Rs. 500,000 at low interest rate.</p>\n<p>\n	<strong>For the Creation and promotion of entrepreneurship</strong> in rural and urban areas FWEAN has been providing skill based as well as capacity building trainings. It has also been advocating for a safe and healthy population by training women on vermin compost and organic farming. Such trainings have been provided not only in Kathmandu valley but also in Surkhet, Dang and a few other places.</p>\n<p>\n	It has also been providing skill based enterprise development training in the rural areas of Lalitpur District, namely Bhardev and Devichaur. The training has been provided in partnership with Lutheran World Federation (LWF) Nepal. With the support of ILO several programs in seven districts of Nepal have been conducted. The focus of program is to bring women from the informal sector into the mainstream business through support in registration process.</p>', '', 1, '', '', 1, '2015-06-28 12:43:00', 1, '2015-10-26 14:24:34', '1', 0, '', 'no'),
(3, 1, 'women-in-business', 'Women in Business', '<p>\n	Winbiz.com is the first ecommerce site of Nepal that promotes the products prepared by women entrepreneurs only. The aim of developing winbizz.com is to help reduce the gap exist between women entrepreneurs &nbsp;to reach international market by connecting buyers and entrepreneurs through web marketing of products produced by both small and large scale women enterprises.</p>\n<p>\n	<span style="font-size:18px;">EFFORTLESS SHOPPING ON WINBIZ.COM</span></p>\n<h4>\n	One-Stop Shopping Destination</h4>\n<p>\n	With hundreds of varieties of products across categories including health and beauty, home and living, fashion, jewelry, traditional foods and spices, handicraft, winbiz is the place to visit for all your shopping needs.&nbsp; You&rsquo;ll find purely nepali products made by nepali women hands exclusively on winbiz.&nbsp;</p>\n<h4>\n	Easy and Accessible Shopping</h4>\n<p>\n	No more traffic jams, crowds and long queues! Shop anytime, anywhere via your computer and mobile phone.&nbsp; With our quick and reliable delivery service, just sit back, relax and your package will come to you.&nbsp;</p>\n<h4>\n	Safe and Secure Shopping</h4>\n<p>\n	Understanding the importance of safe and secure shopping, we provide our customers with a broad range of secure payment options including cash-on-delivery, where you pay in cash only when you receive your package.&nbsp; Be assured of product quality and authenticity: All purchases on winbiz are guaranteed to be genuine products, new, not defective or damaged. If it is, simply return it within 7 days for a full refund under our Buyer Protection Program.&nbsp;</p>', '', 1, '', '', 1, '2015-06-28 15:54:46', 1, '2015-10-26 14:33:39', '1', 0, '', 'no'),
(4, 1, 'fwean', 'FWEAN', '<p>\n	<strong style="font-size:18px">FWEAN Partnership</strong></p>\n<br />\n<p>\n	<span style="font-size:14px;"><strong>FWEAN is affiliated to the following Associations and Organizations:</strong></span></p>\n<p>\n	<strong>Federation of Nepalese Chambers of Commerce and Industries (FNCCI)</strong> - FWEAN is represented at FNCCI as an Executive Member.</p>\n<p>\n	<strong>SAARC Chamber of Commerce and Industry (SCCI)</strong> &mdash; <strong>SCCI&nbsp;</strong>has been granted the status of a SAARC Regional Apex body in December 1992. SCCI brings together the national Chamber of Commerce and Industry of the seven SAARC countries. SCCI has established a permanent Secretariat in Islamabad, Pakistan. SCCI has played a significant role in promoting economic and trade cooperation in the region. The President of FWEAN is an Executive member of SCCI.</p>\n<p>\n	<strong>SAARC Chamber of Women Entrepreneurs Council (SCWEC)</strong> &mdash; <strong>SCWEC&nbsp;</strong>is a sector council of the SAARC Chamber of Commerce and Industry. One of the key objectives of the SCWEC has been to co-operation and networking among the women entrepreneurs of the SAARC region.&nbsp;</p>\n<p>\n	<strong>Nepal Business Forum(NBF)</strong>-<strong>NBF</strong> stimulates dialogue and group effort between the public and private sectors on issues related to the effective implementation and monitoring of laws and policies related to investment and business operations to identify constraints, limitations and barrier existing in business operations and growth of investment to make recommendations to the government for the development and growth of investment. The Secretary of Ministry of Women Children and Social Welfare is the Chair and FWEAN is the Co- Chair under which lie the women committees of FNCCI, FNCSI, and FHAN to work together.</p>\n<p>\n	<strong>National Business Initiative (NBI)</strong> &mdash; NBI deals with good business practices. &nbsp;This demonstrates our commitment for sustainable peace through socio-economic growth. FWEAN is represented at NBI as an Executive Member.</p>\n<p>\n	<strong>Nepal Chamber of Commerce (NCC)</strong> - FWEAN is a member of NCC.</p>\n<p>\n	<strong>Asia Women&#39;s Entrepreneurship Symposium (SAWES)</strong> - FWEAN is a steering committee member of SAWES.</p>\n<p>\n	<strong>RISHI TEA (US)</strong> -Rishi Tea(US) has been supporting the deprived and disadvantaged women in promoting their business through the funds it generates from its profit on sale of tea from Nepal</p>\n<p>\n	<strong>Susan Cummings-Findel Founder of Sunshine Ltd.</strong> - Has been supporting FWEAN in conducting various training in needy District Chapters.</p>\n<p>\n	<strong>Rotary Club of Jawalakhel</strong>- has been supporting various activities of FWEAN for the development of Women Entrepreneurship.</p>\n<p>\n	<strong>Board of Trade&nbsp;</strong>- FWEAN&rsquo;s representation at Board of Trade under the <strong>Ministry of Commerce and Supplies</strong> is to give recommendations and suggestions on women entrepreneurship development policies.</p>', '', 1, '', '', 1, '2015-06-30 11:15:20', 34, '2016-03-30 18:38:38', '1', 0, '', 'yes'),
(5, 1, 'cash-delivery', 'Cash Delivery', '<p>\r\n	Our Cash on Delivery service ensures you payment after you receive your order.</p>', '', 2, '', '', 1, '2015-06-30 11:37:46', 0, '0000-00-00 00:00:00', '1', 0, 'a3afe11940c0cf2205f1b653aab00252.png', 'yes'),
(6, 1, 'free-delivery', 'Free Delivery', '<p>No charge for the delivery of products.</p>', '', 2, '', '', 1, '2015-06-30 11:38:30', 0, '0000-00-00 00:00:00', '1', 0, '67af1c3027c0094d52efe7508aa37b8e.png', 'yes'),
(7, 1, 'guarantee', 'Guarantee', '<p>\r\n	We take full guarantee of quality products.</p>', '', 2, '', '', 1, '2015-06-30 11:39:02', 1, '2015-07-02 15:50:22', '1', 0, 'e1f2442c554853456ba10cb650fa03bf.png', 'yes'),
(8, 1, 'contact-us-content', 'Contact Us Content', '<p>\r\n	Please feel free to contact us for any queries and/or suggestions.</p>', '', 1, '', '', 1, '2015-07-02 16:06:20', 0, '0000-00-00 00:00:00', '1', 0, '', 'yes'),
(9, 1, 'contact-us', 'Contact Us', '<p>\n	Ramshah Path, Putalisadak, Kathmandu, Nepal</p>\n<p>\n	<span class="phone">+977-01-2003080, +977-01-2003080&nbsp;</span><span class="mobile">+977-01-4239942</span> <span class="mail">darshanashrestha@hotmail.com</span></p>', '', 1, '', '', 1, '2015-07-02 16:07:26', 34, '2016-03-30 15:30:29', '1', 0, '', 'yes'),
(10, 1, 'quick-contact', 'Quick Contact', '<p class="footer-text">\n	FWEAN Ramshah Path, Putalisadak,<br />\n	Kathmandu, Nepal<br />\n	Ph : +977-01-2003080<br />\n	Email : fwean.info@gmail.com</p>', '', 1, '', '', 1, '2015-07-06 15:31:48', 1, '2015-10-26 15:27:23', '1', 0, '', 'no'),
(11, 1, 'sharda-rijal', 'Sharda Rijal', '<p>\n	<img alt="" src="/ckfinder/userfiles/images/Sharada%20Rijal.jpg" style="width: 226px; height: 200px; float: left; margin-right: 20px; margin-bottom: 20px;" /> <strong style="font-size:18px">Sharada Rijal (Adhikari)</strong><br />\n	Sanepa-2, Lalitpur, Nepal<br />\n	pintomail13@gmail.com<br />\n	(M) 977-9851027559<br />\n	(O) 977-1-5551897<br />\n	(F) 977-1-5530110</p>\n<h4>\n	&nbsp;</h4>\n<div>\n	Professional Profile</div>\n<div>\n	&nbsp;</div>\n<div>\n	Over 25 years of experience as a business owner and entrepreneur. Expertise in areas ranging from business operations to marketing of handicraft and Nepalese garments worldwide.</div>\n<div>\n	&nbsp;</div>\n<div>\n	Key Accomplishments:</div>\n<div>\n	&nbsp;</div>\n<div>\n	Entrepreneur skilled in running start up companies. Has established 3 companies - Milan Garments, United Nepal Felt Industries &nbsp;and Lalit Handicrafts</div>\n<div>\n	Expert knowledge in manufacturing of Nepalese garments and handicraft. Currently exporting her products in countries such as Japan, Switzerland, Australia, Korean, U.K and many more. &nbsp;</div>\n<div>\n	Recognized by clients and colleagues as a professional with a high degree of personal integrity, passion for excellence, and a motivational leader for her employees.</div>\n<div>\n	Working for women empowerment since the beginning of her career. Currently employing more than 30 direct and 150 indirect women employees.</div>\n<div>\n	Success Story</div>\n<div>\n	&nbsp;</div>\n<div>\n	Ms. Rijal always saw herself as an entrepreneur but coming for a lower middle class family, her journey was not easy. Her father discouraged her to open her own business and thus she started her career as a primary and secondary school teacher. Even after getting married, Ms. Rijal&rsquo;s desire to do something on her own had not change. She convinced her husband to open her small sewing factory. She started Milan Garments in 1989 with $100, money she took out of her provident fund. With a never giving up attitude, she started her dream business with 3 sewing machines in a single rented room. As money was scared, she worked as a teacher in the day time and focused on her business at evening.</div>\n<div>\n	&nbsp;</div>\n<div>\n	Like any small startup company, Milan Garments had to struggle at first. Ms. Rijal borrowed more money from her husband, relatives and friends and invested into the company. At the same time, she quit her full time teaching profession and devoted her 100% time in her business. After few years of struggle, Ms. Rijal finally got an international client from Switzerland specializing in hats. This contact opened door to new networks and her business started blooming. A major success came when she got a huge international order to supply crazy hats for 1998 FIFA World Cup. She was the only women entrepreneur from Nepal doing so and thus was named the &ldquo;hat lady&rdquo; by an international magazine. Later the garment industry in Nepal was struck down by the decade long civil war and political instability in the country. Through one of her old staff she got the idea to diversify her business into felt products. Uncertain of this new field of handicraft, she started this division from her dining table with one only employee. She made the change in the right time and now her business is internationally recognized and gives employment to more than 30 women artisans.</div>\n<div>\n	&nbsp;</div>\n<div>\n	Professional Affiliations</div>\n<div>\n	&nbsp;</div>\n<div>\n	General Secretary, Federation of Women Entrepreneurs Association of Nepal (2014-Till Date )</div>\n<div>\n	Founder President, Felt industries Association of Nepal (2006-2012)</div>\n<div>\n	President, WEAN Multipurpose Co-operative (2006-2012)</div>\n<div>\n	Board Member, Federation of Handicrafts Association of Nepal (2009-2012)</div>\n<div>\n	Promoter Member, SAARC &nbsp;Chamber Crafts Village &nbsp;</div>\n<div>\n	Awards and Honors</div>\n<div>\n	&nbsp;</div>\n<div>\n	Successful Woman Entrepreneur awarded by &nbsp;Ministry of Industry Nepal ( 2010)</div>\n<div>\n	Best Woman Entrepreneur &nbsp;awarded by The Boss Magazine (2003)</div>', '', 1, '', '', 1, '2015-07-09 17:42:00', 34, '2016-03-30 10:09:32', '1', 0, '7657b526f026abdf696a47c79d1181f4.jpg', 'yes'),
(12, 1, 'test', 'Test', '<p>\n	Winbiz.com is the first ecommerce site of Nepal that promotes the products prepared by women entrepreneurs only. The aim of developing winbizz.com is to help reduce the gap exist between women entrepreneurs &nbsp;to reach international market by connecting buyers and entrepreneurs through web marketing of products produced by both small and large scale women enterprises.</p>', '', 1, '', '', 1, '2015-11-09 11:23:43', 0, '0000-00-00 00:00:00', '1', 0, '', 'yes'),
(13, 1, 'sharada-rijal', 'Sharada Rijal', '<div>\n	Professional Profile</div>\n<div>\n	&nbsp;</div>\n<div>\n	Over 25 years of experience as a business owner and entrepreneur. Expertise in areas ranging from business operations to marketing of handicraft and Nepalese garments worldwide.</div>\n<div>\n	&nbsp;</div>\n<div>\n	Key Accomplishments:</div>\n<div>\n	&nbsp;</div>\n<div>\n	Entrepreneur skilled in running start up companies. Has established 3 companies - Milan Garments, United Nepal Felt Industries &nbsp;and Lalit Handicrafts</div>\n<div>\n	Expert knowledge in manufacturing of Nepalese garments and handicraft. Currently exporting her products in countries such as Japan, Switzerland, Australia, Korean, U.K and many more. &nbsp;</div>\n<div>\n	Recognized by clients and colleagues as a professional with a high degree of personal integrity, passion for excellence, and a motivational leader for her employees.</div>\n<div>\n	Working for women empowerment since the beginning of her career. Currently employing more than 30 direct and 150 indirect women employees.</div>\n<div>\n	Success Story</div>\n<div>\n	&nbsp;</div>\n<div>\n	Ms. Rijal always saw herself as an entrepreneur but coming for a lower middle class family, her journey was not easy. Her father discouraged her to open her own business and thus she started her career as a primary and secondary school teacher. Even after getting married, Ms. Rijal&rsquo;s desire to do something on her own had not change. She convinced her husband to open her small sewing factory. She started Milan Garments in 1989 with $100, money she took out of her provident fund. With a never giving up attitude, she started her dream business with 3 sewing machines in a single rented room. As money was scared, she worked as a teacher in the day time and focused on her business at evening.</div>\n<div>\n	&nbsp;</div>\n<div>\n	Like any small startup company, Milan Garments had to struggle at first. Ms. Rijal borrowed more money from her husband, relatives and friends and invested into the company. At the same time, she quit her full time teaching profession and devoted her 100% time in her business. After few years of struggle, Ms. Rijal finally got an international client from Switzerland specializing in hats. This contact opened door to new networks and her business started blooming. A major success came when she got a huge international order to supply crazy hats for 1998 FIFA World Cup. She was the only women entrepreneur from Nepal doing so and thus was named the &ldquo;hat lady&rdquo; by an international magazine. Later the garment industry in Nepal was struck down by the decade long civil war and political instability in the country. Through one of her old staff she got the idea to diversify her business into felt products. Uncertain of this new field of handicraft, she started this division from her dining table with one only employee. She made the change in the right time and now her business is internationally recognized and gives employment to more than 30 women artisans.</div>\n<div>\n	&nbsp;</div>\n<div>\n	Professional Affiliations</div>\n<div>\n	&nbsp;</div>\n<div>\n	General Secretary, Federation of Women Entrepreneurs Association of Nepal (2014-Till Date )</div>\n<div>\n	Founder President, Felt industries Association of Nepal (2006-2012)</div>\n<div>\n	President, WEAN Multipurpose Co-operative (2006-2012)</div>\n<div>\n	Board Member, Federation of Handicrafts Association of Nepal (2009-2012)</div>\n<div>\n	Promoter Member, SAARC &nbsp;Chamber Crafts Village &nbsp;</div>\n<div>\n	Awards and Honors</div>\n<div>\n	&nbsp;</div>\n<div>\n	Successful Woman Entrepreneur awarded by &nbsp;Ministry of Industry Nepal ( 2010)</div>\n<div>\n	Best Woman Entrepreneur &nbsp;awarded by The Boss Magazine (2003)</div>', '', 1, '', '', 1, '2015-11-09 11:30:19', 1, '2015-11-09 11:38:03', '1', 0, '', 'yes'),
(14, 3, 'sunita-content', 'Sunita Content', '<p>\r\n	Lorem Ipsum is simply dummy text of the printing and typesetting industry. Lorem Ipsum has been the industry&#39;s standard dummy text ever since the 1500s, when an unknown printer took a galley of type and scrambled it to make a type specimen book. It has survived not only five centuries, but also the leap into electronic typesetting, remaining essentially unchanged. It was popularised in the 1960s with the release of Letraset sheets containing Lorem Ipsum passages, and more recently with desktop publishing software like Aldus PageMaker including versions of Lorem Ipsum.</p>', '', 1, '', '', 31, '2015-11-19 14:57:09', 31, '2015-11-25 15:22:35', '1', 0, '', 'yes'),
(15, 2, 'spicy-home-about-content', 'Spicy Home About Content', '<p>\r\n	This is the about us page for &#39;Spicy Home Pvt. Ltd.&#39;.</p>\r\n<p>\r\n	Contrary to popular belief, Lorem Ipsum is not simply random text. It has roots in a piece of classical Latin literature from 45 BC, making it over 2000 years old. Richard McClintock, a Latin professor at Hampden-Sydney College in Virginia, looked up one of the more obscure Latin words, consectetur, from a Lorem Ipsum passage, and going through the cites of the word in classical literature, discovered the undoubtable source. Lorem Ipsum comes from sections 1.10.32 and 1.10.33 of &quot;de Finibus Bonorum et Malorum&quot; (The Extremes of Good and Evil) by Cicero, written in 45 BC. This book is a treatise on the theory of ethics, very popular during the Renaissance. The first line of Lorem Ipsum, &quot;Lorem ipsum dolor sit amet..&quot;, comes from a line in section 1.10.32.<br />\r\n	<br />\r\n	The standard chunk of Lorem Ipsum used since the 1500s is reproduced below for those interested. Sections 1.10.32 and 1.10.33 from &quot;de Finibus Bonorum et Malorum&quot; by Cicero are also reproduced in their exact original form, accompanied by English versions from the 1914 translation by H. Rackham.<br />\r\n	<br />\r\n	There are many variations of passages of Lorem Ipsum available, but the majority have suffered alteration in some form, by injected humour, or randomised words which don&#39;t look even slightly believable. If you are going to use a passage of Lorem Ipsum, you need to be sure there isn&#39;t anything embarrassing hidden in the middle of text. All the Lorem Ipsum generators on the Internet tend to repeat predefined chunks as necessary, making this the first true generator on the Internet. It uses a dictionary of over 200 Latin words, combined with a handful of model sentence structures, to generate Lorem Ipsum which looks reasonable. The generated Lorem Ipsum is therefore always free from repetition, injected humour, or non-characteristic words etc.</p>', '', 1, '', '', 32, '2015-11-25 15:52:53', 0, '0000-00-00 00:00:00', '1', 0, '', 'yes'),
(17, 10, 'about-us', 'About Us', '<div>\n	Beekeeping and Research Center viz The Beekeeping Shop, is a pioneer organization involved in beekeeping and marketing of bee products for almost two decades. The organization believe in production and marketing of quality bee products for sustainable beekeeping development in Nepal. It aims to promote and improve the beekeeping situation in Nepal by sharing the experiences and knowledge to manage the bees in order to produce more honey and upgrading the quality of Nepalese honey. This will increase the export possibilities and the income of the rural farmers with development of the beekeeping industry as well as the beekeepers of Nepal.</div>\n<div>\n	&nbsp;</div>\n<div>\n	&nbsp;</div>\n<div>\n	The current activities of the organization can be summarized as follow:</div>\n<div>\n	&nbsp;</div>\n<div>\n	&bull; &nbsp; &nbsp;Marketing support to sell beekeeping product ( honey, beeswax etc.)</div>\n<div>\n	&nbsp;</div>\n<div>\n	&bull; &nbsp; &nbsp;Providing information on beekeeping to the needy people on request</div>\n<div>\n	&nbsp;</div>\n<div>\n	&bull; &nbsp; &nbsp;Production of the beekeeping equipment locally</div>\n<div>\n	&nbsp;</div>\n<div>\n	&bull; &nbsp; &nbsp;Research on Nepalese honey and incidence of honey bee diseases in Nepal</div>\n<div>\n	&nbsp;</div>\n<div>\n	&bull; &nbsp; &nbsp;Honey quality analysis</div>\n<div>\n	&nbsp;</div>\n<div>\n	&bull; &nbsp; &nbsp;Training on beekeeping</div>\n<div>\n	&nbsp;</div>\n<div>\n	Available Bee Products, Beekeeping Euipment and Services</div>\n<div>\n	&nbsp;</div>\n<div>\n	Bee Products</div>\n<div>\n	&nbsp;</div>\n<div>\n	&bull; &nbsp; &nbsp;TBS Pure Honey of different flower sources - The Goodness of Nepalese Nature</div>\n<div>\n	&bull; &nbsp; &nbsp;Beeswax Cream</div>\n<div>\n	&bull; &nbsp; &nbsp;Beeswax Candle</div>\n<div>\n	&bull; &nbsp; &nbsp;Pollen</div>\n<div>\n	&bull; &nbsp; &nbsp;Propolis</div>\n<div>\n	&bull; &nbsp; &nbsp;Royal Jelly</div>\n<div>\n	&nbsp;</div>\n<div>\n	Beekeeping Equipment</div>\n<div>\n	&nbsp;</div>\n<div>\n	&bull; &nbsp; &nbsp;Beehives and Accesories</div>\n<div>\n	&nbsp;</div>\n<div>\n	&nbsp;</div>\n<div>\n	Information and Training</div>\n<div>\n	&bull; &nbsp; &nbsp;Information on beekeeping to the needy people on request</div>\n<div>\n	&bull; &nbsp; &nbsp;Training on beekeeping</div>\n<div>\n	&nbsp;</div>\n<div>\n	Research and Development</div>\n<div>\n	&nbsp;</div>\n<div>\n	&bull; &nbsp; &nbsp;Honey quality analysis</div>\n<div>\n	&bull; &nbsp; &nbsp;Research and Development on Bees, Beekeeping and Honey</div>\n<div>\n	&nbsp;</div>\n<div>\n	Bee Hives and Accessories</div>\n<div>\n	Modern beehives and necessary accessories, produced at beekeeping workshop, are available. Regular support required for beekeepers will also be provided if necessary.</div>\n<div>\n	&nbsp;</div>\n<div>\n	The Team</div>\n<div>\n	&nbsp;</div>\n<div>\n	The Beekeeping Shop represents Beekeeping and Research Centre and is associated with Beekeeping Workshop, Godawari. The Beekeeping Shop is established after the completion of the &quot;Beekeeping Training and the Extension Support Project &quot; (BETRESP&quot;-a joint project of Govt. of Nepal and the Netherlands Development Organization) with the initial support of the project and the involvement of the project staff in 1995.</div>\n<div>\n	&nbsp;</div>\n<div>\n	The team of the Beekeeping Shop consists of well trained experts in beekeeping extension, production of equipment, honey quality analysis and marketing.</div>\n<div>\n	&nbsp;</div>\n<div>\n	The organization is lead by experienced honey expert, Ms. MahalaxmiShrestha. She is Msc. in Botany and M.A. in Sociology from Tribhuvan University, Kathmandu, Nepal and have undertaken various national and international training related to beekeeping specifically in Honey quality, chemical and microscopic analysis of Honey; Bee disease diagnosis and treatment; Food analysis and packaging etc.</div>\n<div>\n	She is associated in professional societies as founder General Secretary to executive committee of ApiNet-Nepal, general member of WEAN-Cooperatives, Asian Apiculture Association (Japan) and Executive Member of F-WEAN.</div>\n<div>\n	&nbsp;</div>', '', 1, '', '', 1, '2015-12-15 17:17:27', 0, '0000-00-00 00:00:00', '1', 0, '', 'yes'),
(18, 10, 'contact', 'Contact', '<div>\n	Contact Us</div>\n<div>\n	&nbsp;</div>\n<div>\n	The Beekeeping Shop</div>\n<div>\n	Manbhawan, Lalitpur, Patan</div>\n<div>\n	&nbsp;</div>\n<div>\n	P.O. Box : &nbsp; &nbsp; 12730 Kathmandu, Nepal</div>\n<div>\n	Telephone : 5547278</div>\n<div>\n	e-mail : &nbsp; &nbsp; &nbsp; &nbsp; beekeepingshop@mail.com</div>\n<div>\n	&nbsp; &nbsp; &nbsp; &nbsp; &nbsp; &nbsp; &nbsp; &nbsp; &nbsp; &nbsp; &nbsp; &nbsp;TBSnepal@gmail.com</div>', '', 1, '', '', 1, '2015-12-15 17:18:03', 0, '0000-00-00 00:00:00', '1', 0, '', 'yes'),
(19, 16, 'about-us', 'About Us', '<p>\n	<strong>Milan Garments</strong>, established in July 1989, is a manufacturing, trading and export company run by a woman entrepreneur. It has huge capacity in the production of readymade garments and head wears. This company has specialized in Crazy and Fancy Hats which are well-accepted in European markets. We currently export to Switzerland, Germany, UK, Japan, Israel, France&amp; South Africa. During the World Cup 98, we supplied huge quantity Crazy Hats in France. The company has enough capacity produce and assures prompt delivery on time. &nbsp;<br />\n	We are also associate member of Nepal Foreign Trade Association, Nepal Handicraft Association and Women Entrepreneur&#39;s Association of Nepal (WEAN). Our MD of Milan Garments the Vice-Chairperson of WEAN Cooperative (A Women Producer&#39;s Marketing Co-Operative)<br />\n	<br />\n	<strong>Background<br />\n	&quot;What we women should do is build our own identity and also contribute something constructive to our society - this fulfills the purpose of life in some way.&quot;</strong><br />\n	Ms.SharadaRijal, Managing Director Milan Garments<br />\n	The MD Ms. SharadaRijal, began her venture with three sewing machines, manufacturing children&#39;s wear and supplying them to wholesale agents. Two years later, she was introduced to a European garment buyer who was visiting Kathmandu then, this gentlemen, who later on asked her to produce some samples of hats based on his needs, apparently introduced a market in the international arena. Since then, Milan Garments has been producing hats of different varieties and for different occasions - hats that blend design with moods, expressions, and attitudes.<br />\n	<br />\n	<strong>Goals &amp; Objectives</strong><br />\n	The main goal of this company is to bring women in the mainstream of business and economy by way of generating income and creating employment opportunities. Maintaining quality and prompt delivery on the other hand are also mainly focused goals of this company. In this manner, the further goal of this company is to become a reputed and best-selling company of Nepal with respect to its product-lines, and become socially responsible too.<br />\n	&bull;&nbsp;&nbsp; &nbsp;To emphasize cost effectiveness and quality for greatest customer satisfaction.<br />\n	&bull;&nbsp;&nbsp; &nbsp;To build flexibility in terms of changes in customers&rsquo; attitudes, demands and other environmental influences.<br />\n	&bull;&nbsp;&nbsp; &nbsp;To provide employment opportunities to the underprivileged section of society, particularly women.<br />\n	&bull;&nbsp;&nbsp; &nbsp;To utilize locally available resources and manpower in the production and operations process.<br />\n	Milan Garments currently employs 30 women who make felt, sewing, stitching and administration.<br />\n	They all work no more than 8 hours a day from 9 to 5 with a lunch break for 6 days a week. The work week in Nepal starts from Sunday to Friday due to a huge amount of public holidays of which the workers of Milan Garments have 15 plus additional 12 days of paid vacation. On top of that Milan Garments provides sick leave and leave for family reasons.<br />\n	The company provides an additional remuneration to the monthly salary that is similar to the 13th salary in European countries and is paid prior to the big holiday season in October to facilitate the preparations of families for the prayers, feasts and presents.<br />\n	Since 1989, we exports the hand made products to the world.</p>', '', 1, '', '', 1, '2015-12-18 12:20:16', 1, '2015-12-18 14:47:50', '1', 0, '', 'yes'),
(20, 17, 'about-us', 'About Us', '<div>\n	<strong>Firm Overview&nbsp;</strong></div>\n<div>\n	Established in 1993 A.D,&nbsp;<strong>HAJURI KHADHYA UDHYOG &quot;HKU&quot;</strong>&nbsp;is a reputed firm among small scale agro-products situated in Lalitpur district of Nepal. HKU has been a prominent name among the small scale agro-enterprises in Nepal and it has been delivering varieties of Nepali pickles and candies for both domestic and international consumers for over 20 years. The firm sells its products to well-known association promoting women entrepreneurship (WEAN) through &quot;<strong>NAVARAS</strong>&quot; brand.&nbsp;</div>\n<div>\n	&nbsp;</div>\n<div>\n	It is also selling its product under its own brand &quot;<strong>KITCHEN RECIPE</strong>&quot; through a well known consumer goods chain Bhat-Bhateni super market. Kitchen Recipe also prepares pickles and &quot;sikarni&quot; (sweetened yogurt) for special occasions as per clients requests.</div>\n<div>\n	&nbsp;</div>\n<div>\n	<strong>Products&nbsp;</strong></div>\n<div>\n	The firm uses different types of raw materials most of which can be locally purchased including mango, &ldquo;lapsi&rdquo; (a sour fruit with pulp), chilly, lemon, spinach, radish, garlic etc. It produces wide varieties of pickle, including its marquee product Meat and &ldquo;Akabare&rdquo; pickle, &ldquo;titaura&rdquo;(sweet and spicy candies made out of &quot;Lapsi&quot;), &ldquo;Kwaati&quot; (assorted beans) and &quot;Gundruk&quot; (sundried mustard leaves). These products have huge prominence in Nepali household which means the appetite for the products is high.</div>', '', 1, '', '', 1, '2015-12-18 12:44:55', 0, '0000-00-00 00:00:00', '1', 0, '', 'yes'),
(21, 14, 'about-us', 'About Us', '<p>\n	INTRODUCTION<br />\n	<br />\n	Nepal has distinct topographical zones from high Himalayas in north to flat fertile low land in south. The nature has blessed this country with a paradise of widely diversified flora with varieties of herbal plants.<br />\n	<br />\n	NATURE NEPAL is a women enterprise located in Kathmandu, Nepal. It manufactures and markets handcrafted aromatic herbal soaps and other herbal products, such as herbal liquid soap, herbal moth balls and oils etc.<br />\n	<br />\n	NATURE NEPAL is committed to high quality natural and animal fat free products except for the yak milk. It manufactures handcrafted soaps using traditional cold process method with only natural ingredients and food grade vegetable oils.<br />\n	<br />\n	NATURE NEPAL is established to promote self reliance for the underprivileged women by utilizing their skill in the development of sustainable harvested herbal plant products. Its products are completely handcrafted by the women whose works enables them to support their families.<br />\n	<br />\n	Aromatic Soap with essential oils<br />\n	The aromatic soaps are made in small batches with the blend of finest essential oils. The essential oils (potent aromatic substances extracted from the fragrant plants) provide aromatic therapy for physical and emotional healing. Aromatic soaps containing these essential oils are used for aromatic therapy for the healing of the exterior skin problems .Aromatic soaps add more pleasure to the bath. These soaps should always be kept in a well drained soap dish to keep them dry. With just a little care the life of our soap can be prolonged.</p>', '', 1, '', '', 1, '2015-12-18 12:48:14', 0, '0000-00-00 00:00:00', '1', 0, '', 'yes'),
(22, 13, 'about-us', 'About Us', '<div>\n	<em>The art of traditional &amp; contemporary candle making</em></div>\n<div>\n	&nbsp;</div>\n<div>\n	Established in 1998,&nbsp;<strong>Candles and Crafts</strong>&nbsp;re- created the traditional art of candle making in a contemporary mound. &nbsp;<strong>Sunita Vaidya Shrestha</strong>&nbsp;put together this fusion of the traditional and modern method by using bee wax and &nbsp;paraffin wax into creating over a hundred different products like ceramic candles, perfumed candles , floating candles , fancy candles and handmade candles and traditional candles etc.&nbsp;</div>\n<div>\n	&nbsp;</div>\n<div>\n	The product created by candles and crafts have , over the years gained a sizable market share in Nepal and are now being exported to the far corners of the world. &nbsp;</div>', '', 1, '', '', 1, '2015-12-18 12:52:13', 0, '0000-00-00 00:00:00', '1', 0, '', 'yes'),
(23, 13, 'contact', 'Contact', '<div>\n	<strong>Address:</strong></div>\n<div>\n	Lazimpat , Kathmandu Nepal</div>\n<div>\n	Telephone number: &nbsp;4445651, Mob 9851084246, 9841279574</div>\n<div>\n	Mail address: contactsunita@hotmail.com</div>\n<div>\n	&nbsp;</div>', '', 1, '', '', 1, '2015-12-18 13:01:55', 1, '2015-12-18 13:03:06', '1', 0, '', 'yes'),
(24, 12, 'about-us', 'About Us', '<p>\n	Just over ve years old, Nepal Republic Media (NRM) is a young organization with a highly experienced team. Established in 2008, today NRM is a recognized media house that brings out two broadsheet dailies, Nagarik Dainik in Nepali and Republica National Daily in English and a weekly tabloid newspaper, Shukrabar. Our papers have been successful in catering to those readers who are in a need of an independent, honest, bold and objective journalism.<br />\n	We came into existence with the objective of creating a media house that would be the true voice of the voiceless, a firm supporter of democracy and the most trusted companion of the society. Our news is generated countrywide with journalists and other staffs from Mechi to Mahakali.&nbsp; We print our newspapers from the capital Kathmandu, from Nepalgunj in Western Nepal and from Biratnagar in Eastern Nepal. To cater to the regional readers we have Purbeli and Paschimeli, both 4-page supplements that cover eastern and western regions of Nepal respectively. Besides, we are also the proud&nbsp; ofcial printing partner for International New York Times (INYT), global edition of New York Times, in Nepal. Thus, within a short period of time, we have been able to achieve our target of expanding our reach across the country.<br />\n	We provide a real picture of the society to the people. In the process we never forget our main responsibility of changing the society for better.</p>', '', 1, '', '', 1, '2015-12-18 14:32:37', 0, '0000-00-00 00:00:00', '1', 0, '', 'yes'),
(26, 9, 'contact', 'Contact', '<div>\n	AamaImpex</div>\n<div>\n	PO Box 257, 263 JogiPakoMarg, Kaldhara, Kathmandu-16, Nepal</div>\n<div>\n	Tel: +977 1 4251170, cell: +977 9851025629</div>\n<div>\n	e-mail: info@aamacraft.com &nbsp; &nbsp;website: www.aamacraft.com</div>\n<div>\n	&nbsp;</div>', '', 1, '', '', 1, '2015-12-18 14:36:24', 0, '0000-00-00 00:00:00', '1', 0, '', 'yes'),
(27, 9, 'about-us', 'About Us', '<div>\n	<em>Mission&nbsp;</em>: To revive the rich Himalayan natural fibres.</div>\n<div>\n	&nbsp;</div>\n<div>\n	<em>Vision &nbsp;</em>: &nbsp; &nbsp;Going deep into the roots of Himalayan hand-woven textiles and crafts to find its relevance in &nbsp;&nbsp;</div>\n<div>\n	the present context.</div>\n<div>\n	&nbsp;</div>\n<div>\n	At Aama Quality is not a mere word but is a parameter on which our success depends. Our well equipped manufacturing &nbsp;unit with all equipment needed in production process is the driving force behind our success story. We use best quality raw material that has helped us in getting a wide acceptance in domestic as well as international markets. We have highly skilled and competent team who make substantial contribution in the basic quality of the materials as well as the innovative products we offer.</div>\n<div>\n	&nbsp;</div>\n<div>\n	We compete effectively in today&rsquo;s global business environment by constantly delivering cost competitive and high quality products and services that meet &nbsp;or exceed customer&rsquo;s expectations.</div>\n<div>\n	&nbsp;</div>\n<div>\n	AamaImpex is a private company established in 1985 and registered under the Ministry of Commerce. The main business lines are export (60%) and retail (40%). The company started exporting all kinds of handicrafts but little by little reoriented its activity towards Nettle natural fibre, and Pashmina.</div>\n<div>\n	A manufacturing unit Aama Craft was established in 1994 and registered under Ministry of Industry, so that Aama Group integrates the manufacturing and trading activities.</div>\n<div>\n	&nbsp;</div>\n<div>\n	Aama was awarded several awards over the years. In 1993 was rewarded as the best decorated stall at the 2nd Handicraft Trade Fair. In 2000 Aama was recognized as one of the top four exporters of Pashmina goods by Handicraft Association of Nepal (HAN). The company was also selected many times to participate in International Trade Fairs.</div>\n<div>\n	&nbsp;</div>\n<div>\n	Product lines are made of accessories, garments, knitwears and home furnishing. Fibres used are best quality Allo (Nettle) natural fibres, silk and pashminas, cotton and wool. Locally products are sold through the company&rsquo;s outlet which is located in Club Himalaya, Nagarkot (one of 5 star resort in Nepal) and also directly from the plant.</div>\n<div>\n	&nbsp;</div>\n<div>\n	We use best quality raw material that has helped us in getting a wide acceptance in domestic as well as international markets. We have highly skilled and competent team who make substantial contribution in the basic quality of the materials as well as the innovative products we offer.</div>\n<div>\n	&nbsp;</div>', '', 1, '', '', 1, '2015-12-18 14:40:22', 0, '0000-00-00 00:00:00', '1', 0, '', 'yes'),
(28, 8, 'about-us', 'About Us', '<p>\n	<strong>Paper Cloth</strong><br />\n	<br />\n	Imagine!!!!!&nbsp;&nbsp;&nbsp;&nbsp;&nbsp; What a piece of paper can do !<br />\n	&nbsp;&nbsp; &nbsp;<br />\n	Paper cloths are made from threads of &ldquo;Lokta&rdquo; paper in combination with, either, cotton, silk, wool, nettle fiber etc.&nbsp;<strong>Entirely handmade</strong>&nbsp;from the process of making paper to thread, to products. It can be colored, embroidered, printed and washed.<br />\n	<strong>Washing instruction:</strong>&nbsp;best dry cleaned. When washed by hand:&nbsp; gentle wash, dip dry, do not wring<br />\n	Iron while still damp</p>\n<p>\n	<strong>Uniqueness of the Product</strong><br />\n	The production of &quot;Lokta&quot; paper also known as &quot;rice paper&quot; has become one of the Nepal&#39;s best example of community oriented small scale cottage industry. The extra-long fibers of &quot;Lokta&quot; in handmade paper give it strength unmatched by machine made paper. This paper is so strong that is can easily be dyed, even tie-dyed. It will not brittle with age and has natural insect repellent properties.<br />\n	<br />\n	<strong>Ancient Art</strong><br />\n	The tradition of making handmade paper from the bark of Daphne shrub, popularly known as &#39;Lokta&#39; in Nepal dates back to ancient times, where Hinduism and Buddhism scripts were written on such handmade paper. Legal institution and government offices till this day still use this paper because the documents can be preserved for centuries.<br />\n	<br />\n	<strong>Modern Application</strong><br />\n	This &#39;Lokta&#39; paper can be used for writing, artwork and even with modern day computer printers. Give personal touch by sending out exclusive cards, decorated writing sets and envelopes.<br />\n	<br />\n	<strong>Project engineering and management</strong><br />\n	Nepal Paper Crafts (NPC) had adopted a simple labor intensive technology to provide maximum employment opportunities for the Nepalese people that we believe will contribute towards poverty elevation. The company is managed by team of women, who are assisted by consultants in the field of finance and engineering. NPC has brought out its own range of exclusive paper using &#39;Lokta&#39; with other local organic materials.<br />\n	<br />\n	<strong>Our service added Products</strong><br />\n	One would be surprised at what a piece of this paper could do. The basic raw material is for decorative paper. Products range from note books, decorated writing sets, A4 sheets and envelops, gift boxes, bags and card for all occasions, all in different size, colors and designs. We specialize in making Lokta paper cloth which is washable, can be printed or embroidered.</p>', '', 1, '', '', 1, '2015-12-18 14:41:54', 0, '0000-00-00 00:00:00', '1', 0, '', 'yes'),
(29, 6, 'about-us', 'About Us', '<p>\n	<strong>MAHI enterprises-Where heaven meets earth!!</strong><br />\n	<br />\n	The purity of this is what we want to make available to you. We at MAHI strive to bring products from different parts of Nepal in its natural form. NO pesticide NO chemicals.<br />\n	<br />\n	Women at home are encouraged to revive the skills of making our traditional food in a clean environment using natural materials.<br />\n	<br />\n	Orders can be made for foods items for all occasions. Just call 4480653, place your order and relax.<br />\n	<br />\n	Minimum quantity and a few days&#39; time are required for delivery for certain items. Delivery charge is calculated on the basis of amount ordered and approximate distance calculated. Payment has to be made upon delivery. Advance payment may have to be made depending on the size of the order.<br />\n	<br />\n	Event management linkages and online facility will be made in the near future.<br />\n	<br />\n	At present we have products from Raswa, Jajarkot, Morang and Nabalparasi and are looking for linkages with other districts.<br />\n	<br />\n	Some of our products:-<br />\n	Different varieties of rice, lentils, beans, flour, pickles, spices, honey, vegetables.<br />\n	Sel roti, goji, phini, laddu, anarasa, phurandana, nimki, lapsi candies etc..</p>', '', 1, '', '', 1, '2015-12-18 14:52:36', 0, '0000-00-00 00:00:00', '1', 0, '', 'yes'),
(30, 6, 'contact', 'Contact', '<p>\n	Contact address:<br />\n	Ph: 4480653, House No: 302,<br />\n	BalBhadraMarga (near global bank), Baneshwor,<br />\n	Kathmandu, Nepal</p>', '', 1, '', '', 1, '2015-12-18 14:52:59', 0, '0000-00-00 00:00:00', '1', 0, '', 'yes'),
(31, 4, 'about-us', 'About Us', '<p>\n	Kunja Artistic Bead Works is a woman enterprise pioneering in bead craft established in 1990. Since its establishment, it has been exporting bead craft providing employment to hundreds of needy women. It has specialized in bead jewelry such as earrings, necklace, bangles and different accessories. It also produces gift items such as bags, wall hangings, place mats, coasters and many more decorative items made from beads.<br />\n	KABW&rsquo;s core concept is to provide an income source for deprived women who lack formal education or training to get employment anywhere else. Nepalese women have been weaving beads traditionally since centuries. KABW utilizes this traditional bead weaving skill as an income-generating source for women.<br />\n	<br />\n	Each item made at KABW is produced delicately and with utmost care without a slightest budge on quality control. The manufacturing process is very elaborative and exhaustive but the supreme skill of our sisters makes sure that they are not compromised on quality and fineness. There is no machine or automation involved in any of the production process. No health hazardous items are used in our products. The products are creative design hand-made on its entirety. &nbsp;</p>', '', 1, '', '', 1, '2015-12-19 20:31:41', 0, '0000-00-00 00:00:00', '1', 0, '', 'yes'),
(32, 4, 'contact', 'Contact', '<p>\n	Kunja Artistic Bead Works<br />\n	P.O BOX 8557<br />\n	Mahadevsthan-07, Kathmandu<br />\n	Email: kabwnepal@gmail.com<br />\n	Telephone: 4312490/ 9841554077(mobile)</p>', '', 1, '', '', 1, '2015-12-19 20:32:18', 0, '0000-00-00 00:00:00', '1', 0, '', 'yes'),
(33, 19, 'about-us', 'About Us', '<p>\n	Thames International College is a premier academic institutions offering variety of undergraduate programs. Located in the heart of the city precinct Baneshwor, a cultural melting pot of communities from all over the country, the college caters to the students from all corners of Nepal.The college comprises of two schools, AMS School of Business and Technology and School of Social Sciences.<br />\n	<br />\n	AMS School of Business and Technology currently offers Bachelor in Business Administration (BBA), Bachelor in Business Studies (BBS) and Bachelor in Information Management (BIM) while the newly established School of Social Sciences offers Bachelor of Arts (BA) in Social Work and Rural Development, Bachelor of Arts (BA) in Journalism, Mass Communication &amp; Sociology &amp; Bachelor of Arts (BA) in Rural Development &amp; Sociology.<br />\n	<br />\n	Setting us apart from prevalent education models in Nepal, Thames takes a bespoke approach to students&rsquo; learning. Experienced academicians and student centric environment at Thames, not only enable students to make independent choices but also instill values of leadership to face real world challenges. Thames offers small class room setting to enhance interactive learning.<br />\n	<br />\n	&nbsp;</p>', '', 1, '', '', 1, '2015-12-20 14:28:13', 0, '0000-00-00 00:00:00', '1', 0, '', 'yes'),
(34, 19, 'contact', 'Contact', '<p>\n	PO Box 1195<br />\n	Surya Bikram Gyawali Marg<br />\n	Old Baneshwor, Kathmandu<br />\n	<br />\n	Phone: +977 (1) 4464584, 4465660, 4499324<br />\n	Email: info@thamescollege.edu.np</p>', '', 1, '', '', 1, '2015-12-20 14:31:06', 0, '0000-00-00 00:00:00', '1', 0, '', 'yes'),
(35, 20, 'about-us', 'About Us', '<p>\n	<strong>Introduction</strong></p>\n<p>\n	Kanchanjangha Tea Estate and Research Centre, The First organic Certified Tea Garden in Nepal, is located at Ranitar in the remote hilly region of Panchthar district in eastern Nepal bordering the tea area of Darjeeling at an altitude of 1300-1800m. The garden lies at the foothills of Mt. Kanchanjangha which covers the largest vegetation area with a combination of unique blends of natural factors for the growth of exclusive aromatic tea. The enterprise was launched in 1984 by the local farmers on a cooperative model. Over 100 farmers joined hands, pooled their marginal land holdings and became owners of the first orthodox tea plantation covering nearly 94 hectares of land. The land which was barely enough to sustain them is now utilized to produce High Quality Organic Orthodox Tea of the Himalayas.</p>\n<p>\n	<strong>Mission Statement</strong></p>\n<p>\n	Kanchanjangha Tea Estate and Research Centre was established with the objective of improving the living standard of the farmers in the remote villages, by increasing income without exploiting or disturbing the nature. The aim will be further supported by selling the tea in international niche markets. In addition, KTE will also play a key role in encouraging the area&rsquo;s small farmers to grow tea, spices and herbs organically in their uncultivated land and to:<br />\n	&bull;&nbsp;&nbsp; &nbsp;Protect land erosion and soil degradation and carbon sequestration through massive cultivation.<br />\n	&bull;&nbsp;&nbsp; &nbsp;Practice Organic Agriculture using locally available farmyard manure, green manure and Ayurvedic practices.<br />\n	&bull;&nbsp;&nbsp; &nbsp;Provide social support to workers/ farmers involved in the venture.<br />\n	&bull;&nbsp;&nbsp; &nbsp;Supply residue-free products to consumers through specialty tea markets, Organic dealers and Fair Trade Organizations.</p>', '', 1, '', '', 1, '2015-12-30 15:19:44', 0, '0000-00-00 00:00:00', '1', 0, '', 'yes');
INSERT INTO `tbl_content` (`id`, `site_id`, `alias`, `title`, `description`, `content_link`, `category_id`, `keywords`, `metadescription`, `created_by`, `created_date`, `updated_by`, `updated_date`, `status`, `hits`, `title_image`, `image_status`) VALUES
(36, 20, 'contact', 'Contact', '<p>\n	<strong>Contact</strong></p>\n<p>\n	KTE Foundation<br />\n	Lagankhel-5, Lalitpur, Nepal<br />\n	Tel: +977-1-5121135 / 55366933<br />\n	Email:: info@ktefoundation.com.np<br />\n	Main Branch</p>', '', 1, '', '', 1, '2015-12-30 15:20:14', 1, '2015-12-30 15:34:18', '1', 0, '', 'yes'),
(37, 1, 'success-story', 'Success Story', '<h1 align="center">\n	My Journey from Housewife To Woman Entrepreneur</h1>\n<p align="right">\n	Sitara Rajbhandari</p>\n<p>\n	I am very exultant today to write about myself as a woman entrepreneur. I am very exuberant to be able to present myself as an entrepreneur even though nobody in my parent&rsquo;s family or my husband&rsquo;s family was in business.</p>\n<h1>\n	My Family</h1>\n<p>\n	I belong to an orthodox Newar family. During my younger days, i.e. around 30 years before, girls in these families were given good education but were not allowed to work. The reason for this being that the boy&rsquo;s family to whom the girl would be wedded may not like the working woman. After completing the education, they were married. The same was my fate. After studying up to Bachelor level I got married.</p>\n<p>\n	My husband is very liberal and have progressive mind. I am very lucky to have him. First fifteen yeas of my married life was spent in household chore and raising my children. In the mean time, I started having allergic reaction, chest pain due to tension from time to time. My husband thought that it might be because I had to stay home alone after he and the children left for the office and the school. He suggested why don&rsquo;t I go out and do some work and see whether that improves my health or not.</p>\n<h1>\n	The Opportunity</h1>\n<p>\n	During those days, with nothing to do during the daytime, I used to read newspaper daily. One day I noticed the advertisement from the Nepal Bankers Association and Small Business Promotion Project (SBPP) inviting the unemployed graduates to participate in the training for &ldquo;<strong>New Business Creation</strong>&rdquo; course.</p>\n<p>\n	The project office of SBPP was near to my home. I could attend the training without hampering my daily chore. Thinking about utilizing my free time, I asked my husband about it. He immediately agreed with me and the very next day, he went and brought me the form. Then, he told me that I should go and submit the form myself.</p>\n<p>\n	After so many years spent as a housewife, doing nothing but the household chore and raising children, I felt myself more like an illiterate woman than an unemployed graduate. Hence, feeling very nervous and with a pounding heart, I went to submit the form. My nervousness increased even more when I saw that the participants would be selected only after an interview.</p>\n<p>\n	I was worried and asked my husband what to do. He encouraged me to go and give the interview. He said &ldquo;Don&rsquo;t worry that you may not be able to answer some of the questions. Nobody knows all the answer. It doesn&rsquo;t matter whether you are selected or not.&rdquo;</p>\n<p>\n	So I went and gave the interview. Since the program was co-organized by the Nepal Banker Association, there were many interviewers. I was so nervous during the interview that I was not aware what questions were asked and what I answered. Since, there were very few woman participants, I was selected.</p>\n<p>\n	And this happened to be my stepping-stone to lead a life of an entrepreneur from that of a simple housewife.</p>\n<h2>\n	<u>The Beginning and the hard work</u></h2>\n<p>\n	The training course was of one month. During this one month I learned a lot and I realized many changes within me. I became more confident. I was determined to become an entrepreneur.</p>\n<p>\n	After the training, I thought of starting the business of hand knitted sweaters. As a housewife I knew something about the hand knitting and used to think I had enough knowledge. So I purchased 5 kg of crystal wool and hired two knitters. I was in business. After starting the business, I realize that I knew next to nothing about the knitting quality. Then I took another training about knitting from the &ldquo;Export Service Centre&rdquo;.</p>\n<p>\n	I got my first shock, when I went to Thamel to show the samples. These sweaters were knitted with the patterns that I thought were beautiful but the shopkeepers said that those patterns were not in demand. He offered to purchase them at the price that was less than the cost of the wool. I was disheartened but was not discouraged. I just realized that I should learn more about marketing my products.</p>\n<p>\n	Slowly I started to sell my products in the local market. Occasionally I sold them to the exporters.</p>\n<p>\n	In the mean time, SBPP organized the small entrepreneur exhibition and I got the opportunity to exhibit the hand knitted sweaters. This was my first public participation as an entrepreneur. During this exhibition, the fellow participants told me about the organization of the women entrepreneur in Kupondol and advised me to become its member. The name of this organization was Women Entrepreneur Association of Nepal (WEAN).</p>\n<h1>\n	The Road to Success</h1>\n<p>\n	&nbsp;I went to WEAN and became its member. Most of the members in it were very successful entrepreneurs. I learnt a lot from them and gained much from their experiences, which they shared freely. Suddenly, I did not feel alone in my struggle to establish myself as a successful entrepreneur. I had friends to discuss my problems and find the solutions.</p>\n<p>\n	WEAN organized meetings and workshops from time to time and I participated in them. Through WEAN, I also had a lot of opportunities to participate in various meetings, workshops, trainings and seminars organized by other National and International Organizations. These helped me in my personality development and to boost up my confidence. Among them, the &ldquo;Workshop For Existing Women Entrepreneurs&rdquo; organized and sponsored by the United Nations Industrial Development Organization, The Government of India and United Nations Development Fund for Women helped me the most.</p>\n<p>\n	In the mean time, I participated in the Marketing Management Training organized by SBPP. I also became the member of the WEAN Co-operative. This organization provides the income generating training and other related subject to the women and it also markets their (women entrepreneurs) quality products. The co-operative exposed my products to various outlets and increased my business.</p>\n<p>\n	I also became the Board member of WEAN Co-operative, Chairperson in Training Committee and in Knit &ndash;Wear Committee for some time.</p>\n<p>\n	After being involved in the knitting business for a long time, I felt the recession in this business and switched to business of processing high quality spices under the brand name of <strong>Spicy Home Spices</strong>. At present, I am marketing spices through WEAN Co-operative.</p>\n<h1>\n	Spicy Home Spices</h1>\n<p>\n	Venturing in any new business is a difficult task, especially in one with cutthroat competition with the presence of multi-million rupees factories. The market is floated with cheap, low quality spices. With the confidence of the need of the people for spices of high quality which is scarce in the market, I started Spices Home Spices with one worker and marketed them through Wean Co-operative. Then I have my lucky break. I met Ms. Haruyo ji from Nepali Bazaro Ltd. She examined and approved my sample. She also placed the order for spice to be exported to Japan.</p>\n<p>\n	During the first order, spices packing style being new and unusual for Nepal, my whole family helped me by participating in packing and enjoyed it thoroughly. Also because of the time limit, we had to work till late in the night.</p>\n<p>\n	As the order increased and came regularly, I was able to provide work for more needy women from the rural and poor families. Today, there are ten women working in the factory.</p>\n<p>\n	Because of the regular order, my social status which was already established as a hard working and reliable entrepreneur is now supplemented with my financial independency. I do not have to worry about expenses any more and most of my business associates accept me as credit worthiness. I am also able to support my family when needed.</p>\n<h1>\n	Workers in Spicy Home Spices</h1>\n<p>\n	All the workers in Spicy Home Spices are women from poor and needy family with almost no income. Due to the regular order from Nepali Bazaro Ltd., Spicy Home Spices has been able to provide steady work to them. Salaries from the work not only help these women to support their family but also chase their dream.</p>\n<p>\n	The first worker of the factory Ms. Anita Maharjan, had lost her father at infant age. Her mother raised her by working as helper in the household chore and educated her. After completing SLC (class 10) she tried to support her mother but was unable to find work. She was compelled to work as a menial helper in the household chore like her mother. The steady work provided from the factory not only helped her to support her mother (who do not have to do menial work any more) but also allowed her to pursue her dream for higher studies. She is studying in Intermediate level (class 12). She is also supporting two children from her village for schooling.</p>\n<p>\n	Another worker, Ms. Hira Shova is working to pay for the higher education. She goes to college in the morning and comes to work after the college.</p>\n<p>\n	Rest of the workers like Man Maya and others, are working to support their family. From the steady salary, they are able to look after their family and pay for some of the other activities like schooling their children and pursuing income generating activities.&nbsp;</p>\n<h2>\n	&nbsp;</h2>\n<h2>\n	<u>Finally</u></h2>\n<p>\n	Today I am proud to present myself as Ms. Sitara Rajbhandari, The Woman Entrepreneur with my own identity and not just somebody&rsquo;s daughter or wife. I believe every woman should have their own identity and it can be achieved if they are willing to work for it.</p>\n<p>\n	&nbsp;</p>\n<p align="center">\n	Appendix</p>\n<p>\n	Membership:</p>\n<ul>\n	<li>\n		Member of WEAN (Women Entrepreneur Association of Nepal)</li>\n	<li>\n		Member of WEAN Co-operative</li>\n	<li>\n		Member of Women Entrepreneur Development Division, FNCCI</li>\n</ul>\n<p>\n	&nbsp;</p>\n<p>\n	Trainings &amp; Workshops:</p>\n<ul>\n	<li>\n		&ldquo;Celebrating Mountain Women&rdquo; a global conference in Bhutan, October 1-4, 2002 (ICIMOD)</li>\n	<li>\n		Workshop On Entrepreneurial Management For Women Entrepreneurs In the Digital Age, Dec 2001 (WINNER)</li>\n	<li>\n		Internet &amp; E-commerce for Women Entrepreneurs, Dec 2000 (WINNER)</li>\n	<li>\n		International Trade for Women Entrepreneurs, Nov 2000 (WINNER)</li>\n	<li>\n		Productive Improvement Course, Nov 2000 (WEAN)</li>\n	<li>\n		Book Keeping Course, Apr 2000 (WEAN)</li>\n	<li>\n		Training Management Course, Jul 1999 (EDC/GTZ)</li>\n	<li>\n		Business Management, Jul 1999 (SMEDP)</li>\n	<li>\n		Conference on &ldquo;Women in Decision Making in Co-operatives&rdquo;, May 1997 (AWCF/ICA-ROAP, Philippines)</li>\n	<li>\n		National Planning Workshop on Gender Integration in Co-operatives, Dec 1996 (ICA/NCF)</li>\n	<li>\n		Costing, Pricing, Labeling, Packaging and Sample Course, Dec 1994 (WEAN)</li>\n	<li>\n		Workshop For Existing Women Entrepreneurs, May 1994 (UNIDO/EDI, Ahmedabad, India)</li>\n	<li>\n		Marketing Management Training, Feb 1993 (SBPP)</li>\n	<li>\n		Sweater Knitting Training, Nov 1991 (Export Service Centre)</li>\n	<li>\n		New Business Creation, Oct 1989 (NBA/SBPP)</li>\n</ul>\n<p>\n	&nbsp;</p>\n<p>\n	&nbsp;</p>\n<p>\n	&nbsp;</p>\n<p>\n	&nbsp;</p>\n<p>\n	&nbsp;</p>', '', 1, '', '', 34, '2016-03-24 07:51:17', 0, '0000-00-00 00:00:00', '0', 0, '', 'yes'),
(38, 1, 'chaya-sharma', 'Chhaya Sharma', '<p>\n	<img alt="" height="315" src="/ckfinder/userfiles/images/2016-03-31%2005_15_35.jpg" width="308" /></p>\n<p>\n	<strong>Success comes with determination dedication and devotion. If you want to succeed these are the key factors</strong></p>\n<p>\n	<strong>and thats what I did and thats what I believe in.</strong></p>\n<p>\n	<strong>Dating back to 1995 when I started&nbsp;Nepal&#39;s firstTourism Management&nbsp;College &#39;Nepal College of Travel and Tourism Management&#39; (NCTTM) &nbsp;the journey to success has been a roller coaster ride over the years.</strong></p>\n<p>\n	<strong>Started with five students in the first year, increased to 14 then 22 and so on...today there are approximately 500 students studying in different streams such as BTTM, BHM, MTTM.&nbsp;</strong></p>\n<p>\n	<strong>Further to the mainstream TU courses, I have expanded to other areas of skill training&nbsp;in the hospitality and tourism sector which provides&nbsp;immediate employment to the trainees.</strong></p>\n<p>\n	&nbsp;</p>\n<p>\n	<strong>To reach &nbsp;this stage it was not easy. Sleepless nights, anxiety, stress and tension were part of my daily encounter.Days &nbsp;for paying Salary and house rent was the never ending frequent challenges every month. Facing the embarrassing moments of borrowing from friends and family was the worst situation.&nbsp;</strong></p>\n<p>\n	&nbsp;</p>\n<p>\n	<strong>Many years of hard work with continuous persistence, patience, determination and &#39;never give up attitude &#39;was the only path to my success.</strong></p>\n<p>\n	<strong>I have created a win win situation for all involved: Tourism Industry gets trained human resource; Students get immediate placement; NCTTM has generated employment.</strong></p>\n<p>\n	<strong>Today from an entrepreneur in the service sector I have made it to Parliament.</strong></p>', '', 1, '', '', 34, '2016-03-30 09:57:27', 34, '2016-03-31 09:39:15', '1', 0, '', 'yes'),
(39, 1, 'sitara-rajbhandari', 'Sitara Rajbhandari', '<h1>\n	<img alt="" height="240" src="/ckfinder/userfiles/images/Sitara%20New%20PP.jpg" style="float: left; border-width: 0px; border-style: solid; margin-left: 5px; margin-right: 5px;" width="198" /></h1>\n<h1 align="center">\n	My Journey from Housewife To Woman Entrepreneur</h1>\n<p align="right">\n	Sitara Rajbhandari</p>\n<p>\n	I am very exultant today to write about myself as a woman entrepreneur. I am very exuberant to be able to present myself as an entrepreneur even though nobody in my parent&rsquo;s family or my husband&rsquo;s family was in business.</p>\n<h1>\n	My Family</h1>\n<p>\n	I belong to an orthodox Newar family. During my younger days, i.e. around 30 years before, girls in these families were given good education but were not allowed to work. The reason for this being that the boy&rsquo;s family to whom the girl would be wedded may not like the working woman. After completing the education, they were married. The same was my fate. After studying up to Bachelor level I got married.</p>\n<p>\n	My husband is very liberal and have progressive mind. I am very lucky to have him. First fifteen yeas of my married life was spent in household chore and raising my children. In the mean time, I started having allergic reaction, chest pain due to tension from time to time. My husband thought that it might be because I had to stay home alone after he and the children left for the office and the school. He suggested why don&rsquo;t I go out and do some work and see whether that improves my health or not.</p>\n<h1>\n	The Opportunity</h1>\n<p>\n	During those days, with nothing to do during the daytime, I used to read newspaper daily. One day I noticed the advertisement from the Nepal Bankers Association and Small Business Promotion Project (SBPP) inviting the unemployed graduates to participate in the training for &ldquo;<strong>New Business Creation</strong>&rdquo; course.</p>\n<p>\n	The project office of SBPP was near to my home. I could attend the training without hampering my daily chore. Thinking about utilizing my free time, I asked my husband about it. He immediately agreed with me and the very next day, he went and brought me the form. Then, he told me that I should go and submit the form myself.</p>\n<p>\n	After so many years spent as a housewife, doing nothing but the household chore and raising children, I felt myself more like an illiterate woman than an unemployed graduate. Hence, feeling very nervous and with a pounding heart, I went to submit the form. My nervousness increased even more when I saw that the participants would be selected only after an interview.</p>\n<p>\n	I was worried and asked my husband what to do. He encouraged me to go and give the interview. He said &ldquo;Don&rsquo;t worry that you may not be able to answer some of the questions. Nobody knows all the answer. It doesn&rsquo;t matter whether you are selected or not.&rdquo;</p>\n<p>\n	So I went and gave the interview. Since the program was co-organized by the Nepal Banker Association, there were many interviewers. I was so nervous during the interview</p>\n<p>\n	that I was not aware what questions were asked and what I answered. Since, there were very few woman participants, I was selected.</p>\n<p>\n	And this happened to be my stepping-stone to lead a life of an entrepreneur from that of a simple housewife.</p>\n<h2>\n	<u>The Beginning and the hard work</u></h2>\n<p>\n	The training course was of one month. During this one month I learned a lot and I realized many changes within me. I became more confident. I was determined to become an entrepreneur.</p>\n<p>\n	After the training, I thought of starting the business of hand knitted sweaters. As a housewife I knew something about the hand knitting and used to think I had enough knowledge. So I purchased 5 kg of crystal wool and hired two knitters. I was in business. After starting the business, I realize that I knew next to nothing about the knitting quality. Then I took another training about knitting from the &ldquo;Export Service Centre&rdquo;.</p>\n<p>\n	I got my first shock, when I went to Thamel to show the samples. These sweaters were knitted with the patterns that I thought were beautiful but the shopkeepers said that those patterns were not in demand. He offered to purchase them at the price that was less than the cost of the wool. I was disheartened but was not discouraged. I just realized that I should learn more about marketing my products.</p>\n<p>\n	Slowly I started to sell my products in the local market. Occasionally I sold them to the exporters.</p>\n<p>\n	In the mean time, SBPP organized the small entrepreneur exhibition and I got the opportunity to exhibit the hand knitted sweaters. This was my first public participation as an entrepreneur. During this exhibition, the fellow participants told me about the organization of the women entrepreneur in Kupondol and advised me to become its member. The name of this organization was Women Entrepreneur Association of Nepal (WEAN).</p>\n<h1>\n	The Road to Success</h1>\n<p>\n	&nbsp;I went to WEAN and became its member. Most of the members in it were very successful entrepreneurs. I learnt a lot from them and gained much from their experiences, which they shared freely. Suddenly, I did not feel alone in my struggle to establish myself as a successful entrepreneur. I had friends to discuss my problems and find the solutions.</p>\n<p>\n	WEAN organized meetings and workshops from time to time and I participated in them. Through WEAN, I also had a lot of opportunities to participate in various meetings, workshops, trainings and seminars organized by other National and International Organizations. These helped me in my personality development and to boost up my confidence. Among them, the &ldquo;Workshop For Existing Women Entrepreneurs&rdquo; organized and sponsored by the United Nations Industrial Development Organization, The</p>\n<p>\n	Government of India and United Nations Development Fund for Women helped me the most.</p>\n<p>\n	In the mean time, I participated in the Marketing Management Training organized by SBPP. I also became the member of the WEAN Co-operative. This organization provides the income generating training and other related subject to the women and it also markets their (women entrepreneurs) quality products. The co-operative exposed my products to various outlets and increased my business.</p>\n<p>\n	I also became the Board member of WEAN Co-operative, Chairperson in Training Committee and in Knit &ndash;Wear Committee for some time.</p>\n<p>\n	After being involved in the knitting business for a long time, I felt the recession in this business and switched to business of processing high quality spices under the brand name of <strong>Spicy Home Spices</strong>. At present, I am marketing spices through WEAN Co-operative.</p>\n<h1>\n	Spicy Home Spices</h1>\n<p>\n	Venturing in any new business is a difficult task, especially in one with cutthroat competition with the presence of multi-million rupees factories. The market is floated with cheap, low quality spices. With the confidence of the need of the people for spices of high quality which is scarce in the market, I started Spices Home Spices with one worker and marketed them through Wean Co-operative. Then I have my lucky break. I met Ms. Haruyo ji from Nepali Bazaro Ltd. She examined and approved my sample. She also placed the order for spice to be exported to Japan.</p>\n<p>\n	During the first order, spices packing style being new and unusual for Nepal, my whole family helped me by participating in packing and enjoyed it thoroughly. Also because of the time limit, we had to work till late in the night.</p>\n<p>\n	As the order increased and came regularly, I was able to provide work for more needy women from the rural and poor families. Today, there are ten women working in the factory.</p>\n<p>\n	Because of the regular order, my social status which was already established as a hard working and reliable entrepreneur is now supplemented with my financial independency. I do not have to worry about expenses any more and most of my business associates accept me as credit worthiness. I am also able to support my family when needed.</p>\n<h1>\n	Workers in Spicy Home Spices</h1>\n<p>\n	All the workers in Spicy Home Spices are women from poor and needy family with almost no income. Due to the regular order from Nepali Bazaro Ltd., Spicy Home Spices has been able to provide steady work to them. Salaries from the work not only help these women to support their family but also chase their dream.</p>\n<p>\n	The first worker of the factory Ms. Anita Maharjan, had lost her father at infant age. Her mother raised her by working as helper in the household chore and educated her. After completing SLC (class 10) she tried to support her mother but was unable to find work. She was compelled to work as a menial helper in the household chore like her mother.</p>\n<p>\n	The steady work provided from the factory not only helped her to support her mother (who do not have to do menial work any more) but also allowed her to pursue her dream for higher studies. She is studying in Intermediate level (class 12). She is also supporting two children from her village for schooling.</p>\n<p>\n	Another worker, Ms. Hira Shova is working to pay for the higher education. She goes to college in the morning and comes to work after the college.</p>\n<p>\n	Rest of the workers like Man Maya and others, are working to support their family. From the steady salary, they are able to look after their family and pay for some of the other activities like schooling their children and pursuing income generating activities.&nbsp;</p>\n<h2>\n	&nbsp;</h2>\n<h2>\n	<u>Finally</u></h2>\n<p>\n	Today I am proud to present myself as Ms. Sitara Rajbhandari, The Woman Entrepreneur with my own identity and not just somebody&rsquo;s daughter or wife. I believe every woman should have their own identity and it can be achieved if they are willing to work for it.</p>\n<p>\n	Membership:</p>\n<ul>\n	<li>\n		Member of WEAN (Women Entrepreneur Association of Nepal)</li>\n	<li>\n		Member of WEAN Co-operative</li>\n	<li>\n		Member of Women Entrepreneur Development Division, FNCCI</li>\n</ul>\n<p>\n	&nbsp;</p>\n<p>\n	Trainings &amp; Workshops:</p>\n<ul>\n	<li>\n		&ldquo;Celebrating Mountain Women&rdquo; a global conference in Bhutan, October 1-4, 2002 (ICIMOD)</li>\n	<li>\n		Workshop On Entrepreneurial Management For Women Entrepreneurs In the Digital Age, Dec 2001 (WINNER)</li>\n	<li>\n		Internet &amp; E-commerce for Women Entrepreneurs, Dec 2000 (WINNER)</li>\n	<li>\n		International Trade for Women Entrepreneurs, Nov 2000 (WINNER)</li>\n	<li>\n		Productive Improvement Course, Nov 2000 (WEAN)</li>\n	<li>\n		Book Keeping Course, Apr 2000 (WEAN)</li>\n	<li>\n		Training Management Course, Jul 1999 (EDC/GTZ)</li>\n	<li>\n		Business Management, Jul 1999 (SMEDP)</li>\n	<li>\n		Conference on &ldquo;Women in Decision Making in Co-operatives&rdquo;, May 1997 (AWCF/ICA-ROAP, Philippines)</li>\n	<li>\n		National Planning Workshop on Gender Integration in Co-operatives, Dec 1996 (ICA/NCF)</li>\n	<li>\n		Costing, Pricing, Labeling, Packaging and Sample Course, Dec 1994 (WEAN)</li>\n	<li>\n		Workshop For Existing Women Entrepreneurs, May 1994 (UNIDO/EDI, Ahmedabad, India)</li>\n	<li>\n		Marketing Management Training, Feb 1993 (SBPP)</li>\n	<li>\n		Sweater Knitting Training, Nov 1991 (Export Service Centre)</li>\n	<li>\n		New Business Creation, Oct 1989 (NBA/SBPP)</li>\n</ul>', '', 1, '', '', 34, '2016-03-31 09:42:49', 1, '2016-03-31 23:37:11', '1', 0, '', 'yes'),
(40, 1, 'rita-bhandary', 'Rita Bhandary', '<p>\n	In the year 1995 we,three friends Rita Bhandary, Sarojani Sherchan and Arati Nepal all housewives were looking for ways to go beyond our household duties. None of us were aware or had any business knowledge, but did have the zeal to do something.<br />\n	After several rounds of discussions we finally decided to start with the paper project, which would use raw materials found in our country and where we would not have to depend on foreign labor or huge imported machines.<br />\n	&nbsp;Using the little knowledge and fund that we had, we were ready to face the challenges in the business sector. There was also a strong common desire amongst us to encourage and empower women, so that their income would eventually be utilized for their family&rsquo;s health and education. Thus, the journey began with us and three workers.<br />\n	&nbsp;Our commitment and perseverance paid off with our business flourishing in the national and in international markets like Holland, Denmark, UK and Japan. With increasing demand thirty more women were hired. Indirectly there was employment for many more over the period of five to six years.<br />\n	&nbsp;We were happy in being able to fulfill our vision of empowering women. Most of our workers could not write, but, are now able to sign their names. Another interesting incident was when some of them were sending their sons to school but not their daughters, we had to threaten them of lay off. It is indeed satisfying now to see that most of them are well settled, with their children doing extremely well abroad. They have also called their parents to visit them in Australia. &nbsp;<br />\n	&nbsp;Unfortunately, the business which was progressing so well took a turning point with the Moist Insurgency which started in the year 1996 becoming more and more aggressive. Most of the industries were compelled to close down.&nbsp; Our business too started declining.<br />\n	&nbsp;Knowing the competition in the market we had to look for ways to be different, this led to creation of Lokta Paper Cloth that is washable, colored, printed or embroidered. Together with our designer the product also won a Dutch design award 2008 for simplicity and innovative product.<br />\n	&nbsp;Confidence has now led us to venture into new businesses like marketing of food products through Mahi Enteprises 2009. We are now engaged and lead in various social organizations that work towards socio economic upliftment of women, by providing trainings and 2.5% of our profit.<br />\n	&nbsp;In retrospect, as a group of women entrepreneurs we have made a small but positive impact in the lives of many people we partnered with along the way. This gives us immense satisfaction and determination to continue.<br />\n	<br />\n	&nbsp;Ms. Rita Bhandary now leads Federation of Woman Entrepreneurs Association, Has been recognized as a Commercially Important Person(CIP) by the government amongst 34 business organizations and individuals for their contribution in trade and commerce. Is the co chair of Women Entrepreneur Development committee in the National Business Forum(NBF)</p>', '', 1, '', '', 34, '2016-03-31 10:42:31', 34, '2016-03-31 10:50:52', '1', 0, '', 'yes'),
(41, 1, 'sarojani-sherchan', 'Sarojani Sherchan', '<p>\n	&nbsp;In the year 1995 we,three friends Rita Bhandary, Sarojani Sherchan and Arati Nepal all housewives were looking for ways to go beyond our household duties. None of us were aware or had any business knowledge, but did have the zeal to do something.<br />\n	&nbsp;After several rounds of discussions we finally decided to start with the paper project, which would use raw materials found in our country and where we would not have to depend on foreign labor or huge imported machines.<br />\n	&nbsp;Using the little knowledge and fund that we had, we were ready to face the challenges in the business sector. There was also a strong common desire amongst us to encourage and empower women, so that their income would eventually be utilized for their family&rsquo;s health and education. Thus, the journey began with us and three workers.<br />\n	&nbsp;Our commitment and perseverance paid off with our business flourishing in the national and in international markets like Holland, Denmark, UK and Japan. With increasing demand thirty more women were hired. Indirectly there was employment for many more over the period of five to six years.<br />\n	&nbsp;We were happy in being able to fulfill our vision of empowering women. Most of our workers could not write, but, are now able to sign their names. Another interesting incident was when some of them were sending their sons to school but not their daughters, we had to threaten them of lay off. It is indeed satisfying now to see that most of them are well settled, with their children doing extremely well abroad. They have also called their parents to visit them in Australia. &nbsp;<br />\n	&nbsp;Unfortunately, the business which was progressing so well took a turning point with the Moist Insurgency which started in the year 1996 becoming more and more aggressive. Most of the industries were compelled to close down.&nbsp; Our business too started declining.<br />\n	&nbsp;Knowing the competition in the market we had to look for ways to be different, this led to creation of Lokta Paper Cloth that is washable, colored, printed or embroidered. Together with our designer the product also won a Dutch design award 2008 for simplicity and innovative product.<br />\n	&nbsp;Confidence has now led us to venture into new businesses like marketing of food products through Mahi Enteprises 2009. We are now engaged and lead in various social organizations that work towards socio economic upliftment of women, by providing trainings and 2.5% of our profit.<br />\n	&nbsp;In retrospect, as a group of women entrepreneurs we have made a small but positive impact in the lives of many people we partnered with along the way. This gives us immense satisfaction and determination to continue.<br />\n	&nbsp;Ms. Sarojani Sherchan is leading an education institution Thames International College a premier academic institution which was recently awarded the &lsquo;6th Best Business School&rsquo; of Nepal. and is an Executive member of Fderation of Woman Entrepreneurs&rsquo; Associations of&nbsp; Nepal - FWEAN<br />\n	&nbsp;</p>', '', 1, '', '', 34, '2016-03-31 10:43:14', 34, '2016-03-31 10:51:37', '1', 0, '', 'yes'),
(42, 1, 'arati-nepal', 'Arati Nepal', '<p>\n	In the year 1995 we,three friends Rita Bhandary, Sarojani Sherchan and Arati Nepal all housewives were looking for ways to go beyond our household duties. None of us were aware or had any business knowledge, but did have the zeal to do something.<br />\n	After several rounds of discussions we finally decided to start with the paper project, which would use raw materials found in our country and where we would not have to depend on foreign labor or huge imported machines.<br />\n	Using the little knowledge and fund that we had, we were ready to face the challenges in the business sector. There was also a strong common desire amongst us to encourage and empower women, so that their income would eventually be utilized for their family&rsquo;s health and education. Thus, the journey began with us and three workers.<br />\n	Our commitment and perseverance paid off with our business flourishing in the national and in international markets like Holland, Denmark, UK and Japan. With increasing demand thirty more women were hired. Indirectly there was employment for many more over the period of five to six years.<br />\n	We were happy in being able to fulfill our vision of empowering women. Most of our workers could not write, but, are now able to sign their names. Another interesting incident was when some of them were sending their sons to school but not their daughters, we had to threaten them of lay off. It is indeed satisfying now to see that most of them are well settled, with their children doing extremely well abroad. They have also called their parents to visit them in Australia. &nbsp;<br />\n	Unfortunately, the business which was progressing so well took a turning point with the Moist Insurgency which started in the year 1996 becoming more and more aggressive. Most of the industries were compelled to close down.&nbsp; Our business too started declining.<br />\n	Knowing the competition in the market we had to look for ways to be different, this led to creation of Lokta Paper Cloth that is washable, colored, printed or embroidered. Together with our designer the product also won a Dutch design award 2008 for simplicity and innovative product.<br />\n	Confidence has now led us to venture into new businesses like marketing of food products through Mahi Enteprises 2009. We are now engaged and lead in various social organizations that work towards socio economic upliftment of women, by providing trainings and 2.5% of our profit.<br />\n	In retrospect, as a group of women entrepreneurs we have made a small but positive impact in the lives of many people we partnered with along the way. This gives us immense satisfaction and determination to continue.<br />\n	Ms. Arati Nepal is a designer and also a trainer in agro products. Is a member of Federation of Woman Entrepreneurs&rsquo; Associations of&nbsp; Nepal &ndash; FWEAN and an Executive member of Women Entrepreneurs&rsquo; Associations of&nbsp; Nepal - FWEAN</p>', '', 1, '', '', 34, '2016-03-31 10:43:47', 34, '2016-03-31 10:50:11', '1', 0, '', 'yes');

-- --------------------------------------------------------

--
-- Table structure for table `tbl_countries`
--

CREATE TABLE `tbl_countries` (
  `id` int(11) NOT NULL,
  `iso` char(2) NOT NULL,
  `name` varchar(80) NOT NULL,
  `printable_name` varchar(80) NOT NULL,
  `iso3` char(3) DEFAULT NULL,
  `numcode` smallint(6) DEFAULT NULL
) ENGINE=MyISAM DEFAULT CHARSET=latin1;

--
-- Dumping data for table `tbl_countries`
--

INSERT INTO `tbl_countries` (`id`, `iso`, `name`, `printable_name`, `iso3`, `numcode`) VALUES
(1, 'AF', 'AFGHANISTAN', 'Afghanistan', 'AFG', 4),
(2, 'AL', 'ALBANIA', 'Albania', 'ALB', 8),
(3, 'DZ', 'ALGERIA', 'Algeria', 'DZA', 12),
(4, 'AS', 'AMERICAN SAMOA', 'American Samoa', 'ASM', 16),
(5, 'AD', 'ANDORRA', 'Andorra', 'AND', 20),
(6, 'AO', 'ANGOLA', 'Angola', 'AGO', 24),
(7, 'AI', 'ANGUILLA', 'Anguilla', 'AIA', 660),
(8, 'AQ', 'ANTARCTICA', 'Antarctica', NULL, NULL),
(9, 'AG', 'ANTIGUA AND BARBUDA', 'Antigua and Barbuda', 'ATG', 28),
(10, 'AR', 'ARGENTINA', 'Argentina', 'ARG', 32),
(11, 'AM', 'ARMENIA', 'Armenia', 'ARM', 51),
(12, 'AW', 'ARUBA', 'Aruba', 'ABW', 533),
(13, 'AU', 'AUSTRALIA', 'Australia', 'AUS', 36),
(14, 'AT', 'AUSTRIA', 'Austria', 'AUT', 40),
(15, 'AZ', 'AZERBAIJAN', 'Azerbaijan', 'AZE', 31),
(16, 'BS', 'BAHAMAS', 'Bahamas', 'BHS', 44),
(17, 'BH', 'BAHRAIN', 'Bahrain', 'BHR', 48),
(18, 'BD', 'BANGLADESH', 'Bangladesh', 'BGD', 50),
(19, 'BB', 'BARBADOS', 'Barbados', 'BRB', 52),
(20, 'BY', 'BELARUS', 'Belarus', 'BLR', 112),
(21, 'BE', 'BELGIUM', 'Belgium', 'BEL', 56),
(22, 'BZ', 'BELIZE', 'Belize', 'BLZ', 84),
(23, 'BJ', 'BENIN', 'Benin', 'BEN', 204),
(24, 'BM', 'BERMUDA', 'Bermuda', 'BMU', 60),
(25, 'BT', 'BHUTAN', 'Bhutan', 'BTN', 64),
(26, 'BO', 'BOLIVIA', 'Bolivia', 'BOL', 68),
(27, 'BA', 'BOSNIA AND HERZEGOVINA', 'Bosnia and Herzegovina', 'BIH', 70),
(28, 'BW', 'BOTSWANA', 'Botswana', 'BWA', 72),
(29, 'BV', 'BOUVET ISLAND', 'Bouvet Island', NULL, NULL),
(30, 'BR', 'BRAZIL', 'Brazil', 'BRA', 76),
(31, 'IO', 'BRITISH INDIAN OCEAN TERRITORY', 'British Indian Ocean Territory', NULL, NULL),
(32, 'BN', 'BRUNEI DARUSSALAM', 'Brunei Darussalam', 'BRN', 96),
(33, 'BG', 'BULGARIA', 'Bulgaria', 'BGR', 100),
(34, 'BF', 'BURKINA FASO', 'Burkina Faso', 'BFA', 854),
(35, 'BI', 'BURUNDI', 'Burundi', 'BDI', 108),
(36, 'KH', 'CAMBODIA', 'Cambodia', 'KHM', 116),
(37, 'CM', 'CAMEROON', 'Cameroon', 'CMR', 120),
(38, 'CA', 'CANADA', 'Canada', 'CAN', 124),
(39, 'CV', 'CAPE VERDE', 'Cape Verde', 'CPV', 132),
(40, 'KY', 'CAYMAN ISLANDS', 'Cayman Islands', 'CYM', 136),
(41, 'CF', 'CENTRAL AFRICAN REPUBLIC', 'Central African Republic', 'CAF', 140),
(42, 'TD', 'CHAD', 'Chad', 'TCD', 148),
(43, 'CL', 'CHILE', 'Chile', 'CHL', 152),
(44, 'CN', 'CHINA', 'China', 'CHN', 156),
(45, 'CX', 'CHRISTMAS ISLAND', 'Christmas Island', NULL, NULL),
(46, 'CC', 'COCOS (KEELING) ISLANDS', 'Cocos (Keeling) Islands', NULL, NULL),
(47, 'CO', 'COLOMBIA', 'Colombia', 'COL', 170),
(48, 'KM', 'COMOROS', 'Comoros', 'COM', 174),
(49, 'CG', 'CONGO', 'Congo', 'COG', 178),
(50, 'CD', 'CONGO, THE DEMOCRATIC REPUBLIC OF THE', 'Congo, the Democratic Republic of the', 'COD', 180),
(51, 'CK', 'COOK ISLANDS', 'Cook Islands', 'COK', 184),
(52, 'CR', 'COSTA RICA', 'Costa Rica', 'CRI', 188),
(53, 'CI', 'COTE D''IVOIRE', 'Cote D''Ivoire', 'CIV', 384),
(54, 'HR', 'CROATIA', 'Croatia', 'HRV', 191),
(55, 'CU', 'CUBA', 'Cuba', 'CUB', 192),
(56, 'CY', 'CYPRUS', 'Cyprus', 'CYP', 196),
(57, 'CZ', 'CZECH REPUBLIC', 'Czech Republic', 'CZE', 203),
(58, 'DK', 'DENMARK', 'Denmark', 'DNK', 208),
(59, 'DJ', 'DJIBOUTI', 'Djibouti', 'DJI', 262),
(60, 'DM', 'DOMINICA', 'Dominica', 'DMA', 212),
(61, 'DO', 'DOMINICAN REPUBLIC', 'Dominican Republic', 'DOM', 214),
(62, 'EC', 'ECUADOR', 'Ecuador', 'ECU', 218),
(63, 'EG', 'EGYPT', 'Egypt', 'EGY', 818),
(64, 'SV', 'EL SALVADOR', 'El Salvador', 'SLV', 222),
(65, 'GQ', 'EQUATORIAL GUINEA', 'Equatorial Guinea', 'GNQ', 226),
(66, 'ER', 'ERITREA', 'Eritrea', 'ERI', 232),
(67, 'EE', 'ESTONIA', 'Estonia', 'EST', 233),
(68, 'ET', 'ETHIOPIA', 'Ethiopia', 'ETH', 231),
(69, 'FK', 'FALKLAND ISLANDS (MALVINAS)', 'Falkland Islands (Malvinas)', 'FLK', 238),
(70, 'FO', 'FAROE ISLANDS', 'Faroe Islands', 'FRO', 234),
(71, 'FJ', 'FIJI', 'Fiji', 'FJI', 242),
(72, 'FI', 'FINLAND', 'Finland', 'FIN', 246),
(73, 'FR', 'FRANCE', 'France', 'FRA', 250),
(74, 'GF', 'FRENCH GUIANA', 'French Guiana', 'GUF', 254),
(75, 'PF', 'FRENCH POLYNESIA', 'French Polynesia', 'PYF', 258),
(76, 'TF', 'FRENCH SOUTHERN TERRITORIES', 'French Southern Territories', NULL, NULL),
(77, 'GA', 'GABON', 'Gabon', 'GAB', 266),
(78, 'GM', 'GAMBIA', 'Gambia', 'GMB', 270),
(79, 'GE', 'GEORGIA', 'Georgia', 'GEO', 268),
(80, 'DE', 'GERMANY', 'Germany', 'DEU', 276),
(81, 'GH', 'GHANA', 'Ghana', 'GHA', 288),
(82, 'GI', 'GIBRALTAR', 'Gibraltar', 'GIB', 292),
(83, 'GR', 'GREECE', 'Greece', 'GRC', 300),
(84, 'GL', 'GREENLAND', 'Greenland', 'GRL', 304),
(85, 'GD', 'GRENADA', 'Grenada', 'GRD', 308),
(86, 'GP', 'GUADELOUPE', 'Guadeloupe', 'GLP', 312),
(87, 'GU', 'GUAM', 'Guam', 'GUM', 316),
(88, 'GT', 'GUATEMALA', 'Guatemala', 'GTM', 320),
(89, 'GN', 'GUINEA', 'Guinea', 'GIN', 324),
(90, 'GW', 'GUINEA-BISSAU', 'Guinea-Bissau', 'GNB', 624),
(91, 'GY', 'GUYANA', 'Guyana', 'GUY', 328),
(92, 'HT', 'HAITI', 'Haiti', 'HTI', 332),
(93, 'HM', 'HEARD ISLAND AND MCDONALD ISLANDS', 'Heard Island and Mcdonald Islands', NULL, NULL),
(94, 'VA', 'HOLY SEE (VATICAN CITY STATE)', 'Holy See (Vatican City State)', 'VAT', 336),
(95, 'HN', 'HONDURAS', 'Honduras', 'HND', 340),
(96, 'HK', 'HONG KONG', 'Hong Kong', 'HKG', 344),
(97, 'HU', 'HUNGARY', 'Hungary', 'HUN', 348),
(98, 'IS', 'ICELAND', 'Iceland', 'ISL', 352),
(99, 'IN', 'INDIA', 'India', 'IND', 356),
(100, 'ID', 'INDONESIA', 'Indonesia', 'IDN', 360),
(101, 'IR', 'IRAN, ISLAMIC REPUBLIC OF', 'Iran, Islamic Republic of', 'IRN', 364),
(102, 'IQ', 'IRAQ', 'Iraq', 'IRQ', 368),
(103, 'IE', 'IRELAND', 'Ireland', 'IRL', 372),
(104, 'IL', 'ISRAEL', 'Israel', 'ISR', 376),
(105, 'IT', 'ITALY', 'Italy', 'ITA', 380),
(106, 'JM', 'JAMAICA', 'Jamaica', 'JAM', 388),
(107, 'JP', 'JAPAN', 'Japan', 'JPN', 392),
(108, 'JO', 'JORDAN', 'Jordan', 'JOR', 400),
(109, 'KZ', 'KAZAKHSTAN', 'Kazakhstan', 'KAZ', 398),
(110, 'KE', 'KENYA', 'Kenya', 'KEN', 404),
(111, 'KI', 'KIRIBATI', 'Kiribati', 'KIR', 296),
(112, 'KP', 'KOREA, DEMOCRATIC PEOPLE''S REPUBLIC OF', 'Korea, Democratic People''s Republic of', 'PRK', 408),
(113, 'KR', 'KOREA, REPUBLIC OF', 'Korea, Republic of', 'KOR', 410),
(114, 'KW', 'KUWAIT', 'Kuwait', 'KWT', 414),
(115, 'KG', 'KYRGYZSTAN', 'Kyrgyzstan', 'KGZ', 417),
(116, 'LA', 'LAO PEOPLE''S DEMOCRATIC REPUBLIC', 'Lao People''s Democratic Republic', 'LAO', 418),
(117, 'LV', 'LATVIA', 'Latvia', 'LVA', 428),
(118, 'LB', 'LEBANON', 'Lebanon', 'LBN', 422),
(119, 'LS', 'LESOTHO', 'Lesotho', 'LSO', 426),
(120, 'LR', 'LIBERIA', 'Liberia', 'LBR', 430),
(121, 'LY', 'LIBYAN ARAB JAMAHIRIYA', 'Libyan Arab Jamahiriya', 'LBY', 434),
(122, 'LI', 'LIECHTENSTEIN', 'Liechtenstein', 'LIE', 438),
(123, 'LT', 'LITHUANIA', 'Lithuania', 'LTU', 440),
(124, 'LU', 'LUXEMBOURG', 'Luxembourg', 'LUX', 442),
(125, 'MO', 'MACAO', 'Macao', 'MAC', 446),
(126, 'MK', 'MACEDONIA, THE FORMER YUGOSLAV REPUBLIC OF', 'Macedonia, the Former Yugoslav Republic of', 'MKD', 807),
(127, 'MG', 'MADAGASCAR', 'Madagascar', 'MDG', 450),
(128, 'MW', 'MALAWI', 'Malawi', 'MWI', 454),
(129, 'MY', 'MALAYSIA', 'Malaysia', 'MYS', 458),
(130, 'MV', 'MALDIVES', 'Maldives', 'MDV', 462),
(131, 'ML', 'MALI', 'Mali', 'MLI', 466),
(132, 'MT', 'MALTA', 'Malta', 'MLT', 470),
(133, 'MH', 'MARSHALL ISLANDS', 'Marshall Islands', 'MHL', 584),
(134, 'MQ', 'MARTINIQUE', 'Martinique', 'MTQ', 474),
(135, 'MR', 'MAURITANIA', 'Mauritania', 'MRT', 478),
(136, 'MU', 'MAURITIUS', 'Mauritius', 'MUS', 480),
(137, 'YT', 'MAYOTTE', 'Mayotte', NULL, NULL),
(138, 'MX', 'MEXICO', 'Mexico', 'MEX', 484),
(139, 'FM', 'MICRONESIA, FEDERATED STATES OF', 'Micronesia, Federated States of', 'FSM', 583),
(140, 'MD', 'MOLDOVA, REPUBLIC OF', 'Moldova, Republic of', 'MDA', 498),
(141, 'MC', 'MONACO', 'Monaco', 'MCO', 492),
(142, 'MN', 'MONGOLIA', 'Mongolia', 'MNG', 496),
(143, 'MS', 'MONTSERRAT', 'Montserrat', 'MSR', 500),
(144, 'MA', 'MOROCCO', 'Morocco', 'MAR', 504),
(145, 'MZ', 'MOZAMBIQUE', 'Mozambique', 'MOZ', 508),
(146, 'MM', 'MYANMAR', 'Myanmar', 'MMR', 104),
(147, 'NA', 'NAMIBIA', 'Namibia', 'NAM', 516),
(148, 'NR', 'NAURU', 'Nauru', 'NRU', 520),
(149, 'NP', 'NEPAL', 'Nepal', 'NPL', 524),
(150, 'NL', 'NETHERLANDS', 'Netherlands', 'NLD', 528),
(151, 'AN', 'NETHERLANDS ANTILLES', 'Netherlands Antilles', 'ANT', 530),
(152, 'NC', 'NEW CALEDONIA', 'New Caledonia', 'NCL', 540),
(153, 'NZ', 'NEW ZEALAND', 'New Zealand', 'NZL', 554),
(154, 'NI', 'NICARAGUA', 'Nicaragua', 'NIC', 558),
(155, 'NE', 'NIGER', 'Niger', 'NER', 562),
(156, 'NG', 'NIGERIA', 'Nigeria', 'NGA', 566),
(157, 'NU', 'NIUE', 'Niue', 'NIU', 570),
(158, 'NF', 'NORFOLK ISLAND', 'Norfolk Island', 'NFK', 574),
(159, 'MP', 'NORTHERN MARIANA ISLANDS', 'Northern Mariana Islands', 'MNP', 580),
(160, 'NO', 'NORWAY', 'Norway', 'NOR', 578),
(161, 'OM', 'OMAN', 'Oman', 'OMN', 512),
(162, 'PK', 'PAKISTAN', 'Pakistan', 'PAK', 586),
(163, 'PW', 'PALAU', 'Palau', 'PLW', 585),
(164, 'PS', 'PALESTINIAN TERRITORY, OCCUPIED', 'Palestinian Territory, Occupied', NULL, NULL),
(165, 'PA', 'PANAMA', 'Panama', 'PAN', 591),
(166, 'PG', 'PAPUA NEW GUINEA', 'Papua New Guinea', 'PNG', 598),
(167, 'PY', 'PARAGUAY', 'Paraguay', 'PRY', 600),
(168, 'PE', 'PERU', 'Peru', 'PER', 604),
(169, 'PH', 'PHILIPPINES', 'Philippines', 'PHL', 608),
(170, 'PN', 'PITCAIRN', 'Pitcairn', 'PCN', 612),
(171, 'PL', 'POLAND', 'Poland', 'POL', 616),
(172, 'PT', 'PORTUGAL', 'Portugal', 'PRT', 620),
(173, 'PR', 'PUERTO RICO', 'Puerto Rico', 'PRI', 630),
(174, 'QA', 'QATAR', 'Qatar', 'QAT', 634),
(175, 'RE', 'REUNION', 'Reunion', 'REU', 638),
(176, 'RO', 'ROMANIA', 'Romania', 'ROM', 642),
(177, 'RU', 'RUSSIAN FEDERATION', 'Russian Federation', 'RUS', 643),
(178, 'RW', 'RWANDA', 'Rwanda', 'RWA', 646),
(179, 'SH', 'SAINT HELENA', 'Saint Helena', 'SHN', 654),
(180, 'KN', 'SAINT KITTS AND NEVIS', 'Saint Kitts and Nevis', 'KNA', 659),
(181, 'LC', 'SAINT LUCIA', 'Saint Lucia', 'LCA', 662),
(182, 'PM', 'SAINT PIERRE AND MIQUELON', 'Saint Pierre and Miquelon', 'SPM', 666),
(183, 'VC', 'SAINT VINCENT AND THE GRENADINES', 'Saint Vincent and the Grenadines', 'VCT', 670),
(184, 'WS', 'SAMOA', 'Samoa', 'WSM', 882),
(185, 'SM', 'SAN MARINO', 'San Marino', 'SMR', 674),
(186, 'ST', 'SAO TOME AND PRINCIPE', 'Sao Tome and Principe', 'STP', 678),
(187, 'SA', 'SAUDI ARABIA', 'Saudi Arabia', 'SAU', 682),
(188, 'SN', 'SENEGAL', 'Senegal', 'SEN', 686),
(189, 'CS', 'SERBIA AND MONTENEGRO', 'Serbia and Montenegro', NULL, NULL),
(190, 'SC', 'SEYCHELLES', 'Seychelles', 'SYC', 690),
(191, 'SL', 'SIERRA LEONE', 'Sierra Leone', 'SLE', 694),
(192, 'SG', 'SINGAPORE', 'Singapore', 'SGP', 702),
(193, 'SK', 'SLOVAKIA', 'Slovakia', 'SVK', 703),
(194, 'SI', 'SLOVENIA', 'Slovenia', 'SVN', 705),
(195, 'SB', 'SOLOMON ISLANDS', 'Solomon Islands', 'SLB', 90),
(196, 'SO', 'SOMALIA', 'Somalia', 'SOM', 706),
(197, 'ZA', 'SOUTH AFRICA', 'South Africa', 'ZAF', 710),
(198, 'GS', 'SOUTH GEORGIA AND THE SOUTH SANDWICH ISLANDS', 'South Georgia and the South Sandwich Islands', NULL, NULL),
(199, 'ES', 'SPAIN', 'Spain', 'ESP', 724),
(200, 'LK', 'SRI LANKA', 'Sri Lanka', 'LKA', 144),
(201, 'SD', 'SUDAN', 'Sudan', 'SDN', 736),
(202, 'SR', 'SURINAME', 'Suriname', 'SUR', 740),
(203, 'SJ', 'SVALBARD AND JAN MAYEN', 'Svalbard and Jan Mayen', 'SJM', 744),
(204, 'SZ', 'SWAZILAND', 'Swaziland', 'SWZ', 748),
(205, 'SE', 'SWEDEN', 'Sweden', 'SWE', 752),
(206, 'CH', 'SWITZERLAND', 'Switzerland', 'CHE', 756),
(207, 'SY', 'SYRIAN ARAB REPUBLIC', 'Syrian Arab Republic', 'SYR', 760),
(208, 'TW', 'TAIWAN, PROVINCE OF CHINA', 'Taiwan, Province of China', 'TWN', 158),
(209, 'TJ', 'TAJIKISTAN', 'Tajikistan', 'TJK', 762),
(210, 'TZ', 'TANZANIA, UNITED REPUBLIC OF', 'Tanzania, United Republic of', 'TZA', 834),
(211, 'TH', 'THAILAND', 'Thailand', 'THA', 764),
(212, 'TL', 'TIMOR-LESTE', 'Timor-Leste', NULL, NULL),
(213, 'TG', 'TOGO', 'Togo', 'TGO', 768),
(214, 'TK', 'TOKELAU', 'Tokelau', 'TKL', 772),
(215, 'TO', 'TONGA', 'Tonga', 'TON', 776),
(216, 'TT', 'TRINIDAD AND TOBAGO', 'Trinidad and Tobago', 'TTO', 780),
(217, 'TN', 'TUNISIA', 'Tunisia', 'TUN', 788),
(218, 'TR', 'TURKEY', 'Turkey', 'TUR', 792),
(219, 'TM', 'TURKMENISTAN', 'Turkmenistan', 'TKM', 795),
(220, 'TC', 'TURKS AND CAICOS ISLANDS', 'Turks and Caicos Islands', 'TCA', 796),
(221, 'TV', 'TUVALU', 'Tuvalu', 'TUV', 798),
(222, 'UG', 'UGANDA', 'Uganda', 'UGA', 800),
(223, 'UA', 'UKRAINE', 'Ukraine', 'UKR', 804),
(224, 'AE', 'UNITED ARAB EMIRATES', 'United Arab Emirates', 'ARE', 784),
(225, 'GB', 'UNITED KINGDOM', 'United Kingdom', 'GBR', 826),
(226, 'US', 'UNITED STATES', 'United States', 'USA', 840),
(227, 'UM', 'UNITED STATES MINOR OUTLYING ISLANDS', 'United States Minor Outlying Islands', NULL, NULL),
(228, 'UY', 'URUGUAY', 'Uruguay', 'URY', 858),
(229, 'UZ', 'UZBEKISTAN', 'Uzbekistan', 'UZB', 860),
(230, 'VU', 'VANUATU', 'Vanuatu', 'VUT', 548),
(231, 'VE', 'VENEZUELA', 'Venezuela', 'VEN', 862),
(232, 'VN', 'VIET NAM', 'Viet Nam', 'VNM', 704),
(233, 'VG', 'VIRGIN ISLANDS, BRITISH', 'Virgin Islands, British', 'VGB', 92),
(234, 'VI', 'VIRGIN ISLANDS, U.S.', 'Virgin Islands, U.s.', 'VIR', 850),
(235, 'WF', 'WALLIS AND FUTUNA', 'Wallis and Futuna', 'WLF', 876),
(236, 'EH', 'WESTERN SAHARA', 'Western Sahara', 'ESH', 732),
(237, 'YE', 'YEMEN', 'Yemen', 'YEM', 887),
(238, 'ZM', 'ZAMBIA', 'Zambia', 'ZMB', 894),
(239, 'ZW', 'ZIMBABWE', 'Zimbabwe', 'ZWE', 716);

-- --------------------------------------------------------

--
-- Table structure for table `tbl_domain_theme`
--

CREATE TABLE `tbl_domain_theme` (
  `id` int(11) NOT NULL,
  `domain_theme_name` varchar(255) DEFAULT NULL,
  `domain_theme_code` varchar(255) DEFAULT NULL,
  `status` enum('1','0') DEFAULT NULL,
  `created_by` int(11) DEFAULT NULL,
  `created_date` datetime DEFAULT NULL,
  `updated_by` int(11) DEFAULT NULL,
  `updated_date` datetime DEFAULT NULL
) ENGINE=InnoDB DEFAULT CHARSET=utf8;

--
-- Dumping data for table `tbl_domain_theme`
--

INSERT INTO `tbl_domain_theme` (`id`, `domain_theme_name`, `domain_theme_code`, `status`, `created_by`, `created_date`, `updated_by`, `updated_date`) VALUES
(1, 'Blue Theme', 'blue', '1', 1, '2015-11-18 11:27:13', NULL, NULL),
(2, 'Green Theme', 'green', '1', 1, '2015-11-18 11:27:20', NULL, NULL),
(3, 'Pink Theme', 'pink', '1', 1, '2015-12-03 16:29:21', NULL, NULL),
(4, 'Purple Theme', 'purple', '1', 1, '2015-12-03 16:29:32', NULL, NULL),
(5, 'Red Theme', 'red', '1', 1, '2015-12-03 16:29:42', NULL, NULL),
(6, 'bee', 'bee', '1', 35, '2016-07-13 09:44:41', NULL, NULL);

-- --------------------------------------------------------

--
-- Table structure for table `tbl_email_management`
--

CREATE TABLE `tbl_email_management` (
  `id` int(11) NOT NULL,
  `site_id` int(11) NOT NULL,
  `enterprise_id` int(11) DEFAULT NULL,
  `emails` varchar(255) NOT NULL,
  `status` enum('1','0') NOT NULL,
  `created_by` int(11) NOT NULL,
  `created_date` datetime NOT NULL,
  `updated_by` int(11) NOT NULL,
  `updated_date` datetime NOT NULL
) ENGINE=InnoDB DEFAULT CHARSET=utf8;

--
-- Dumping data for table `tbl_email_management`
--

INSERT INTO `tbl_email_management` (`id`, `site_id`, `enterprise_id`, `emails`, `status`, `created_by`, `created_date`, `updated_by`, `updated_date`) VALUES
(1, 1, 0, 'siddhartha.fwean@gmail.com', '1', 31, '2015-11-24 15:24:08', 1, '2015-12-31 10:36:46'),
(2, 2, 2, 'sitara@shs.com.np', '1', 1, '2015-11-24 15:26:45', 34, '2016-03-30 07:11:35'),
(3, 1, 0, 'satish@amniltech.com', '1', 1, '2015-12-03 16:18:15', 0, '0000-00-00 00:00:00'),
(4, 3, 13, 'contactsunita@hotmail.com', '1', 1, '2015-12-03 16:18:55', 34, '2016-03-29 11:58:52'),
(5, 4, 1, 'siddhartha.fwean@gmail.com', '1', 1, '2015-12-03 16:30:21', 1, '2015-12-31 10:38:01'),
(6, 8, 4, 'nepacrafts2001@yahoo.com', '1', 1, '2015-12-03 16:31:15', 34, '2016-03-29 11:34:09'),
(7, 10, 14, 'smahalaxmi@hotmail.com', '1', 1, '2015-12-31 09:44:54', 34, '2016-03-29 11:40:25'),
(8, 6, 3, 'ritaniwas@gmail.com', '1', 1, '2015-12-31 10:39:03', 34, '2016-03-29 11:19:14'),
(9, 9, 8, 'siddhartha.fwean@gmail.com', '1', 1, '2015-12-31 10:39:22', 0, '0000-00-00 00:00:00'),
(10, 12, 5, 'siddhartha.fwean@gmail.com', '1', 1, '2015-12-31 10:39:42', 0, '0000-00-00 00:00:00'),
(11, 13, 12, 'siddhartha.fwean@gmail.com', '1', 1, '2015-12-31 10:39:54', 0, '0000-00-00 00:00:00'),
(12, 14, 7, 'darshanashrestha@hotmail.com', '1', 1, '2015-12-31 10:40:08', 34, '2016-03-29 09:45:00'),
(13, 16, 10, 'siddhartha.fwean@gmail.com', '1', 1, '2015-12-31 10:40:21', 0, '0000-00-00 00:00:00'),
(14, 17, 11, 'siddhartha.fwean@gmail.com', '1', 1, '2015-12-31 10:40:34', 0, '0000-00-00 00:00:00'),
(15, 18, 9, 'siddhartha.fwean@gmail.com', '1', 1, '2015-12-31 10:40:47', 0, '0000-00-00 00:00:00'),
(16, 19, 29, 'siddhartha.fwean@gmail.com', '1', 1, '2015-12-31 10:41:00', 0, '0000-00-00 00:00:00'),
(17, 20, 30, 'siddhartha.fwean@gmail.com', '1', 1, '2015-12-31 10:41:13', 0, '0000-00-00 00:00:00'),
(18, 1, 0, 'siddhartha.fwean@gmail.com', '1', 1, '2015-12-31 10:41:31', 0, '0000-00-00 00:00:00');

-- --------------------------------------------------------

--
-- Table structure for table `tbl_enterprises`
--

CREATE TABLE `tbl_enterprises` (
  `id` int(11) NOT NULL,
  `site_id` int(11) NOT NULL,
  `enterprise_category_id` int(11) DEFAULT NULL,
  `enterprise_name` varchar(255) NOT NULL,
  `enterprise_alias` varchar(255) NOT NULL,
  `enterprise_logo` varchar(255) NOT NULL,
  `enterprise_website` varchar(255) NOT NULL,
  `enterprise_short_description` text NOT NULL,
  `enterprise_description` text NOT NULL,
  `enterprise_facebook_link` varchar(255) NOT NULL,
  `enterprise_twitter_link` varchar(255) NOT NULL,
  `enterprise_linkedin_link` varchar(255) NOT NULL,
  `enterprise_youtube_link` varchar(255) NOT NULL,
  `domain_theme_id` int(11) DEFAULT NULL,
  `domain_name` varchar(255) DEFAULT NULL,
  `status` enum('1','0') NOT NULL,
  `created_by` int(11) NOT NULL,
  `created_date` datetime NOT NULL,
  `updated_by` int(11) NOT NULL,
  `updated_date` datetime NOT NULL
) ENGINE=InnoDB DEFAULT CHARSET=utf8;

--
-- Dumping data for table `tbl_enterprises`
--

INSERT INTO `tbl_enterprises` (`id`, `site_id`, `enterprise_category_id`, `enterprise_name`, `enterprise_alias`, `enterprise_logo`, `enterprise_website`, `enterprise_short_description`, `enterprise_description`, `enterprise_facebook_link`, `enterprise_twitter_link`, `enterprise_linkedin_link`, `enterprise_youtube_link`, `domain_theme_id`, `domain_name`, `status`, `created_by`, `created_date`, `updated_by`, `updated_date`) VALUES
(1, 1, NULL, 'Kunja Artistic Bead Works', 'kunja-artistic-bead-works', '', '', 'Kunja Artistic Bead Works is a woman enterprise pioneering in bead craft established in 1990. Since its establishment, it has been exporting bead craft providing employment to hundreds of needy women. It has specialized in bead jewelry such as earrings, necklace, bangles and different accessories. It also produces gift items such as bags, wall hangings, place mats, coasters and many more decorative items made from beads.\n', '<p>\n	Kunja Artistic Bead Works is a woman enterprise pioneering in bead craft established in 1990. Since its establishment, it has been exporting bead craft providing employment to hundreds of needy women. It has specialized in bead jewelry such as earrings, necklace, bangles and different accessories. It also produces gift items such as bags, wall hangings, place mats, coasters and many more decorative items made from beads.<br />\n	KABW&rsquo;s core concept is to provide an income source for deprived women who lack formal education or training to get employment anywhere else. Nepalese women have been weaving beads traditionally since centuries. KABW utilizes this traditional bead weaving skill as an income-generating source for women.<br />\n	<br />\n	Each item made at KABW is produced delicately and with utmost care without a slightest budge on quality control. The manufacturing process is very elaborative and exhaustive but the supreme skill of our sisters makes sure that they are not compromised on quality and fineness. There is no machine or automation involved in any of the production process. No health hazardous items are used in our products. The products are creative design hand-made on its entirety. &nbsp;<br />\n	<br />\n	For the further details please contact:<br />\n	&nbsp;<br />\n	Kunja Artistic Bead Works<br />\n	P.O BOX 8557<br />\n	Mahadevsthan-07, Kathmandu<br />\n	Email: kabwnepal@gmail.com<br />\n	Telephone: 4312490/ 9841554077(mobile)</p>\n', 'facebook.com', '', '', '', 1, 'kunja', '1', 1, '2015-07-07 13:55:47', 1, '2015-12-07 13:33:51'),
(2, 1, NULL, 'Spicy Home Spices Pvt. Ltd.', 'spicy-home-spices-pvt-ltd-', 'enterprise_749_1436261747.jpg', 'http://www.shs.com.np/', 'Established in the year 2000, Spicy Home Spices Pvt. Ltd. SHS) is a private medium scale enterprise registered under the Ministry of Industry, Government of Nepal, involved in processing and selling of organic spices. Situated in the capital of Nepal, SHS has been providing organic spices for various cooking purposes. Spice may be defined as one of the various strongly flavored substances of vegetables.', '<p>\n	<strong>Introduction:</strong></p>\n<p>\n	Established in the year 2000, Spicy Home Spices Pvt. Ltd. SHS) is a private medium scale enterprise registered under the Ministry of Industry, Government of Nepal, involved in processing and selling of organic spices. Situated in the capital of Nepal, SHS has been providing organic spices for various cooking purposes. Spice may be defined as one of the various strongly flavored substances of vegetables, which is originally obtained from tropical or other plants commonly used as condiments for the purpose on account of its fragrances and preservative qualities.<br />\n	<br />\n	<strong>Mission:</strong><br />\n	Spicy Home Spices aims to provide high quality organic spices for cooking various vegetarian and non-vegetarian dishes. Through this work SHS employs and supports uneducated women from the poor families and also supports spice farmers of rural areas of Nepal.<br />\n	<br />\n	<strong>Description:</strong><br />\n	The spices are collected in the seed form from the farmers of rural areas. These farmers cultivate the spices in organic environment (i.e. without the use of chemical fertilizers). Then these spices are processed and made into powder or semi powder form which is then packed into small pouches of different weights. We collect the spices from rural parts of Gulmi, Argakhanchi, Phidim and Sillinge in Nepal from NASAA certified farmers.<br />\n	<br />\n	The spices we have available are Cumin, Coriander, Turmeric, Ginger, Garlic, Black Pepper, Cardamom, Chilly, Cinnamon, and Mustard Powder. We also provide packs of combination of spices for vegetarian and non-vegetarian dishes along with special spices like Hot Wine Masala, Ginger Ale, Orange Peel, Tea Masala, Garam Masala, SHS Masala Mix (combination of 14 different spices).<br />\n	<br />\n	<strong>History:</strong><br />\n	Sitara Rajbhandari, the proprietor of SHS was a regular housewife like many other Nepalese women of her time before she started her journey with SHS. At that time, the market was overflowing with cheap, low quality spices. With the confidence of the need of the people for spices of high quality which was scarce in the market, she started Spicy Home Spices with 1 worker and marketed them through Wean Co-operative.<br />\n	The normal order went on for few years but as any other business; she could sense the need of improvement in the product. That is why she thought it was time to switch to organic products. Thanks to Nepali Bazaro from Japan who helped a lot in switching to organic products. Now she collects organic products from rural areas of Nepal especially the eastern and mid western of Nepal.</p>\n<p>\n	&nbsp;</p>\n<table border="1" cellpadding="1" cellspacing="1" style="width: 500px;">\n	<tbody>\n		<tr>\n			<td style="text-align:center;">\n				&nbsp;</td>\n			<td>\n				<strong>Product List</strong></td>\n		</tr>\n		<tr>\n			<td>\n				<strong>&nbsp;S.No</strong></td>\n			<td>\n				<strong>NAME OF SPICES</strong></td>\n		</tr>\n		<tr>\n			<td style="text-align:center;">\n				1</td>\n			<td>\n				Black Pepper</td>\n		</tr>\n		<tr>\n			<td style="text-align:center;">\n				2</td>\n			<td>\n				Cardamom</td>\n		</tr>\n		<tr>\n			<td style="text-align:center;">\n				3</td>\n			<td>\n				Chilli</td>\n		</tr>\n		<tr>\n			<td style="text-align:center;">\n				4</td>\n			<td>\n				Cinnamon</td>\n		</tr>\n		<tr>\n			<td style="text-align:center;">\n				5</td>\n			<td>\n				Coriander</td>\n		</tr>\n		<tr>\n			<td style="text-align:center;">\n				6</td>\n			<td>\n				Cumin</td>\n		</tr>\n		<tr>\n			<td style="text-align:center;">\n				7</td>\n			<td>\n				Garlic</td>\n		</tr>\n		<tr>\n			<td style="text-align:center;">\n				8</td>\n			<td>\n				Ginger</td>\n		</tr>\n		<tr>\n			<td style="text-align:center;">\n				9</td>\n			<td>\n				Methi (fenugreek)</td>\n		</tr>\n		<tr>\n			<td style="text-align:center;">\n				10</td>\n			<td>\n				Mustard</td>\n		</tr>\n		<tr>\n			<td style="text-align:center;">\n				11</td>\n			<td>\n				Turmeric</td>\n		</tr>\n		<tr>\n			<td style="text-align:center;">\n				12</td>\n			<td>\n				Bayleaf (Tejpat)<br />\n				(All spices available in whole and powder form)</td>\n		</tr>\n		<tr>\n			<td style="text-align:center;">\n				&nbsp;</td>\n			<td style="text-align:center;">\n				&nbsp;</td>\n		</tr>\n		<tr>\n			<td>\n				<strong>&nbsp;S.No</strong></td>\n			<td>\n				<strong>COMBINED SPICES</strong></td>\n		</tr>\n		<tr>\n			<td style="text-align:center;">\n				13</td>\n			<td>\n				Chicken Curry Masala</td>\n		</tr>\n		<tr>\n			<td style="text-align:center;">\n				14</td>\n			<td>\n				Vegetable Curry Masala</td>\n		</tr>\n		<tr>\n			<td style="text-align:center;">\n				15</td>\n			<td>\n				Seafood Curry Masala</td>\n		</tr>\n		<tr>\n			<td style="text-align:center;">\n				16</td>\n			<td>\n				Garam Masala (mixture of 8 spices for veg)</td>\n		</tr>\n		<tr>\n			<td style="text-align:center;">\n				17</td>\n			<td>\n				Meat Masala (mixture of 8 spices for non-veg)</td>\n		</tr>\n		<tr>\n			<td style="text-align:center;">\n				18</td>\n			<td>\n				Tea Masala (mixture of 4 spices for tea)</td>\n		</tr>\n		<tr>\n			<td style="text-align:center;">\n				19</td>\n			<td>\n				SHS Masala Mix (mixture of 14 spices)</td>\n		</tr>\n		<tr>\n			<td style="text-align:center;">\n				20</td>\n			<td>\n				SHS Ginger Ale</td>\n		</tr>\n		<tr>\n			<td style="text-align:center;">\n				21</td>\n			<td>\n				Hot Wine Masala</td>\n		</tr>\n		<tr>\n			<td style="text-align:center;">\n				22</td>\n			<td>\n				Pancha Furna (mixture of 5 spices)</td>\n		</tr>\n		<tr>\n			<td style="text-align:center;">\n				23</td>\n			<td>\n				SHS Family Pack (includes all basic spices)</td>\n		</tr>\n	</tbody>\n</table>\n<p>\n	&nbsp;</p>\n<p>\n	<u><strong>SPICY HOME SPICES Pvt. Ltd.</strong></u><br />\n	258, Thapathali &ndash; 11, Kathmandu, Nepal<br />\n	Mrs. Sitara Rajbhandari, Proprietor<br />\n	Tel No: +977 &ndash; 1- 4257612, +977 &ndash; 9851058300<br />\n	E-mail: sitara@shs.com.np<br />\n	URL:&nbsp;<a href="http://www.shs.com.np/" target="_blank">http://www.shs.com.np/</a><br />\n	Facebook: <a href="https://www.facebook.com/SpicyHomeSpices" target="_blank">https://www.facebook.com/SpicyHomeSpices</a></p>\n', '', '', '', '', 5, 'spicyhome', '1', 1, '2015-07-07 15:20:47', 34, '2016-03-31 05:04:34'),
(3, 1, NULL, 'MAHI Enterprises', 'mahi-enterprises', '', '', 'The purity of this is what we want to make available to you. We at MAHI strive to bring products from different parts of Nepal in its natural form. NO pesticide NO chemicals.', '<p>\n	<strong>MAHI enterprises-Where heaven meets earth!!</strong><br />\n	<br />\n	The purity of this is what we want to make available to you. We at MAHI strive to bring products from different parts of Nepal in its natural form. NO pesticide NO chemicals.<br />\n	<br />\n	Women at home are encouraged to revive the skills of making our traditional food in a clean environment using natural materials.<br />\n	<br />\n	Orders can be made for foods items for all occasions. Just call 4480653, place your order and relax.<br />\n	<br />\n	Minimum quantity and a few days&#39; time are required for delivery for certain items. Delivery charge is calculated on the basis of amount ordered and approximate distance calculated. Payment has to be made upon delivery. Advance payment may have to be made depending on the size of the order.<br />\n	<br />\n	Event management linkages and online facility will be made in the near future.<br />\n	<br />\n	At present we have products from Raswa, Jajarkot, Morang and Nabalparasi and are looking for linkages with other districts.<br />\n	<br />\n	Some of our products:-<br />\n	Different varieties of rice, lentils, beans, flour, pickles, spices, honey, vegetables.<br />\n	Sel roti, goji, phini, laddu, anarasa, phurandana, nimki, lapsi candies etc..<br />\n	<br />\n	Contact address:<br />\n	Ph: 4480653, House No: 302,<br />\n	BalBhadraMarga (near global bank), Baneshwor,<br />\n	Kathmandu, Nepal<br />\n	&nbsp;</p>\n', '', '', '', '', 2, 'mahi', '1', 1, '2015-07-07 15:52:11', 1, '2015-12-08 15:23:24'),
(4, 1, NULL, 'Nepal Paper Crafts', 'nepal-paper-crafts', '', 'http://nepalpapercrafts.com', 'Nepal Paper Crafts (NPC) had adopted a simple labor intensive technology to provide maximum employment opportunities for the Nepalese people that we believe will contribute towards poverty elevation', '<p>\n	&nbsp;</p>\n<p>\n	<strong>Uniqueness of the Product</strong><br />\n	The production of &quot;Lokta&quot; paper also known as &quot;rice paper&quot; has become one of the Nepal&#39;s best example of community oriented small scale cottage industry. The extra-long fibers of &quot;Lokta&quot; in handmade paper give it strength unmatched by machine made paper. This paper is so strong that is can easily be dyed, even tie-dyed. It will not brittle with age and has natural insect repellent properties.<br />\n	<br />\n	<strong>Ancient Art</strong><br />\n	The tradition of making handmade paper from the bark of Daphne shrub, popularly known as &#39;Lokta&#39; in Nepal dates back to ancient times, where Hinduism and Buddhism scripts were written on such handmade paper. Legal institution and government offices till this day still use this paper because the documents can be preserved for centuries.<br />\n	<br />\n	<strong>Modern Application</strong><br />\n	This &#39;Lokta&#39; paper can be used for writing, artwork and even with modern day computer printers. Give personal touch by sending out exclusive cards, decorated writing sets and envelopes.<br />\n	<br />\n	<strong>Project engineering and management</strong><br />\n	Nepal Paper Crafts (NPC) had adopted a simple labor intensive technology to provide maximum employment opportunities for the Nepalese people that we believe will contribute towards poverty elevation. The company is managed by team of women, who are assisted by consultants in the field of finance and engineering. NPC has brought out its own range of exclusive paper using &#39;Lokta&#39; with other local organic materials.<br />\n	<br />\n	<strong>Our service added Products</strong><br />\n	One would be surprised at what a piece of this paper could do. The basic raw material is for decorative paper. Products range from note books, decorated writing sets, A4 sheets and envelops, gift boxes, bags and card for all occasions, all in different size, colors and designs. We specialize in making Lokta paper cloth which is washable, can be printed or embroidered.</p>\n<p>\n	<strong>Paper Cloth</strong><br />\n	<br />\n	Imagine!!!!!&nbsp;&nbsp;&nbsp;&nbsp;&nbsp; What a piece of paper can do !<br />\n	&nbsp;&nbsp; &nbsp;<br />\n	Paper cloths are made from threads of &ldquo;Lokta&rdquo; paper in combination with, either, cotton, silk, wool, nettle fiber etc.&nbsp;<strong>Entirely handmade</strong>&nbsp;from the process of making paper to thread, to products. It can be colored, embroidered, printed and washed.<br />\n	<strong>Washing instruction:</strong>&nbsp;best dry cleaned. When washed by hand:&nbsp; gentle wash, dip dry, do not wring<br />\n	Iron while still damp</p>\n<p>\n	.Paper cloths are made from threads of &ldquo;Lokta&rdquo; paper in combination with, either, cotton, silk, wool, nettle fiber etc. Entirely handmade from the process of making paper to thread, to products. It can be colored, embroidered, printed and washed.</p>\n', '', '', '', '', NULL, 'nepalpaper', '1', 1, '2015-07-07 16:23:58', 1, '2016-03-29 11:14:17'),
(5, 1, NULL, 'Nepal Republic Media', 'nepal-republic-media', '', '', 'Just over ve years old, Nepal Republic Media (NRM) is a young organization with a highly experienced team. Established in 2008, today NRM is a recognized media house that brings out two broadsheet dailies, Nagarik Dainik in Nepali and Republica National Daily in English and a weekly tabloid newspaper, Shukrabar. Our papers have been successful in catering to those readers who are in a need of an independent, honest, bold and objective journalism.', '<p>\n	Just over ve years old, Nepal Republic Media (NRM) is a young organization with a highly experienced team. Established in 2008, today NRM is a recognized media house that brings out two broadsheet dailies, Nagarik Dainik in Nepali and Republica National Daily in English and a weekly tabloid newspaper, Shukrabar. Our papers have been successful in catering to those readers who are in a need of an independent, honest, bold and objective journalism.<br />\n	We came into existence with the objective of creating a media house that would be the true voice of the voiceless, a firm supporter of democracy and the most trusted companion of the society. Our news is generated countrywide with journalists and other staffs from Mechi to Mahakali.&nbsp; We print our newspapers from the capital Kathmandu, from Nepalgunj in Western Nepal and from Biratnagar in Eastern Nepal. To cater to the regional readers we have Purbeli and Paschimeli, both 4-page supplements that cover eastern and western regions of Nepal respectively. Besides, we are also the proud&nbsp; ofcial printing partner for International New York Times (INYT), global edition of New York Times, in Nepal. Thus, within a short period of time, we have been able to achieve our target of expanding our reach across the country.<br />\n	We provide a real picture of the society to the people. In the process we never forget our main responsibility of changing the society for better.</p>\n', '', '', '', '', NULL, 'republic', '1', 1, '2015-07-07 17:20:31', 1, '2015-12-09 13:55:48'),
(7, 1, NULL, 'Nature Nepal', 'nature-nepal', '', '', 'Nepal has distinct topographical zones from high Himalayas in north to flat fertile low land in south. The nature has blessed this country with a paradise of widely diversified flora with varieties of herbal plants.NATURE NEPAL is a women enterprise located in Kathmandu, Nepal. It manufactures and markets handcrafted aromatic herbal soaps and other herbal products, such as herbal liquid soap, herbal moth balls and oils etc.', '<p>\n	INTRODUCTION<br />\n	<br />\n	Nepal has distinct topographical zones from high Himalayas in north to flat fertile low land in south. The nature has blessed this country with a paradise of widely diversified flora with varieties of herbal plants.<br />\n	<br />\n	NATURE NEPAL is a women enterprise located in Kathmandu, Nepal. It manufactures and markets handcrafted aromatic herbal soaps and other herbal products, such as herbal liquid soap, herbal moth balls and oils etc.<br />\n	<br />\n	NATURE NEPAL is committed to high quality natural and animal fat free products except for the yak milk. It manufactures handcrafted soaps using traditional cold process method with only natural ingredients and food grade vegetable oils.<br />\n	<br />\n	NATURE NEPAL is established to promote self reliance for the underprivileged women by utilizing their skill in the development of sustainable harvested herbal plant products. Its products are completely handcrafted by the women whose works enables them to support their families.<br />\n	<br />\n	Aromatic Soap with essential oils<br />\n	The aromatic soaps are made in small batches with the blend of finest essential oils. The essential oils (potent aromatic substances extracted from the fragrant plants) provide aromatic therapy for physical and emotional healing. Aromatic soaps containing these essential oils are used for aromatic therapy for the healing of the exterior skin problems .Aromatic soaps add more pleasure to the bath. These soaps should always be kept in a well drained soap dish to keep them dry. With just a little care the life of our soap can be prolonged.</p>\n', '', '', '', '', 1, 'naturenepal', '1', 1, '2015-07-08 11:19:23', 34, '2016-03-31 05:02:19'),
(8, 1, NULL, 'Aama Impex', 'aama-impex', '', 'http://www.aamacraft.com', 'At Aama Quality is not a mere word but is a parameter on which our success depends. ', '<div>\n	<em>Mission </em>: To revive the rich Himalayan natural fibres.</div>\n<div>\n	&nbsp;</div>\n<div>\n	<em>Vision &nbsp;</em>: &nbsp; &nbsp;Going deep into the roots of Himalayan hand-woven textiles and crafts to find its relevance in &nbsp;&nbsp;</div>\n<div>\n	the present context.</div>\n<div>\n	&nbsp;</div>\n<div>\n	At Aama Quality is not a mere word but is a parameter on which our success depends. Our well equipped manufacturing &nbsp;unit with all equipment needed in production process is the driving force behind our success story. We use best quality raw material that has helped us in getting a wide acceptance in domestic as well as international markets. We have highly skilled and competent team who make substantial contribution in the basic quality of the materials as well as the innovative products we offer.</div>\n<div>\n	&nbsp;</div>\n<div>\n	We compete effectively in today&rsquo;s global business environment by constantly delivering cost competitive and high quality products and services that meet &nbsp;or exceed customer&rsquo;s expectations.</div>\n<div>\n	&nbsp;</div>\n<div>\n	AamaImpex is a private company established in 1985 and registered under the Ministry of Commerce. The main business lines are export (60%) and retail (40%). The company started exporting all kinds of handicrafts but little by little reoriented its activity towards Nettle natural fibre, and Pashmina.</div>\n<div>\n	A manufacturing unit Aama Craft was established in 1994 and registered under Ministry of Industry, so that Aama Group integrates the manufacturing and trading activities.</div>\n<div>\n	&nbsp;</div>\n<div>\n	Aama was awarded several awards over the years. In 1993 was rewarded as the best decorated stall at the 2nd Handicraft Trade Fair. In 2000 Aama was recognized as one of the top four exporters of Pashmina goods by Handicraft Association of Nepal (HAN). The company was also selected many times to participate in International Trade Fairs.</div>\n<div>\n	&nbsp;</div>\n<div>\n	Product lines are made of accessories, garments, knitwears and home furnishing. Fibres used are best quality Allo (Nettle) natural fibres, silk and pashminas, cotton and wool. Locally products are sold through the company&rsquo;s outlet which is located in Club Himalaya, Nagarkot (one of 5 star resort in Nepal) and also directly from the plant.</div>\n<div>\n	&nbsp;</div>\n<div>\n	We use best quality raw material that has helped us in getting a wide acceptance in domestic as well as international markets. We have highly skilled and competent team who make substantial contribution in the basic quality of the materials as well as the innovative products we offer.</div>\n<div>\n	&nbsp;</div>\n<div>\n	AamaImpex</div>\n<div>\n	PO Box 257, 263 JogiPakoMarg, Kaldhara, Kathmandu-16, Nepal</div>\n<div>\n	Tel: +977 1 4251170, cell: +977 9851025629</div>\n<div>\n	e-mail: info@aamacraft.com &nbsp; &nbsp;website: www.aamacraft.com</div>\n<div>\n	&nbsp;</div>\n', '', '', '', '', 4, 'aama', '1', 1, '2015-07-08 11:25:49', 34, '2016-03-28 14:17:59'),
(10, 1, NULL, 'Milan Garments', 'milan-garments', '', '', 'Milan Garments, established in July 1989, is a manufacturing, trading and export company run by a woman entrepreneur. It has huge capacity in the production of readymade garments and head wears.', '<p>\n	<strong>Milan Garments</strong>, established in July 1989, is a manufacturing, trading and export company run by a woman entrepreneur. It has huge capacity in the production of readymade garments and head wears. This company has specialized in Crazy and Fancy Hats which are well-accepted in European markets. We currently export to Switzerland, Germany, UK, Japan, Israel, France&amp; South Africa. During the World Cup 98, we supplied huge quantity Crazy Hats in France. The company has enough capacity produce and assures prompt delivery on time. &nbsp;<br />\n	We are also associate member of Nepal Foreign Trade Association, Nepal Handicraft Association and Women Entrepreneur&#39;s Association of Nepal (WEAN). Our MD of Milan Garments the Vice-Chairperson of WEAN Cooperative (A Women Producer&#39;s Marketing Co-Operative)<br />\n	<br />\n	<strong>Background<br />\n	&quot;What we women should do is build our own identity and also contribute something constructive to our society - this fulfills the purpose of life in some way.&quot;</strong><br />\n	Ms.SharadaRijal, Managing Director Milan Garments<br />\n	The MD Ms. SharadaRijal, began her venture with three sewing machines, manufacturing children&#39;s wear and supplying them to wholesale agents. Two years later, she was introduced to a European garment buyer who was visiting Kathmandu then, this gentlemen, who later on asked her to produce some samples of hats based on his needs, apparently introduced a market in the international arena. Since then, Milan Garments has been producing hats of different varieties and for different occasions - hats that blend design with moods, expressions, and attitudes.<br />\n	<br />\n	<strong>Goals &amp; Objectives</strong><br />\n	The main goal of this company is to bring women in the mainstream of business and economy by way of generating income and creating employment opportunities. Maintaining quality and prompt delivery on the other hand are also mainly focused goals of this company. In this manner, the further goal of this company is to become a reputed and best-selling company of Nepal with respect to its product-lines, and become socially responsible too.<br />\n	&bull;&nbsp;&nbsp; &nbsp;To emphasize cost effectiveness and quality for greatest customer satisfaction.<br />\n	&bull;&nbsp;&nbsp; &nbsp;To build flexibility in terms of changes in customers&rsquo; attitudes, demands and other environmental influences.<br />\n	&bull;&nbsp;&nbsp; &nbsp;To provide employment opportunities to the underprivileged section of society, particularly women.<br />\n	&bull;&nbsp;&nbsp; &nbsp;To utilize locally available resources and manpower in the production and operations process.<br />\n	Milan Garments currently employs 30 women who make felt, sewing, stitching and administration.<br />\n	They all work no more than 8 hours a day from 9 to 5 with a lunch break for 6 days a week. The work week in Nepal starts from Sunday to Friday due to a huge amount of public holidays of which the workers of Milan Garments have 15 plus additional 12 days of paid vacation. On top of that Milan Garments provides sick leave and leave for family reasons.<br />\n	The company provides an additional remuneration to the monthly salary that is similar to the 13th salary in European countries and is paid prior to the big holiday season in October to facilitate the preparations of families for the prayers, feasts and presents.<br />\n	Since 1989, we exports the hand made products to the world.</p>\n', '', '', '', '', NULL, 'milan', '1', 1, '2015-07-21 15:50:57', 1, '2015-12-21 12:23:39'),
(11, 1, NULL, 'Hajuri Khadhya Udhyog-Kitchen Recipe', 'hajuri-khadhya-udhyog-kitchen-recipe', '', '', 'Established in 1993 A.D, HAJURI KHADHYA UDHYOG "HKU" is a reputed firm among small scale agro-products situated in Lalitpur district of Nepal.', '<div>\n	<strong>Firm Overview&nbsp;</strong></div>\n<div>\n	Established in 1993 A.D, <strong>HAJURI KHADHYA UDHYOG &quot;HKU&quot;</strong> is a reputed firm among small scale agro-products situated in Lalitpur district of Nepal. HKU has been a prominent name among the small scale agro-enterprises in Nepal and it has been delivering varieties of Nepali pickles and candies for both domestic and international consumers for over 20 years. The firm sells its products to well-known association promoting women entrepreneurship (WEAN) through &quot;<strong>NAVARAS</strong>&quot; brand.&nbsp;</div>\n<div>\n	&nbsp;</div>\n<div>\n	It is also selling its product under its own brand &quot;<strong>KITCHEN RECIPE</strong>&quot; through a well known consumer goods chain Bhat-Bhateni super market. Kitchen Recipe also prepares pickles and &quot;sikarni&quot; (sweetened yogurt) for special occasions as per clients requests.</div>\n<div>\n	&nbsp;</div>\n<div>\n	<strong>Products&nbsp;</strong></div>\n<div>\n	The firm uses different types of raw materials most of which can be locally purchased including mango, &ldquo;lapsi&rdquo; (a sour fruit with pulp), chilly, lemon, spinach, radish, garlic etc. It produces wide varieties of pickle, including its marquee product Meat and &ldquo;Akabare&rdquo; pickle, &ldquo;titaura&rdquo;(sweet and spicy candies made out of &quot;Lapsi&quot;), &ldquo;Kwaati&quot; (assorted beans) and &quot;Gundruk&quot; (sundried mustard leaves). These products have huge prominence in Nepali household which means the appetite for the products is high.</div>\n', '', '', '', '', 5, 'hajuri', '1', 1, '2015-08-05 08:57:21', 34, '2016-03-31 04:59:02'),
(12, 1, NULL, 'Candles And Crafts', 'candles-and-crafts', '', '', 'Established in 1998, Candles and Crafts re- created the traditional art of candle making in a contemporary mound.', '<div>\n	<em>The art of traditional &amp; contemporary candle making</em></div>\n<div>\n	&nbsp;</div>\n<div>\n	Established in 1998, <strong>Candles and Crafts</strong> re- created the traditional art of candle making in a contemporary mound. &nbsp;<strong>Sunita Vaidya Shrestha</strong> put together this fusion of the traditional and modern method by using bee wax and &nbsp;paraffin wax into creating over a hundred different products like ceramic candles, perfumed candles , floating candles , fancy candles and handmade candles and traditional candles etc.&nbsp;</div>\n<div>\n	&nbsp;</div>\n<div>\n	The product created by candles and crafts have , over the years gained a sizable market share in Nepal and are now being exported to the far corners of the world. &nbsp;</div>\n<div>\n	&nbsp;</div>\n<div>\n	<strong>Address:</strong></div>\n<div>\n	Lazimpat , Kathmandu Nepal</div>\n<div>\n	Telephone number: &nbsp;4445651, Mob 9851084246, 9841279574</div>\n<div>\n	Mail address: contactsunita@hotmail.com</div>\n<div>\n	&nbsp;</div>\n', '', '', '', '', NULL, 'candlesandcraft', '1', 2, '2015-09-01 16:55:22', 0, '0000-00-00 00:00:00'),
(14, 1, NULL, 'The Beekeeping Shop', 'the-beekeeping-shop', 'enterprise_85_1447049474.jpg', 'https://www.beekeepingshop.16mb.com', 'Beekeeping and Research Center viz The Beekeeping Shop, is a pioneer organization involved in beekeeping and marketing of bee products for almost two decades. The organization believe in production and marketing of quality bee products for sustainable beekeeping development in Nepal. It aims to promote and improve the beekeeping situation in Nepal by sharing the experiences and knowledge to manage the bees in order to produce more honey & upgrade', '<div>\r\n	Beekeeping and Research Center viz The Beekeeping Shop, is a pioneer organization involved in beekeeping and marketing of bee products for almost two decades. The organization believe in production and marketing of quality bee products for sustainable beekeeping development in Nepal. It aims to promote and improve the beekeeping situation in Nepal by sharing the experiences and knowledge to manage the bees in order to produce more honey and upgrading the quality of Nepalese honey. This will increase the export possibilities and the income of the rural farmers with development of the beekeeping industry as well as the beekeepers of Nepal.</div>\r\n<div>\r\n	&nbsp;</div>\r\n<div>\r\n	&nbsp;</div>\r\n<div>\r\n	The current activities of the organization can be summarized as follow:</div>\r\n<div>\r\n	&nbsp;</div>\r\n<div>\r\n	&bull; &nbsp; &nbsp;Marketing support to sell beekeeping product ( honey, beeswax etc.)</div>\r\n<div>\r\n	&nbsp;</div>\r\n<div>\r\n	&bull; &nbsp; &nbsp;Providing information on beekeeping to the needy people on request</div>\r\n<div>\r\n	&nbsp;</div>\r\n<div>\r\n	&bull; &nbsp; &nbsp;Production of the beekeeping equipment locally</div>\r\n<div>\r\n	&nbsp;</div>\r\n<div>\r\n	&bull; &nbsp; &nbsp;Research on Nepalese honey and incidence of honey bee diseases in Nepal</div>\r\n<div>\r\n	&nbsp;</div>\r\n<div>\r\n	&bull; &nbsp; &nbsp;Honey quality analysis</div>\r\n<div>\r\n	&nbsp;</div>\r\n<div>\r\n	&bull; &nbsp; &nbsp;Training on beekeeping</div>\r\n<div>\r\n	&nbsp;</div>\r\n<div>\r\n	Available Bee Products, Beekeeping Euipment and Services</div>\r\n<div>\r\n	&nbsp;</div>\r\n<div>\r\n	Bee Products</div>\r\n<div>\r\n	&nbsp;</div>\r\n<div>\r\n	&bull; &nbsp; &nbsp;TBS Pure Honey of different flower sources - The Goodness of Nepalese Nature</div>\r\n<div>\r\n	&bull; &nbsp; &nbsp;Beeswax Cream</div>\r\n<div>\r\n	&bull; &nbsp; &nbsp;Beeswax Candle</div>\r\n<div>\r\n	&bull; &nbsp; &nbsp;Pollen</div>\r\n<div>\r\n	&bull; &nbsp; &nbsp;Propolis</div>\r\n<div>\r\n	&bull; &nbsp; &nbsp;Royal Jelly</div>\r\n<div>\r\n	&nbsp;</div>\r\n<div>\r\n	Beekeeping Equipment</div>\r\n<div>\r\n	&nbsp;</div>\r\n<div>\r\n	&bull; &nbsp; &nbsp;Beehives and Accesories</div>\r\n<div>\r\n	&nbsp;</div>\r\n<div>\r\n	&nbsp;</div>\r\n<div>\r\n	Information and Training</div>\r\n<div>\r\n	&bull; &nbsp; &nbsp;Information on beekeeping to the needy people on request</div>\r\n<div>\r\n	&bull; &nbsp; &nbsp;Training on beekeeping</div>\r\n<div>\r\n	&nbsp;</div>\r\n<div>\r\n	Research and Development</div>\r\n<div>\r\n	&nbsp;</div>\r\n<div>\r\n	&bull; &nbsp; &nbsp;Honey quality analysis</div>\r\n<div>\r\n	&bull; &nbsp; &nbsp;Research and Development on Bees, Beekeeping and Honey</div>\r\n<div>\r\n	&nbsp;</div>\r\n<div>\r\n	Bee Hives and Accessories</div>\r\n<div>\r\n	Modern beehives and necessary accessories, produced at beekeeping workshop, are available. Regular support required for beekeepers will also be provided if necessary.</div>\r\n<div>\r\n	&nbsp;</div>\r\n<div>\r\n	The Team</div>\r\n<div>\r\n	&nbsp;</div>\r\n<div>\r\n	The Beekeeping Shop represents Beekeeping and Research Centre and is associated with Beekeeping Workshop, Godawari. The Beekeeping Shop is established after the completion of the &quot;Beekeeping Training and the Extension Support Project &quot; (BETRESP&quot;-a joint project of Govt. of Nepal and the Netherlands Development Organization) with the initial support of the project and the involvement of the project staff in 1995.</div>\r\n<div>\r\n	&nbsp;</div>\r\n<div>\r\n	The team of the Beekeeping Shop consists of well trained experts in beekeeping extension, production of equipment, honey quality analysis and marketing.</div>\r\n<div>\r\n	&nbsp;</div>\r\n<div>\r\n	The organization is lead by experienced honey expert, Ms. MahalaxmiShrestha. She is Msc. in Botany and M.A. in Sociology from Tribhuvan University, Kathmandu, Nepal and have undertaken various national and international training related to beekeeping specifically in Honey quality, chemical and microscopic analysis of Honey; Bee disease diagnosis and treatment; Food analysis and packaging etc.</div>\r\n<div>\r\n	She is associated in professional societies as founder General Secretary to executive committee of ApiNet-Nepal, general member of WEAN-Cooperatives, Asian Apiculture Association (Japan) and Executive Member of F-WEAN.</div>\r\n<div>\r\n	&nbsp;</div>\r\n<div>\r\n	Contact Us</div>\r\n<div>\r\n	&nbsp;</div>\r\n<div>\r\n	The Beekeeping Shop</div>\r\n<div>\r\n	Manbhawan, Lalitpur, Patan</div>\r\n<div>\r\n	&nbsp;</div>\r\n<div>\r\n	P.O. Box : &nbsp; &nbsp; 12730 Kathmandu, Nepal</div>\r\n<div>\r\n	Telephone : 5547278</div>\r\n<div>\r\n	e-mail : &nbsp; &nbsp; &nbsp; &nbsp; beekeepingshop@mail.com</div>\r\n<div>\r\n	&nbsp; &nbsp; &nbsp; &nbsp; &nbsp; &nbsp; &nbsp; &nbsp; &nbsp; &nbsp; &nbsp; &nbsp;TBSnepal@gmail.com</div>\r\n<div>\r\n	&nbsp;</div>\r\n<div>\r\n	&nbsp;</div>\r\n<div>\r\n	&nbsp;</div>\r\n<div>\r\n	&nbsp;</div>\r\n<div>\r\n	&nbsp;</div>\r\n<div>\r\n	&nbsp;</div>\r\n<div>\r\n	&nbsp;</div>\r\n<div>\r\n	&nbsp;</div>\r\n', 'https://www.facebook.com/beekeepingshop', '', '', '', 1, 'bee', '1', 1, '2015-11-09 11:56:14', 1, '2016-07-22 17:02:52'),
(26, 1, NULL, 'Navaras Pickles', 'navaras-pickles', '', '', '', '', '', '', '', '', NULL, NULL, '0', 1, '2015-12-09 14:51:39', 0, '0000-00-00 00:00:00'),
(27, 1, NULL, 'Kanchanjunga', 'kanchanjunga', '', '', '', '', '', '', '', '', NULL, NULL, '0', 1, '2015-12-10 14:25:11', 0, '0000-00-00 00:00:00'),
(29, 1, NULL, 'Thames International College', 'thames-international-college', 'enterprise_456_1450600314.jpg', 'http://www.thamescollege.edu.np/thamescollege/', 'Thames International College is a premier academic institutions offering variety of undergraduate programs. Located in the heart of the city precinct Baneshwor, a cultural melting pot of communities from all over the country,', '<p>\n	Thames International College is a premier academic institutions offering variety of undergraduate programs. Located in the heart of the city precinct Baneshwor, a cultural melting pot of communities from all over the country, the college caters to the students from all corners of Nepal.The college comprises of two schools, AMS School of Business and Technology and School of Social Sciences.<br />\n	<br />\n	AMS School of Business and Technology currently offers Bachelor in Business Administration (BBA), Bachelor in Business Studies (BBS) and Bachelor in Information Management (BIM) while the newly established School of Social Sciences offers Bachelor of Arts (BA) in Social Work and Rural Development, Bachelor of Arts (BA) in Journalism, Mass Communication &amp; Sociology &amp; Bachelor of Arts (BA) in Rural Development &amp; Sociology.<br />\n	<br />\n	Setting us apart from prevalent education models in Nepal, Thames takes a bespoke approach to students&rsquo; learning. Experienced academicians and student centric environment at Thames, not only enable students to make independent choices but also instill values of leadership to face real world challenges. Thames offers small class room setting to enhance interactive learning.<br />\n	<br />\n	&nbsp;</p>\n', '', '', '', '', 5, 'thames', '1', 1, '2015-12-20 14:05:51', 1, '2015-12-20 14:17:00'),
(30, 1, NULL, 'Kanchanjangha Tea Estate', 'kanchanjangha-tea-estate', '', 'http://www.organickte.com/index.php', 'Kanchanjangha Tea Estate and Research Centre, The First organic Certified Tea Garden in Nepal, is located at Ranitar in the remote hilly region of Panchthar district in eastern Nepal bordering the tea area of Darjeeling at an altitude of 1300-1800m. The garden lies at the foothills of Mt. Kanchanjangha which covers the largest vegetation area with a combination of unique blends of natural factors for the growth of exclusive aromatic tea. ', '<p>\n	<strong>Introduction</strong></p>\n<p>\n	Kanchanjangha Tea Estate and Research Centre, The First organic Certified Tea Garden in Nepal, is located at Ranitar in the remote hilly region of Panchthar district in eastern Nepal bordering the tea area of Darjeeling at an altitude of 1300-1800m. The garden lies at the foothills of Mt. Kanchanjangha which covers the largest vegetation area with a combination of unique blends of natural factors for the growth of exclusive aromatic tea. The enterprise was launched in 1984 by the local farmers on a cooperative model. Over 100 farmers joined hands, pooled their marginal land holdings and became owners of the first orthodox tea plantation covering nearly 94 hectares of land. The land which was barely enough to sustain them is now utilized to produce High Quality Organic Orthodox Tea of the Himalayas.</p>\n<p>\n	<strong>Mission Statement</strong></p>\n<p>\n	Kanchanjangha Tea Estate and Research Centre was established with the objective of improving the living standard of the farmers in the remote villages, by increasing income without exploiting or disturbing the nature. The aim will be further supported by selling the tea in international niche markets. In addition, KTE will also play a key role in encouraging the area&rsquo;s small farmers to grow tea, spices and herbs organically in their uncultivated land and to:<br />\n	&bull;&nbsp;&nbsp; &nbsp;Protect land erosion and soil degradation and carbon sequestration through massive cultivation.<br />\n	&bull;&nbsp;&nbsp; &nbsp;Practice Organic Agriculture using locally available farmyard manure, green manure and Ayurvedic practices.<br />\n	&bull;&nbsp;&nbsp; &nbsp;Provide social support to workers/ farmers involved in the venture.<br />\n	&bull;&nbsp;&nbsp; &nbsp;Supply residue-free products to consumers through specialty tea markets, Organic dealers and Fair Trade Organizations.</p>\n<p>\n	<strong>Contact</strong></p>\n<p>\n	KTE Foundation<br />\n	Lagankhel-5, Lalitpur, Nepal<br />\n	Tel: +977-1-5121135 / 55366933<br />\n	Email:: info@ktefoundation.com.np<br />\n	Main Branch<br />\n	&nbsp;</p>\n', '', '', '', '', 2, 'kanchanjangha', '1', 1, '2015-12-30 15:13:23', 0, '0000-00-00 00:00:00'),
(31, 1, NULL, 'Sunita''s Enterprises', 'sunita-s-enterprises', '', '', '', '', '', '', '', '', 2, 'sunita', '1', 34, '2016-03-21 22:20:06', 34, '2016-03-23 21:56:58'),
(32, 1, NULL, 'Amnil Technologies', 'amnil-technologies', 'enterprise_711_1459138200.jpg', 'http://www.amniltech.com/', 'Amnil Technologies was founded by three young tech entrepreneurs to drive the rapid digitalization of Nepalese market with cutting edge technological solutions.', '<p>\n	Amnil Technologies was founded by three young tech entrepreneurs to drive the rapid digitalization of Nepalese market with cutting edge technological solutions. We are a young, non-hierarchical and collegial culture that thrives in new ideas and challenges. A decade later, we have become the premiere company that specializes in 360 degrees of technological support to both our national and international clients. The key to our sustained growth is an exceptional balance between serving our clients and cultivating an innovative company culture.</p>\n<p>\n	Client satisfaction is our guiding principle. Yes, we are passionate about our work and the satisfaction of the people and businesses we serve. We offer comprehensive solutions for your business from conception to implementation to ongoing maintenance and troubleshooting. We are versatile with a decade long experience in serving diverse client portfolios from pharmaceuticals, automotive, education, tourism, and government investment boards. Because we are always open to new challenges, we have unparalleled experience in providing innovative tech solutions for diverse industries. We are adaptable to your needs and experienced in guiding you and providing novel solutions particular to your business. We are committed to your success, and that is why our clients have stayed with us since the founding days of our company.</p>\n<p>\n	Our company culture is also an integral part of our superior performance and sustained growth. Amnil Technologies is a young, non-hierarchical and collegial culture that thrives in new ideas and challenges. We believe in fostering co-operative and creatively competitive environment where each team member has the ability to develop and share applicable knowledge and experience. We are fresh and innovative, and our members are top professionals who are leaders and team players committed to your success.</p>\n<p>\n	We look forward to being your tech partner and serving your needs!</p>\n<div>\n	&nbsp;</div>\n', 'https://www.facebook.com/amniltech', '', '', '', 5, 'amnil', '1', 1, '2016-03-28 09:55:00', 1, '2016-03-28 10:01:05'),
(33, 1, NULL, 'Versatile Boutique', 'versatile-boutique', '', '', '', '', '', '', '', '', NULL, NULL, '1', 34, '2016-03-28 17:18:37', 0, '0000-00-00 00:00:00'),
(34, 1, NULL, 'Bodhi Brikchya Nersery', 'bodhi-brikchya-nersery', '', '', 'Bodhi Brikchya Nursery was established in January 1990. Bodhi Brikchya is the tree under which Lord Buddha received enlightenment. Taking his symbol we at Bodhi Brikchya follow his motto: live in peace and harmony; create and work for a better environment. We deal in every aspects related to floriculture, ornamental plants and landscape. We are export oriented business house. We have very experienced and skilled people in this field.', '<p>\n	&nbsp;</p>\n<div style="clear:both;">\n	<table align="center" border="0" cellpadding="0" cellspacing="0" style="width:100.0%;" width="100%">\n		<tbody>\n			<tr>\n				<td style="width:2.0%;">\n					<p>\n						&nbsp;</p>\n				</td>\n				<td style="width:98.0%;">\n					<p>\n						&nbsp;</p>\n					<p>\n						<strong><em>Farm</em></strong></p>\n					<p>\n						<em>&raquo; Bhadrapur: </em><br />\n						Area covered: 13 hectares<br />\n						Activities:<br />\n						Production of bulbous, tuberous and rhizomatous plants in large scale for export.<br />\n						Production of cut flowers for winter.<br />\n						Production of indoor and outdoor plants.<br />\n						Production of Anthurium cut flowers and cut leaves.<br />\n						Rooted cuttings and plug plants.<br />\n						We have two hectare of land equipped with agro-net and shade h</p>\n					<p>\n						<strong><em>Some of the major Projects undertaken by us</em></strong></p>\n					<p>\n						1. Design and implementation of garden at Sundhara, Public Park, Kathmandu.<br />\n						2. Garden design and implementation in front of Bukhara, Soaltee Crowne Plaza, Kathmandu.<br />\n						3. Design and implementation of garden and waterfall at North Beach Caf&eacute;, Thamel, Kathmandu.<br />\n						4. Design and implementation of Garden at the newly built Stadium at Saat Dobato for SAAF games.<br />\n						5. Design and implementation of Garden at the Local Development Ministry, Nepal.<br />\n						6. Design and implementation of garden and balcony gardens at Fidshner Joint Venture at Baneswor, Kathmandu.<br />\n						7. Design and implementation of garden at Citi-Bank residence in Sanepa, Lalitpur, Kathmandu.<br />\n						8. Design and implementation of garden at the Burmese Ambassador&#39;s residence, Lalitpur, Kathmandu.<br />\n						9. Garden design and implementation of various office premises.<br />\n						10. Garden design and implementation at Mahakal Traffic Island, Kathmandu.<br />\n						11. Garden design and implementation at Baneswor for TOYOTA&#39;s Traffic island, Kathmandu.<br />\n						12. Model exhibited for rural and urban environmental conditions displayed at the Diorama hall for WWF, Kathmandu.<br />\n						13. Supply of bouquets for U.S.A.I.D., Hotel Soaltee, Royal Nepalese Army etc.<br />\n						14. Floral Arrangements made for Finnish Embassy day.<br />\n						15. &quot; Arrangements made for French Embassy Bastille Day.<br />\n						16. &quot; Arrangements made for Mr. Bill Gates.<br />\n						17. &quot; Arrangements made for Mr. Jaswant Singh (Minister of India).<br />\n						18. &quot; Arrangements made for Saaf games for the royal dais.<br />\n						19. &quot; Arrangements made for Mr. Colin Powel, Secretary of State, U.S.<br />\n						20. &quot; Arrangements made for the British Gurkha Ball.<br />\n						21. &quot; Arrangements made for the State Banquet at Hyatt Regency for SAARC Meet.<br />\n						22. &quot; Arrangements made for the opening of Kumari Bank, Kathmandu.<br />\n						23. Lilium cut flower production for the first time in India and Nepal was done in our farm at Bhadrapur, Nepal with the collaboration with Cadila, India.<br />\n						24. Garden maintenance at traffic islands in Maitighar, Tripureswor and Chabahil (1999-2000), Kathmandu.<br />\n						25. Garden design and implementation of Jawalakhel traffic island funded by Jawalakhel Distillery, Lalitpur, Nepal.<br />\n						26. Garden design and implementation at Tripureswor King Tribhuwan&#39;s statue funded by Surya Tobacco, Kathmandu.<br />\n						27. Garden design and implementation at Club Oasis, Hyatt Regency, Kathmandu.<br />\n						28. Garden Maintenance and flower arrangements in Hyatt Regency(2000-2009), Hotel Yak &amp; Yeti (1994 -2007),<br />\n						29. Garden design and implementation at the British School, Gems School.</p>\n					<p>\n						<br />\n						<strong><em>Exports:</em></strong><br />\n						<br />\n						1. Various bulbs and tubers exported to Taiwan.(1994, 95, 96, 97 &amp; 98,99,2000)<br />\n						2. Various rhizomes exported to Germany (1996, 97, 98, 99 &amp; 2000,2001)<br />\n						3. Various rhizomes exported to Denmark (1996, 97, 98 &amp; 99)<br />\n						4. Peepal tree cuttings exported to Korea (1999)<br />\n						5. Gladioli cut flower exported to India (1999)<br />\n						6. Various rhizomes exported to Czechoslovakia (1997, 2000)<br />\n						7. Various bulbs exported to Japan, Germany and U.S.A. (2002 till date)</p>\n					<p>\n						<strong><em>Major Achievements</em></strong><br />\n						<br />\n						1. Gladioli winter production program was funded by Agro Enterprises Centre, FNCCI (1999) as we were the first nursery to grow these in winter since 1995.<br />\n						2. Gladioli cut flower export to India supported by A.E.C., FNCCI (1999.).<br />\n						3. German T.V. took an interview of Mr. Yogesh Pradhan at Sundhara after completion of its garden development</p>\n					<p>\n						<br />\n						<strong><em>Awards</em></strong></p>\n					<p>\n						These awards were given to our nursery at the Floriculture Trade Fairs (organized by FAN) &nbsp;<br />\n						<br />\n						a) Best stall (1996 )</p>\n					<p>\n						b) Best stall (1997 )</p>\n					<p>\n						c) Best plant (1998 )</p>\n					<p>\n						d) Best Landscape (2000 )</p>\n					<p>\n						e) Best Landscape (2001 )</p>\n					<p>\n						f)Best Landscape and Best Flower arrangement(2004)</p>\n					<p>\n						<strong><em>Services:</em></strong><br />\n						<br />\n						&raquo; Exports of bulbs, tubers, rhizomes, cut flowers, seeds, rooted cuttings, plant plugs etc.</p>\n					<p>\n						&raquo; Floral Arrangements</p>\n					<p>\n						&raquo; Garden landscape design</p>\n					<p>\n						&raquo; Turnkey projects.</p>\n					<p>\n						&raquo; Supply and maintenance of indoor plants.</p>\n					<p>\n						&raquo; Garden maintenance services.</p>\n					<p>\n						&raquo; Supply of big trees, shrubs and seasonals.</p>\n					<p>\n						&raquo; Production of cut flowers.</p>\n					<p>\n						&raquo; Wholesale and retail sales of plants, cut flowers and cut leaves.</p>\n					<p>\n						&raquo; Floral arrangements for hotels, official complexes and private parties.</p>\n					<p>\n						&raquo; Rental of plants for parties and official complexes.</p>\n					<p>\n						&raquo; Production, sales and export of various bulbs and cut flower items.</p>\n					<p>\n						&raquo; Bouquets, garlands, wreathe, rangolis, boutonnieres, corsages, topiaries etc.</p>\n					<p>\n						&raquo; Waterfalls, Japanese gardens etc.</p>\n					<p>\n						&raquo; Dry flower arrangements.</p>\n				</td>\n			</tr>\n		</tbody>\n	</table>\n	<div style="clear:both;">\n		&nbsp;</div>\n</div>\n<p>\n	&nbsp;</p>\n', '', '', '', '', NULL, NULL, '1', 34, '2016-03-28 17:30:57', 34, '2016-03-31 04:54:57');
INSERT INTO `tbl_enterprises` (`id`, `site_id`, `enterprise_category_id`, `enterprise_name`, `enterprise_alias`, `enterprise_logo`, `enterprise_website`, `enterprise_short_description`, `enterprise_description`, `enterprise_facebook_link`, `enterprise_twitter_link`, `enterprise_linkedin_link`, `enterprise_youtube_link`, `domain_theme_id`, `domain_name`, `status`, `created_by`, `created_date`, `updated_by`, `updated_date`) VALUES
(35, 1, NULL, 'Shrijani Fashion Wear and Tailors', 'shrijani-fashion-wear-and-tailors', '', '', '', '', '', '', '', '', NULL, NULL, '1', 34, '2016-03-29 10:47:29', 0, '0000-00-00 00:00:00'),
(36, 1, NULL, 'Nepal College of Travel and Tourism Management', 'nepal-college-of-travel-and-tourism-management', 'enterprise_90_1459268920.jpg', 'http://www.ncttm.edu.np', 'Nepal College of Travel & Tourism Management (NCTTM):\n\nNepal College of Travel and Tourism Management (NCTTM) is the premier tourism educational institution of Nepal which was established in 1995. NCTTM is affiliated to Tribhuvan University (TU) which is the state university of Nepal. NCTTM has been conducting the bachelors degree program in travel and tourism under the Faculty of Management since 1998. \n\n', '<h3 style="color: rgb(51, 51, 51); margin: 12px 0px; line-height: 26px; font-size: 22px; font-family: ''Source Sans Pro'', Arial, Tahoma, sans-serif;">\n	<strong>Nepal College of Travel &amp; Tourism Management (NCTTM):</strong></h3>\n<p style="margin-bottom: 1em; margin-top: 0px; color: rgb(119, 119, 119); font-family: ''Source Sans Pro'', Arial, Tahoma, sans-serif; font-size: 14px; line-height: 23px;">\n	Nepal College of Travel and Tourism Management (NCTTM) is the premier tourism educational institution of Nepal which was established in 1995. NCTTM is affiliated to Tribhuvan University (TU) which is the state university of Nepal. NCTTM has been conducting the bachelors degree program in travel and tourism under the Faculty of Management since 1998. Its primary is to&nbsp;develop executive and managerial level human resource personnel for the tourism sector, both in the qualitative and quantitative terms. It has helped build global career of the younger Nepali generation as well as&nbsp;students from neighboring countries. NCTTM has been providing quality education at affordable fees.</p>\n<p style="margin-bottom: 1em; margin-top: 0px; color: rgb(119, 119, 119); font-family: ''Source Sans Pro'', Arial, Tahoma, sans-serif; font-size: 14px; line-height: 23px;">\n	<strong>Mission:</strong>&nbsp;Be the premier institution in travel and tourism education sector of Nepal in imparting a world-class travel and tourism education system that provides the related industry with quantitative, competent, and professional graduates.</p>\n<p style="margin-bottom: 1em; margin-top: 0px; color: rgb(119, 119, 119); font-family: ''Source Sans Pro'', Arial, Tahoma, sans-serif; font-size: 14px; line-height: 23px;">\n	<strong>Major Achievements:</strong></p>\n<ul style="margin: 0px 0px 1em 1em; padding-right: 0px; padding-left: 0px; list-style-position: inside; color: rgb(119, 119, 119); font-family: ''Source Sans Pro'', Arial, Tahoma, sans-serif; font-size: 14px; line-height: 23px;">\n	<li style="list-style-type: square; list-style-position: outside; margin-left: 20px;">\n		Brought out 17 batches of BTTM students in the tourism market.</li>\n	<li style="list-style-type: square; list-style-position: outside; margin-left: 20px;">\n		Placement as high as 98%.</li>\n	<li style="list-style-type: square; list-style-position: outside; margin-left: 20px;">\n		Designed and conducted &lsquo;Awareness Campaign &ndash; Hospitality Training &amp; Customer Care&rsquo; for Visit Nepal 1998.</li>\n	<li style="list-style-type: square; list-style-position: outside; margin-left: 20px;">\n		Developed &amp; Conducted Training Course for Cab Drivers at Tribhuvan International Airport on behalf of Nepal Tourism Board in 2003.</li>\n	<li style="list-style-type: square; list-style-position: outside; margin-left: 20px;">\n		Contribution in a big way in handling and organizing various other tourism related training programs.</li>\n	<li style="list-style-type: square; list-style-position: outside; margin-left: 20px;">\n		Receiver of Mahendra Bidhya Bhushan, Aishwrya Bidhaya padak</li>\n</ul>\n<p style="list-style-type: square; list-style-position: outside; margin-left: 20px;">\n	&nbsp;</p>\n<p style="list-style-type: square; list-style-position: outside; margin-left: 20px;">\n	Contact Us:</p>\n<p style="list-style-type: square; list-style-position: outside; margin-left: 20px;">\n	<span style="color: rgb(119, 119, 119); font-family: ''Source Sans Pro'', Arial, Tahoma, sans-serif; font-size: 14px; line-height: 23px;">Tel no: 4465930, 4465897</span><br style="color: rgb(119, 119, 119); font-family: ''Source Sans Pro'', Arial, Tahoma, sans-serif; font-size: 14px; line-height: 23px;" />\n	<span style="color: rgb(119, 119, 119); font-family: ''Source Sans Pro'', Arial, Tahoma, sans-serif; font-size: 14px; line-height: 23px;">Ratopul, Gaushala, Kathmandu</span><br style="color: rgb(119, 119, 119); font-family: ''Source Sans Pro'', Arial, Tahoma, sans-serif; font-size: 14px; line-height: 23px;" />\n	<span style="color: rgb(119, 119, 119); font-family: ''Source Sans Pro'', Arial, Tahoma, sans-serif; font-size: 14px; line-height: 23px;">Website: www.ncttm.edu.np / www.ncttm.com</span><br style="color: rgb(119, 119, 119); font-family: ''Source Sans Pro'', Arial, Tahoma, sans-serif; font-size: 14px; line-height: 23px;" />\n	<span style="color: rgb(119, 119, 119); font-family: ''Source Sans Pro'', Arial, Tahoma, sans-serif; font-size: 14px; line-height: 23px;">Email address: ncttm@ncttm.edu.np</span></p>\n', '', '', '', '', NULL, NULL, '1', 34, '2016-03-29 22:13:40', 34, '2016-03-30 16:15:11'),
(37, 1, NULL, 'The Solitaire', 'the-solitaire', '', '', 'The shop is in New Road, Kathmandu\nContact No. 9851106893', '', '', '', '', '', NULL, NULL, '1', 34, '2016-03-30 04:48:52', 34, '2016-04-01 03:58:23'),
(38, 1, NULL, 'Global Hardware Pvt. Ltd.', 'global-hardware-pvt-ltd-', 'enterprise_258_1459302114.jpg', '', 'Our vision is to become the most comprehensive building/construction material needs supplier.\nOur mission is to provide our customers ''a one door'' solution for all their construction needs. We do this by providing products, services of high quality and delivering more value to our customers that earns their respect and loyalty.\nThe products ranges from bricks, cements,marbles,tiles,paints,lights,all kitchen supplies ,all bathroom fittings inclu', '', '', '', '', '', NULL, NULL, '1', 34, '2016-03-30 07:26:55', 0, '0000-00-00 00:00:00'),
(40, 1, NULL, 'Ruby Eye Clinic and Opticals', 'ruby-eye-clinic-and-opticals', '', '', '', '<div style="color: rgb(33, 33, 33); font-family: wf_segoe-ui_normal, ''Segoe UI'', ''Segoe WP'', Tahoma, Arial, sans-serif; font-size: 15px;">\n	<strong>Location: Maharajgunj, Chakrapath (Near Chakrapath police station)</strong></div>\n<div style="color: rgb(33, 33, 33); font-family: wf_segoe-ui_normal, ''Segoe UI'', ''Segoe WP'', Tahoma, Arial, sans-serif; font-size: 15px;">\n	&nbsp;</div>\n<div style="color: rgb(33, 33, 33); font-family: wf_segoe-ui_normal, ''Segoe UI'', ''Segoe WP'', Tahoma, Arial, sans-serif; font-size: 15px;">\n	<strong>Postal code: 44600</strong></div>\n<div style="color: rgb(33, 33, 33); font-family: wf_segoe-ui_normal, ''Segoe UI'', ''Segoe WP'', Tahoma, Arial, sans-serif; font-size: 15px;">\n	&nbsp;</div>\n<div style="color: rgb(33, 33, 33); font-family: wf_segoe-ui_normal, ''Segoe UI'', ''Segoe WP'', Tahoma, Arial, sans-serif; font-size: 15px;">\n	<strong>Contact no. 01-4373013, 9849286495, 9841531645</strong></div>\n<div style="color: rgb(33, 33, 33); font-family: wf_segoe-ui_normal, ''Segoe UI'', ''Segoe WP'', Tahoma, Arial, sans-serif; font-size: 15px;">\n	&nbsp;</div>\n<div style="color: rgb(33, 33, 33); font-family: wf_segoe-ui_normal, ''Segoe UI'', ''Segoe WP'', Tahoma, Arial, sans-serif; font-size: 15px;">\n	<strong>Available items: Reading glasses, Sunglasses and Contact lenses</strong></div>\n', '', '', '', '', NULL, NULL, '1', 34, '2016-03-30 08:34:02', 34, '2016-03-30 09:28:03'),
(41, 1, NULL, 'Ruby Eye Clinic and Opticals', 'ruby-eye-clinic-and-opticals', '', '', 'Location: Maharajgunj, Chakrapath (Near Chakrapath police station)\nPostal code: 44600\nContact no. 01-4373013, 9849286495, 9841531645\nAvailable items: Reading glasses, Sunglasses and Contact lenses', '', '', '', '', '', NULL, NULL, '1', 34, '2016-03-30 08:37:26', 0, '0000-00-00 00:00:00'),
(42, 1, NULL, 'Nepali Mann Udhyog', 'nepali-mann-udhyog', '', '', 'Timmur Chop. Suitable for all kinds of food.', '', '', '', '', '', NULL, NULL, '1', 34, '2016-05-24 08:06:44', 0, '0000-00-00 00:00:00'),
(43, 1, NULL, 'Nepali Mann Udhyog', 'nepali-mann-udhyog', '', '', 'Timmur Chop. Suitable for all kinds of food.', '', '', '', '', '', NULL, NULL, '1', 34, '2016-05-24 08:06:45', 0, '0000-00-00 00:00:00'),
(44, 1, NULL, 'web crafts', 'web-crafts', '', 'A', 'a', '<p>\r\n	a</p>\r\n', 'A', 'A', '', '', NULL, 'webcrafts', '1', 1, '2016-07-15 09:40:39', 0, '0000-00-00 00:00:00');

-- --------------------------------------------------------

--
-- Table structure for table `tbl_enterprise_categories`
--

CREATE TABLE `tbl_enterprise_categories` (
  `id` int(11) NOT NULL,
  `site_id` int(11) NOT NULL,
  `enterprise_category_name` varchar(255) NOT NULL,
  `enterprise_category_alias` varchar(255) NOT NULL,
  `enterprise_category_image` varchar(255) NOT NULL,
  `enterprise_category_description` text NOT NULL,
  `status` enum('1','0') NOT NULL,
  `created_by` int(11) NOT NULL,
  `created_date` datetime NOT NULL,
  `updated_by` int(11) NOT NULL,
  `updated_date` datetime NOT NULL
) ENGINE=InnoDB DEFAULT CHARSET=utf8;

--
-- Dumping data for table `tbl_enterprise_categories`
--

INSERT INTO `tbl_enterprise_categories` (`id`, `site_id`, `enterprise_category_name`, `enterprise_category_alias`, `enterprise_category_image`, `enterprise_category_description`, `status`, `created_by`, `created_date`, `updated_by`, `updated_date`) VALUES
(1, 1, 'Pickles', 'pickles', '', '', '1', 1, '2015-06-28 11:14:43', 1, '2015-06-28 17:11:08'),
(2, 1, 'Handicrafts', 'handicrafts', '', '', '1', 1, '2015-06-28 11:15:06', 1, '2015-06-28 17:12:32'),
(3, 1, 'Trade', 'trade', '', '', '1', 1, '2015-06-28 11:16:01', 0, '0000-00-00 00:00:00'),
(4, 1, 'Papercraft', 'papercraft', '', '', '1', 1, '2015-06-28 11:16:24', 0, '0000-00-00 00:00:00'),
(5, 1, 'Tourism', 'tourism', '', '', '1', 1, '2015-06-28 11:16:34', 1, '2015-06-28 11:16:56'),
(6, 1, 'Food Industry', 'food-industry', '', '', '1', 1, '2015-06-28 11:18:30', 0, '0000-00-00 00:00:00'),
(8, 1, 'Electronics', 'electronics', '', '', '1', 1, '2015-06-28 11:19:05', 1, '2015-06-28 15:37:08'),
(10, 1, 'Clothes', 'clothes', '', '', '1', 1, '2015-06-28 12:51:27', 0, '0000-00-00 00:00:00'),
(11, 1, 'Spices', 'spices', '', '', '1', 1, '2015-06-28 12:52:07', 0, '0000-00-00 00:00:00'),
(12, 1, 'Stationaries', 'stationaries', '', '', '1', 1, '2015-06-28 12:52:32', 0, '0000-00-00 00:00:00'),
(13, 1, 'Jewellery', 'jewellery', '', '', '1', 1, '2015-06-28 12:53:26', 0, '0000-00-00 00:00:00'),
(14, 1, 'Media', 'media', '', '', '1', 1, '2015-07-07 17:29:45', 0, '0000-00-00 00:00:00'),
(15, 1, 'Costmetics', 'costmetics', '', '', '1', 1, '2015-07-08 11:18:14', 0, '0000-00-00 00:00:00'),
(16, 1, 'Felt and Wool', 'felt-and-wool', '', '', '1', 2, '2015-08-31 12:59:37', 0, '0000-00-00 00:00:00'),
(17, 1, 'Service', 'service', '', '', '1', 1, '2015-12-20 13:59:09', 1, '2015-12-20 14:08:06'),
(19, 1, 'Floriculture', 'floriculture', '', '', '1', 34, '2016-03-25 13:44:10', 0, '0000-00-00 00:00:00'),
(20, 1, 'Boutique', 'boutique', '', '', '1', 34, '2016-03-28 17:17:07', 0, '0000-00-00 00:00:00'),
(22, 1, 'Trading', 'trading', '', '', '1', 34, '2016-03-30 07:21:58', 0, '0000-00-00 00:00:00');

-- --------------------------------------------------------

--
-- Table structure for table `tbl_enterprise_category_list`
--

CREATE TABLE `tbl_enterprise_category_list` (
  `id` int(15) NOT NULL,
  `enterprise_id` int(15) NOT NULL,
  `enterprise_category_id` int(15) NOT NULL
) ENGINE=InnoDB DEFAULT CHARSET=latin1;

--
-- Dumping data for table `tbl_enterprise_category_list`
--

INSERT INTO `tbl_enterprise_category_list` (`id`, `enterprise_id`, `enterprise_category_id`) VALUES
(7, 13, 10),
(8, 13, 15),
(12, 28, 16),
(13, 28, 4),
(14, 28, 1),
(15, 1, 13),
(17, 3, 6),
(19, 5, 14),
(20, 6, 3),
(23, 9, 3),
(26, 12, 2),
(28, 26, 1),
(29, 27, 3),
(35, 29, 17),
(36, 10, 16),
(37, 30, 3),
(39, 31, 3),
(44, 32, 17),
(46, 8, 10),
(47, 33, 20),
(50, 35, 20),
(54, 4, 4),
(58, 38, 3),
(59, 39, 3),
(60, 39, 3),
(67, 40, 3),
(70, 36, 17),
(71, 34, 19),
(72, 11, 1),
(73, 7, 15),
(74, 2, 11),
(75, 37, 13),
(76, 42, 1),
(77, 42, 1),
(78, 44, 5),
(79, 14, 6),
(80, 14, 3);

-- --------------------------------------------------------

--
-- Table structure for table `tbl_enterprise_count`
--

CREATE TABLE `tbl_enterprise_count` (
  `id` int(15) NOT NULL,
  `site_id` int(15) NOT NULL,
  `enterprise_id` int(15) NOT NULL,
  `count` int(255) NOT NULL
) ENGINE=MyISAM DEFAULT CHARSET=utf8 COLLATE=utf8_unicode_ci;

--
-- Dumping data for table `tbl_enterprise_count`
--

INSERT INTO `tbl_enterprise_count` (`id`, `site_id`, `enterprise_id`, `count`) VALUES
(1, 1, 1, 6284),
(2, 1, 3, 2642),
(3, 1, 14, 1497),
(4, 1, 4, 1996),
(5, 1, 5, 558),
(6, 1, 6, 639),
(7, 1, 9, 994),
(8, 1, 7, 882),
(9, 1, 8, 2740),
(10, 1, 13, 2555),
(11, 1, 10, 2713),
(12, 1, 11, 809),
(13, 1, 12, 2353),
(25, 1, 2, 2511),
(24, 1, 27, 19),
(23, 8, 4, 623),
(22, 1, 26, 19),
(21, 1, 25, 0),
(20, 10, 14, 625),
(26, 1, 28, 3),
(27, 3, 13, 58),
(28, 13, 12, 367),
(29, 2, 2, 439),
(30, 14, 7, 238),
(31, 17, 11, 78),
(32, 1, 29, 562),
(33, 9, 8, 683),
(34, 1, 30, 1664),
(35, 1, 0, 1522),
(36, 20, 30, 247),
(37, 4, 1, 802),
(38, 6, 3, 446),
(39, 19, 29, 115),
(40, 12, 5, 226),
(41, 1, 16, 688),
(42, 1, 15, 203),
(43, 1, 17, 264),
(44, 16, 10, 661),
(45, 16, 2, 176),
(46, 9, 10, 578),
(47, 6, 30, 75),
(48, 13, 10, 474),
(49, 2, 11, 101),
(50, 6, 4, 198),
(51, 6, 1, 384),
(52, 16, 13, 90),
(53, 19, 1, 432),
(54, 12, 1, 406),
(55, 2, 13, 69),
(56, 16, 1, 336),
(57, 2, 30, 59),
(58, 6, 13, 156),
(59, 17, 4, 165),
(60, 17, 10, 502),
(61, 6, 10, 512),
(62, 17, 13, 108),
(63, 4, 13, 134),
(64, 10, 9, 41),
(65, 6, 8, 330),
(66, 17, 8, 327),
(67, 14, 13, 107),
(68, 17, 1, 391),
(69, 17, 2, 194),
(70, 8, 8, 300),
(71, 14, 29, 37),
(72, 13, 8, 308),
(73, 13, 2, 293),
(74, 2, 1, 299),
(75, 17, 3, 185),
(76, 19, 10, 508),
(77, 6, 6, 116),
(78, 14, 1, 385),
(79, 16, 30, 61),
(80, 2, 8, 278),
(81, 13, 1, 368),
(82, 14, 12, 127),
(83, 17, 9, 40),
(84, 19, 30, 81),
(85, 14, 8, 305),
(86, 16, 8, 279),
(87, 6, 29, 39),
(88, 12, 10, 575),
(89, 8, 10, 391),
(90, 19, 12, 134),
(91, 14, 2, 211),
(92, 12, 9, 76),
(93, 19, 8, 351),
(94, 19, 14, 77),
(95, 14, 10, 454),
(96, 12, 30, 86),
(97, 19, 4, 171),
(98, 10, 3, 228),
(99, 2, 3, 133),
(100, 17, 12, 137),
(101, 12, 8, 339),
(102, 10, 10, 542),
(103, 10, 6, 66),
(104, 19, 2, 189),
(105, 14, 5, 27),
(106, 12, 14, 113),
(107, 6, 9, 45),
(108, 10, 1, 427),
(109, 14, 9, 41),
(110, 20, 10, 473),
(111, 16, 16, 132),
(112, 6, 2, 219),
(113, 3, 10, 29),
(114, 3, 1, 24),
(115, 12, 12, 140),
(116, 20, 4, 167),
(117, 20, 5, 30),
(118, 19, 5, 34),
(119, 14, 15, 71),
(120, 12, 13, 182),
(121, 17, 7, 80),
(122, 9, 1, 375),
(123, 10, 8, 343),
(124, 8, 2, 171),
(125, 10, 13, 114),
(126, 9, 30, 71),
(127, 10, 2, 220),
(128, 19, 13, 72),
(129, 8, 13, 57),
(130, 12, 2, 242),
(131, 2, 12, 115),
(132, 4, 10, 352),
(133, 12, 4, 212),
(134, 14, 14, 71),
(135, 3, 14, 1),
(136, 6, 12, 139),
(137, 19, 9, 33),
(138, 4, 3, 152),
(139, 10, 30, 72),
(140, 4, 30, 57),
(141, 3, 8, 12),
(142, 8, 1, 333),
(143, 8, 12, 114),
(144, 8, 9, 23),
(145, 4, 5, 21),
(146, 10, 12, 144),
(147, 19, 17, 45),
(148, 2, 10, 368),
(149, 16, 5, 25),
(150, 3, 9, 5),
(151, 20, 1, 347),
(152, 10, 4, 177),
(153, 14, 4, 151),
(154, 2, 9, 11),
(155, 19, 3, 189),
(156, 13, 4, 150),
(157, 8, 3, 175),
(158, 3, 30, 2),
(159, 16, 9, 18),
(160, 13, 14, 75),
(161, 2, 4, 125),
(162, 6, 14, 91),
(163, 20, 8, 331),
(164, 4, 12, 95),
(165, 4, 8, 253),
(166, 17, 30, 74),
(167, 6, 7, 94),
(168, 3, 2, 4),
(169, 20, 3, 231),
(170, 16, 4, 134),
(171, 17, 14, 71),
(172, 12, 3, 227),
(173, 13, 13, 81),
(174, 14, 30, 69),
(175, 3, 3, 1),
(176, 13, 16, 46),
(177, 9, 4, 184),
(178, 17, 5, 28),
(179, 20, 14, 70),
(180, 8, 30, 68),
(181, 14, 3, 194),
(182, 10, 16, 83),
(183, 9, 2, 193),
(184, 9, 12, 114),
(185, 16, 3, 166),
(186, 8, 5, 23),
(187, 10, 11, 50),
(188, 9, 9, 26),
(189, 4, 4, 142),
(190, 6, 11, 54),
(191, 10, 5, 28),
(192, 9, 14, 78),
(193, 9, 16, 88),
(194, 8, 11, 24),
(195, 18, 9, 8),
(196, 8, 6, 41),
(197, 20, 9, 5),
(198, 4, 2, 162),
(199, 20, 12, 128),
(200, 16, 12, 109),
(201, 16, 14, 65),
(202, 14, 11, 44),
(203, 9, 5, 23),
(204, 8, 14, 75),
(205, 20, 2, 185),
(206, 9, 13, 104),
(207, 10, 7, 100),
(208, 2, 14, 65),
(209, 13, 30, 63),
(210, 6, 5, 32),
(211, 13, 9, 26),
(212, 12, 29, 29),
(213, 9, 11, 45),
(214, 12, 7, 104),
(215, 3, 4, 2),
(216, 3, 12, 3),
(217, 4, 14, 61),
(218, 12, 16, 132),
(219, 4, 9, 18),
(220, 1, 31, 582),
(221, 13, 5, 28),
(222, 2, 16, 43),
(223, 20, 13, 67),
(224, 13, 3, 166),
(225, 14, 16, 80),
(226, 21, 31, 174),
(227, 16, 6, 32),
(228, 9, 3, 196),
(229, 17, 16, 62),
(230, 16, 11, 30),
(231, 14, 6, 41),
(232, 12, 11, 65),
(233, 19, 16, 59),
(234, 2, 5, 24),
(235, 4, 7, 70),
(236, 16, 29, 37),
(237, 1, 32, 816),
(238, 22, 32, 18),
(239, 19, 7, 87),
(240, 13, 6, 41),
(241, 1, 33, 517),
(242, 1, 34, 413),
(243, 9, 31, 44),
(244, 1, 35, 91),
(245, 6, 16, 102),
(246, 1, 36, 240),
(247, 4, 31, 43),
(248, 1, 37, 456),
(249, 1, 38, 374),
(250, 1, 39, 3),
(251, 1, 39, 3),
(252, 1, 40, 282),
(253, 12, 17, 39),
(254, 20, 6, 37),
(255, 9, 7, 85),
(256, 10, 29, 37),
(257, 16, 7, 90),
(258, 20, 31, 44),
(259, 4, 29, 33),
(260, 8, 29, 39),
(261, 13, 11, 28),
(262, 13, 34, 34),
(263, 8, 31, 38),
(264, 17, 6, 24),
(265, 20, 38, 26),
(266, 19, 40, 33),
(267, 10, 32, 68),
(268, 9, 37, 44),
(269, 20, 7, 84),
(270, 1, 196, 1),
(271, 4, 34, 34),
(272, 19, 33, 75),
(273, 4, 32, 67),
(274, 2, 7, 76),
(275, 13, 37, 35),
(276, 9, 33, 79),
(277, 14, 33, 75),
(278, 4, 37, 36),
(279, 10, 33, 72),
(280, 19, 34, 33),
(281, 20, 32, 66),
(282, 19, 32, 68),
(283, 20, 36, 16),
(284, 10, 40, 26),
(285, 8, 32, 61),
(286, 19, 38, 34),
(287, 4, 33, 63),
(288, 16, 33, 74),
(289, 13, 31, 35),
(290, 20, 33, 59),
(291, 19, 31, 39),
(292, 9, 34, 42),
(293, 20, 40, 22),
(294, 8, 33, 65),
(295, 1, 20, 151),
(296, 17, 33, 61),
(297, 10, 37, 45),
(298, 6, 31, 39),
(299, 20, 34, 37),
(300, 4, 38, 24),
(301, 10, 36, 17),
(302, 6, 33, 70),
(303, 6, 38, 34),
(304, 13, 40, 22),
(305, 6, 40, 32),
(306, 6, 32, 65),
(307, 13, 7, 69),
(308, 16, 31, 49),
(309, 10, 31, 51),
(310, 6, 34, 44),
(311, 9, 32, 68),
(312, 19, 11, 34),
(313, 13, 32, 66),
(314, 8, 7, 89),
(315, 2, 6, 22),
(316, 10, 38, 34),
(317, 1, 19, 88),
(318, 2, 36, 18),
(319, 13, 33, 60),
(320, 8, 37, 34),
(321, 16, 32, 67),
(322, 8, 34, 36),
(323, 17, 29, 26),
(324, 12, 40, 27),
(325, 17, 34, 34),
(326, 9, 40, 25),
(327, 17, 38, 28),
(328, 4, 40, 28),
(329, 8, 36, 17),
(330, 9, 29, 32),
(331, 9, 38, 40),
(332, 17, 40, 21),
(333, 10, 20, 15),
(334, 13, 29, 30),
(335, 4, 36, 18),
(336, 17, 37, 39),
(337, 12, 31, 45),
(338, 20, 37, 34),
(339, 12, 38, 34),
(340, 12, 37, 42),
(341, 12, 34, 37),
(342, 2, 34, 33),
(343, 12, 32, 72),
(344, 10, 15, 22),
(345, 19, 37, 38),
(346, 9, 36, 17),
(347, 12, 33, 60),
(348, 19, 19, 4),
(349, 2, 37, 30),
(350, 12, 36, 19),
(351, 16, 34, 36),
(352, 16, 40, 26),
(353, 2, 31, 33),
(354, 2, 32, 54),
(355, 2, 29, 27),
(356, 10, 34, 38),
(357, 19, 36, 15),
(358, 6, 37, 45),
(359, 14, 32, 67),
(360, 17, 31, 30),
(361, 13, 36, 18),
(362, 16, 37, 45),
(363, 14, 38, 27),
(364, 12, 6, 61),
(365, 14, 40, 27),
(366, 9, 17, 32),
(367, 16, 36, 17),
(368, 9, 6, 59),
(369, 20, 29, 32),
(370, 21, 10, 173),
(371, 21, 2, 68),
(372, 9, 15, 21),
(373, 6, 36, 13),
(374, 17, 32, 48),
(375, 21, 29, 13),
(376, 14, 34, 35),
(377, 8, 16, 51),
(378, 4, 11, 26),
(379, 14, 37, 37),
(380, 14, 31, 43),
(381, 16, 38, 29),
(382, 20, 11, 38),
(383, 21, 12, 65),
(384, 10, 17, 26),
(385, 4, 16, 32),
(386, 6, 19, 18),
(387, 16, 17, 23),
(388, 6, 17, 46),
(389, 13, 38, 24),
(390, 20, 17, 19),
(391, 20, 16, 48),
(392, 8, 38, 30),
(393, 16, 19, 5),
(394, 2, 38, 24),
(395, 21, 1, 138),
(396, 17, 36, 16),
(397, 6, 15, 21),
(398, 21, 8, 133),
(399, 2, 40, 28),
(400, 2, 33, 48),
(401, 4, 17, 22),
(402, 19, 15, 12),
(403, 12, 20, 27),
(404, 21, 3, 106),
(405, 14, 36, 14),
(406, 2, 15, 7),
(407, 19, 20, 20),
(408, 17, 20, 13),
(409, 19, 6, 33),
(410, 21, 30, 25),
(411, 20, 15, 15),
(412, 21, 7, 38),
(413, 21, 14, 29),
(414, 13, 17, 18),
(415, 6, 20, 27),
(416, 8, 20, 16),
(417, 9, 20, 23),
(418, 13, 15, 15),
(419, 21, 40, 10),
(420, 17, 17, 20),
(421, 14, 17, 24),
(422, 4, 6, 20),
(423, 8, 40, 26),
(424, 8, 19, 5),
(425, 9, 19, 7),
(426, 4, 15, 12),
(427, 12, 15, 31),
(428, 17, 19, 6),
(429, 13, 19, 4),
(430, 2, 17, 18),
(431, 21, 38, 9),
(432, 17, 15, 7),
(433, 21, 36, 11),
(434, 14, 20, 18),
(435, 8, 17, 32),
(436, 16, 15, 19),
(437, 20, 20, 12),
(438, 4, 19, 4),
(439, 10, 19, 6),
(440, 16, 20, 10),
(441, 8, 15, 25),
(442, 21, 33, 42),
(443, 21, 4, 59),
(444, 21, 32, 25),
(445, 20, 19, 6),
(446, 4, 20, 7),
(447, 21, 11, 11),
(448, 2, 19, 4),
(449, 13, 20, 5),
(450, 1, 42, 293),
(451, 1, 42, 293),
(452, 21, 16, 7),
(453, 21, 34, 14),
(454, 16, 42, 34),
(455, 21, 17, 3),
(456, 6, 42, 36),
(457, 21, 20, 5),
(458, 12, 42, 32),
(459, 12, 19, 13),
(460, 8, 42, 32),
(461, 4, 42, 17),
(462, 9, 42, 33),
(463, 21, 37, 8),
(464, 21, 5, 12),
(465, 10, 42, 33),
(466, 20, 42, 34),
(467, 19, 42, 32),
(468, 2, 42, 29),
(469, 17, 42, 34),
(470, 14, 19, 11),
(471, 21, 6, 5),
(472, 21, 42, 22),
(473, 2, 20, 8),
(474, 13, 42, 33),
(475, 14, 42, 30),
(476, 21, 13, 12),
(477, 21, 19, 1),
(478, 1, 44, 0);

-- --------------------------------------------------------

--
-- Table structure for table `tbl_field_type`
--

CREATE TABLE `tbl_field_type` (
  `id` int(11) NOT NULL,
  `field_type` varchar(50) CHARACTER SET latin1 NOT NULL,
  `display_text` varchar(100) CHARACTER SET latin1 NOT NULL,
  `multiple_values` tinyint(1) NOT NULL
) ENGINE=InnoDB DEFAULT CHARSET=utf8;

--
-- Dumping data for table `tbl_field_type`
--

INSERT INTO `tbl_field_type` (`id`, `field_type`, `display_text`, `multiple_values`) VALUES
(1, 'input', 'Text box', 0),
(2, 'password', 'Password', 0),
(3, 'radio', 'Radio Button', 1),
(4, 'select', 'Dropdown Menu', 1),
(5, 'upload', 'Upload Files', 0),
(6, 'textarea', 'Textarea', 0),
(7, 'checkbox', 'Checkbox', 1),
(8, 'multiple_upload', 'Multiple Uploads', 0);

-- --------------------------------------------------------

--
-- Table structure for table `tbl_form`
--

CREATE TABLE `tbl_form` (
  `id` int(11) NOT NULL,
  `site_id` int(100) NOT NULL,
  `form_name` varchar(50) CHARACTER SET latin1 NOT NULL,
  `form_related` varchar(255) NOT NULL,
  `form_relation_link` varchar(255) NOT NULL,
  `form_description` text NOT NULL,
  `form_unique_name` varchar(50) CHARACTER SET latin1 NOT NULL COMMENT 'Format = form_name-id',
  `form_title` varchar(255) CHARACTER SET latin1 NOT NULL,
  `form_class` varchar(255) CHARACTER SET latin1 NOT NULL,
  `form_attribute` varchar(255) CHARACTER SET latin1 NOT NULL,
  `form_status` enum('Published','Unpublished') CHARACTER SET latin1 NOT NULL,
  `category_id` int(11) NOT NULL,
  `submit_action` enum('email','database','both') CHARACTER SET latin1 NOT NULL DEFAULT 'database',
  `success_msg` tinytext CHARACTER SET latin1 NOT NULL,
  `admin_email` varchar(255) CHARACTER SET latin1 NOT NULL,
  `admin_email_msg` text CHARACTER SET latin1 NOT NULL,
  `email_to_user` tinyint(1) NOT NULL,
  `user_email_msg` text CHARACTER SET latin1 NOT NULL,
  `created_by` int(100) NOT NULL,
  `created_date` datetime NOT NULL,
  `updated_by` int(100) NOT NULL,
  `updated_date` datetime NOT NULL
) ENGINE=InnoDB DEFAULT CHARSET=utf8;

--
-- Dumping data for table `tbl_form`
--

INSERT INTO `tbl_form` (`id`, `site_id`, `form_name`, `form_related`, `form_relation_link`, `form_description`, `form_unique_name`, `form_title`, `form_class`, `form_attribute`, `form_status`, `category_id`, `submit_action`, `success_msg`, `admin_email`, `admin_email_msg`, `email_to_user`, `user_email_msg`, `created_by`, `created_date`, `updated_by`, `updated_date`) VALUES
(1, 1, 'contact_us', '0', '', '<p>\n	Contact Us Form</p>', 'contact_us-1', 'Contact Us', '', '', 'Published', 0, 'both', 'Your message has been successfully sent.', 'winbiznepal.info@gmail.com', 'Respected Sir/Madam\n\nA new message has been received. Following are the details.\n\nName : {name}\nEmail: {email}\nMessage: {message}\n\nRegards,\n{site_name}', 0, '', 1, '2015-07-02 16:12:26', 34, '2016-03-29 09:53:35'),
(2, 3, 'contact_form', '0', '', '', 'contact_form-2', 'Sunita Contact Form', '', '', 'Published', 0, 'database', '', '', '', 0, '', 31, '2015-11-19 15:04:26', 0, '0000-00-00 00:00:00');

-- --------------------------------------------------------

--
-- Table structure for table `tbl_form_field`
--

CREATE TABLE `tbl_form_field` (
  `id` int(11) NOT NULL,
  `form_id` int(11) NOT NULL,
  `group_id` int(11) NOT NULL,
  `field_type` varchar(50) NOT NULL,
  `field_label` varchar(255) NOT NULL,
  `field_name` varchar(255) NOT NULL,
  `default_value` text NOT NULL,
  `field_attribute` varchar(255) NOT NULL,
  `field_class` varchar(100) NOT NULL,
  `field_order` int(5) NOT NULL,
  `show_in_grid` tinyint(1) NOT NULL,
  `front_display` tinyint(1) NOT NULL,
  `validation_rule` varchar(255) NOT NULL COMMENT 'separated by |'
) ENGINE=InnoDB DEFAULT CHARSET=utf8;

--
-- Dumping data for table `tbl_form_field`
--

INSERT INTO `tbl_form_field` (`id`, `form_id`, `group_id`, `field_type`, `field_label`, `field_name`, `default_value`, `field_attribute`, `field_class`, `field_order`, `show_in_grid`, `front_display`, `validation_rule`) VALUES
(1, 1, 0, 'input', 'Name', 'name', 'Name *', '0', '', 1, 1, 1, 'required'),
(2, 1, 0, 'input', 'Email', 'email', 'Email *', '0', '', 2, 1, 1, 'required|email'),
(3, 1, 0, 'textarea', 'Message', 'message', 'Message *', '0', '', 3, 1, 1, 'required');

-- --------------------------------------------------------

--
-- Table structure for table `tbl_form_field_value`
--

CREATE TABLE `tbl_form_field_value` (
  `id` int(11) NOT NULL,
  `form_field_id` int(11) NOT NULL,
  `display_text` varchar(255) NOT NULL
) ENGINE=InnoDB DEFAULT CHARSET=utf8;

-- --------------------------------------------------------

--
-- Table structure for table `tbl_form_group`
--

CREATE TABLE `tbl_form_group` (
  `id` int(11) NOT NULL,
  `form_id` int(11) NOT NULL,
  `group_name` varchar(255) NOT NULL,
  `group_parent` int(11) NOT NULL,
  `position` int(11) NOT NULL,
  `status` enum('published','unpublished') NOT NULL
) ENGINE=InnoDB DEFAULT CHARSET=latin1;

-- --------------------------------------------------------

--
-- Table structure for table `tbl_form_submission`
--

CREATE TABLE `tbl_form_submission` (
  `id` int(11) NOT NULL,
  `form_id` int(11) NOT NULL
) ENGINE=InnoDB DEFAULT CHARSET=utf8;

--
-- Dumping data for table `tbl_form_submission`
--

INSERT INTO `tbl_form_submission` (`id`, `form_id`) VALUES
(6, 1),
(7, 1),
(8, 1);

-- --------------------------------------------------------

--
-- Table structure for table `tbl_form_submission_fields`
--

CREATE TABLE `tbl_form_submission_fields` (
  `id` int(11) NOT NULL,
  `form_submission_id` int(11) NOT NULL,
  `form_field_id` int(11) NOT NULL,
  `form_field_value` text NOT NULL,
  `form_display_text` text NOT NULL
) ENGINE=InnoDB DEFAULT CHARSET=utf8;

--
-- Dumping data for table `tbl_form_submission_fields`
--

INSERT INTO `tbl_form_submission_fields` (`id`, `form_submission_id`, `form_field_id`, `form_field_value`, `form_display_text`) VALUES
(16, 6, 1, 'Fiona Hafvenstein', ''),
(17, 6, 2, 'fionahafvenstein@yahoo.co.uk', ''),
(18, 6, 3, 'Hello -- I am trying to contact MAHI Enterprises -- can you provide me with an email or phone for them?\n\nMany thanks,\nFiona Hafvenstein\nJhamiskhel', ''),
(19, 7, 1, 'Edna', ''),
(20, 7, 2, 'iyinom@yahoo.com', ''),
(21, 7, 3, 'How do i register as a member of this body?\n', ''),
(22, 8, 1, 'laxmi krishna shrestha', ''),
(23, 8, 2, 'd3laxmi@gmail.com', ''),
(24, 8, 3, 'I want to order 3 bottles of timur chop.please contact this no. 9851179682.thank you.', '');

-- --------------------------------------------------------

--
-- Table structure for table `tbl_globalsetting`
--

CREATE TABLE `tbl_globalsetting` (
  `id` int(11) NOT NULL,
  `multiple_sites` enum('yes','no') NOT NULL,
  `site_structure` enum('sub_domain','folder') NOT NULL,
  `site_limits` int(11) NOT NULL,
  `user_restriction` enum('yes','no') NOT NULL
) ENGINE=InnoDB DEFAULT CHARSET=utf8;

--
-- Dumping data for table `tbl_globalsetting`
--

INSERT INTO `tbl_globalsetting` (`id`, `multiple_sites`, `site_structure`, `site_limits`, `user_restriction`) VALUES
(1, 'no', 'sub_domain', 1, '');

-- --------------------------------------------------------

--
-- Table structure for table `tbl_ip_track`
--

CREATE TABLE `tbl_ip_track` (
  `id` int(11) NOT NULL,
  `ip_address` varchar(255) NOT NULL
) ENGINE=InnoDB DEFAULT CHARSET=utf8;

--
-- Dumping data for table `tbl_ip_track`
--

INSERT INTO `tbl_ip_track` (`id`, `ip_address`) VALUES
(1, '::1'),
(2, '192.168.88.157'),
(3, '192.168.88.184'),
(4, '192.168.88.10'),
(5, '192.168.88.133'),
(6, '192.168.88.193'),
(7, '192.168.88.14'),
(8, '192.168.88.42'),
(9, '192.168.88.43'),
(10, '172.16.81.1'),
(11, '192.168.88.136'),
(12, '192.168.88.11'),
(13, '127.0.0.1'),
(14, '192.168.88.161'),
(15, '110.44.117.47'),
(16, '110.44.118.187'),
(17, '113.199.229.248'),
(18, '66.249.84.232'),
(19, '113.199.157.79'),
(20, '113.199.149.128'),
(21, '66.249.84.220'),
(22, '110.44.119.46'),
(23, '113.199.153.182'),
(24, '113.199.238.30'),
(25, '113.199.231.186'),
(26, '110.44.117.113'),
(27, '113.199.203.200'),
(28, '110.44.117.108'),
(29, '113.199.221.22'),
(30, '113.199.174.214'),
(31, '113.199.130.95'),
(32, '182.93.85.192'),
(33, '113.199.214.14'),
(34, '113.199.150.16'),
(35, '113.199.192.105'),
(36, '110.44.119.104'),
(37, '110.44.119.99'),
(38, '113.199.226.134'),
(39, '120.89.108.163'),
(40, '120.89.109.78'),
(41, '120.89.110.207'),
(42, '113.199.159.228'),
(43, '45.64.162.83'),
(44, '45.64.162.184'),
(45, '45.64.162.58'),
(46, '182.93.91.66'),
(47, '45.64.162.30'),
(48, '45.64.162.154'),
(49, '45.64.162.31'),
(50, '45.64.162.104'),
(51, '45.64.162.99'),
(52, '45.64.160.108'),
(53, '45.64.161.137'),
(54, '110.44.117.117'),
(55, '45.64.160.93'),
(56, '43.245.84.144'),
(57, '49.244.75.19'),
(58, '49.244.75.19'),
(59, '45.64.161.190'),
(60, '45.64.160.229'),
(61, '45.64.161.0'),
(62, '45.64.160.148'),
(63, '45.64.161.243'),
(64, '110.44.119.221'),
(65, '45.64.161.182'),
(66, '45.64.160.199'),
(67, '110.44.118.219'),
(68, '45.64.161.213'),
(69, '27.34.66.24'),
(70, '110.44.119.148'),
(71, '202.51.93.27'),
(72, '110.44.118.210'),
(73, '27.34.3.70'),
(74, '110.44.118.204'),
(75, '110.44.119.91'),
(76, '45.64.160.248'),
(77, '45.64.161.126'),
(78, '27.34.2.165'),
(79, '173.252.110.121'),
(80, '45.64.161.185'),
(81, '45.64.160.197'),
(82, '45.64.160.41'),
(83, '202.51.76.236'),
(84, '168.235.196.104'),
(85, '45.64.160.166'),
(86, '49.244.52.96'),
(87, '45.64.161.204'),
(88, '49.244.8.50'),
(89, '110.34.10.207'),
(90, '45.64.160.210'),
(91, '49.244.43.217'),
(92, '49.244.107.191'),
(93, '207.229.179.92'),
(94, '49.244.72.216'),
(95, '14.52.27.4'),
(96, '113.199.222.201'),
(97, '202.70.66.227'),
(98, '103.232.153.19'),
(99, '163.47.151.73'),
(100, '45.64.161.7'),
(101, '202.79.44.143'),
(102, '182.93.92.201'),
(103, '111.119.46.192'),
(104, '45.64.160.177'),
(105, '45.64.160.219'),
(106, '202.166.217.80'),
(107, '74.6.254.91'),
(108, '89.145.95.41'),
(109, '45.64.161.253'),
(110, '49.244.8.17'),
(111, '113.199.222.59'),
(112, '182.93.74.74'),
(113, '43.245.87.22'),
(114, '45.64.161.42'),
(115, '113.199.233.130'),
(116, '45.64.160.223'),
(117, '66.249.79.111'),
(118, '66.249.79.105'),
(119, '66.249.79.99'),
(120, '45.64.160.36'),
(121, '45.64.160.67'),
(122, '45.64.161.39'),
(123, '173.252.112.103'),
(124, '65.52.240.20'),
(125, '157.55.39.250'),
(126, '157.55.39.233'),
(127, '157.55.39.251'),
(128, '157.55.39.237'),
(129, '207.46.13.131'),
(130, '157.55.39.164'),
(131, '207.46.13.84'),
(132, '157.55.39.8'),
(133, '45.64.160.87'),
(134, '207.46.13.20'),
(135, '45.64.161.54'),
(136, '157.55.39.9'),
(137, '157.55.39.229'),
(138, '157.55.39.131'),
(139, '157.55.39.166'),
(140, '207.46.13.21'),
(141, '64.71.32.13'),
(142, '157.7.186.25'),
(143, '87.238.192.212'),
(144, '216.104.160.77'),
(145, '157.55.39.119'),
(146, '207.46.13.36'),
(147, '207.46.13.175'),
(148, '207.46.13.66'),
(149, '195.144.11.46'),
(150, '157.55.39.105'),
(151, '98.186.90.77'),
(152, '207.46.13.141'),
(153, '45.64.161.125'),
(154, '202.79.45.195'),
(155, '65.55.215.44'),
(156, '65.55.215.45'),
(157, '65.55.215.39'),
(158, '65.55.215.36'),
(159, '65.55.215.42'),
(160, '65.55.215.49'),
(161, '65.55.215.33'),
(162, '65.55.215.66'),
(163, '65.55.215.37'),
(164, '65.55.215.43'),
(165, '65.55.215.40'),
(166, '65.55.215.41'),
(167, '65.55.215.48'),
(168, '113.199.210.188'),
(169, '157.55.39.66'),
(170, '185.26.92.4'),
(171, '207.46.13.127'),
(172, '157.55.39.194'),
(173, '207.46.13.47'),
(174, '45.64.160.69'),
(175, '113.199.129.105'),
(176, '157.55.39.124'),
(177, '45.64.161.168'),
(178, '207.46.13.118'),
(179, '157.55.39.149'),
(180, '76.163.25.110'),
(181, '45.64.161.171'),
(182, '157.55.39.52'),
(183, '45.64.160.176'),
(184, '207.46.13.49'),
(185, '157.55.39.29'),
(186, '207.46.13.105'),
(187, '45.64.161.226'),
(188, '173.252.88.85'),
(189, '69.171.230.112'),
(190, '36.252.1.156'),
(191, '131.253.24.121'),
(192, '107.23.45.196'),
(193, '66.249.81.190'),
(194, '66.249.81.186'),
(195, '157.55.39.209'),
(196, '207.46.13.28'),
(197, '157.55.39.96'),
(198, '197.250.50.102'),
(199, '195.154.146.225'),
(200, '66.249.79.144'),
(201, '66.249.79.158'),
(202, '66.249.79.151'),
(203, '36.248.163.194'),
(204, '185.63.255.91'),
(205, '197.255.163.112'),
(206, '202.51.88.2'),
(207, '66.249.64.129'),
(208, '110.44.119.86'),
(209, '157.55.39.1'),
(210, '216.244.85.83'),
(211, '83.160.26.146'),
(212, '66.249.67.105'),
(213, '66.249.67.109'),
(214, '66.249.67.103'),
(215, '66.249.67.97'),
(216, '66.249.67.111'),
(217, '66.249.67.99'),
(218, '207.46.13.82'),
(219, '66.249.67.183'),
(220, '66.249.67.174'),
(221, '207.46.13.23'),
(222, '45.64.160.144'),
(223, '49.126.0.43'),
(224, '49.126.0.31'),
(225, '207.46.13.120'),
(226, '157.55.39.16'),
(227, '157.55.39.17'),
(228, '157.55.39.240'),
(229, '157.55.39.86'),
(230, '157.55.39.115'),
(231, '207.46.13.179'),
(232, '116.90.235.194'),
(233, '157.55.39.147'),
(234, '157.55.39.176'),
(235, '182.74.207.239'),
(236, '207.46.13.167'),
(237, '157.55.39.201'),
(238, '207.46.13.109'),
(239, '157.55.39.101'),
(240, '49.244.79.86'),
(241, '66.249.79.166'),
(242, '66.249.79.173'),
(243, '66.249.79.180'),
(244, '110.44.119.121'),
(245, '157.55.39.102'),
(246, '45.64.160.112'),
(247, '121.33.21.236'),
(248, '27.34.66.45'),
(249, '66.249.93.214'),
(250, '157.55.39.230'),
(251, '207.46.13.142'),
(252, '157.55.39.27'),
(253, '157.55.39.199'),
(254, '27.34.8.193'),
(255, '49.244.19.20'),
(256, '78.46.41.37'),
(257, '192.200.196.231'),
(258, '106.187.48.27'),
(259, '220.181.132.220'),
(260, '183.57.152.32'),
(261, '45.64.160.100'),
(262, '157.55.39.24'),
(263, '157.55.39.217'),
(264, '207.46.13.178'),
(265, '157.55.39.203'),
(266, '207.46.13.92'),
(267, '49.244.101.87'),
(268, '110.44.119.229'),
(269, '66.249.69.58'),
(270, '66.249.75.183'),
(271, '66.249.75.174'),
(272, '66.249.69.66'),
(273, '66.249.75.192'),
(274, '64.246.178.34'),
(275, '180.76.15.134'),
(276, '180.76.15.30'),
(277, '207.46.13.106'),
(278, '207.46.13.75'),
(279, '207.46.13.152'),
(280, '157.55.39.12'),
(281, '207.46.13.112'),
(282, '207.46.13.7'),
(283, '157.55.39.51'),
(284, '66.249.69.50'),
(285, '207.46.13.117'),
(286, '157.55.39.132'),
(287, '157.55.39.7'),
(288, '157.55.39.103'),
(289, '157.55.39.104'),
(290, '157.55.39.48'),
(291, '49.244.81.142'),
(292, '207.46.13.98'),
(293, '168.235.195.240'),
(294, '49.244.79.113'),
(295, '93.177.130.77'),
(296, '27.34.13.106'),
(297, '101.16.200.176'),
(298, '112.65.193.13'),
(299, '101.226.33.226'),
(300, '119.147.146.192'),
(301, '113.199.149.61'),
(302, '207.46.13.87'),
(303, '180.76.15.150'),
(304, '157.55.39.187'),
(305, '45.64.161.183'),
(306, '157.55.39.145'),
(307, '180.76.15.17'),
(308, '45.64.160.196'),
(309, '110.34.10.228'),
(310, '157.55.39.242'),
(311, '207.46.13.114'),
(312, '180.76.15.7'),
(313, '142.169.78.176'),
(314, '180.76.15.23'),
(315, '157.55.39.32'),
(316, '157.55.39.54'),
(317, '180.76.15.147'),
(318, '207.46.13.165'),
(319, '207.46.13.61'),
(320, '105.112.29.248'),
(321, '180.76.15.136'),
(322, '23.102.50.42'),
(323, '180.76.15.32'),
(324, '157.55.39.238'),
(325, '141.0.14.30'),
(326, '180.76.15.19'),
(327, '45.64.160.158'),
(328, '180.76.15.138'),
(329, '180.76.15.158'),
(330, '202.70.70.53'),
(331, '116.90.235.90'),
(332, '207.46.13.107'),
(333, '180.76.15.34'),
(334, '66.249.79.69'),
(335, '157.55.39.47'),
(336, '157.55.39.46'),
(337, '180.76.15.139'),
(338, '66.249.79.65'),
(339, '157.55.39.11'),
(340, '37.115.184.15'),
(341, '166.170.14.81'),
(342, '52.27.15.193'),
(343, '45.35.71.181'),
(344, '45.64.161.241'),
(345, '110.44.119.206'),
(346, '180.76.15.144'),
(347, '157.55.39.110'),
(348, '157.55.39.23'),
(349, '202.166.220.111'),
(350, '27.17.216.133'),
(351, '49.244.83.154'),
(352, '27.34.91.213'),
(353, '182.93.74.219'),
(354, '202.51.93.16'),
(355, '180.76.15.6'),
(356, '180.76.15.142'),
(357, '104.131.116.26'),
(358, '207.46.13.186'),
(359, '157.55.39.177'),
(360, '188.143.232.41'),
(361, '202.70.70.41'),
(362, '66.249.74.37'),
(363, '50.181.30.14'),
(364, '199.68.232.59'),
(365, '180.76.15.25'),
(366, '64.246.165.210'),
(367, '207.46.13.25'),
(368, '45.35.71.179'),
(369, '82.165.145.226'),
(370, '202.52.230.20'),
(371, '188.143.232.16'),
(372, '180.76.15.12'),
(373, '66.249.82.153'),
(374, '180.76.15.160'),
(375, '66.249.84.82'),
(376, '188.143.232.24'),
(377, '180.76.15.10'),
(378, '188.143.232.14'),
(379, '180.76.15.135'),
(380, '66.249.65.58'),
(381, '27.34.94.74'),
(382, '188.143.232.70'),
(383, '66.249.65.180'),
(384, '66.249.65.173'),
(385, '180.76.15.5'),
(386, '173.254.203.116'),
(387, '207.46.13.59'),
(388, '157.55.39.200'),
(389, '188.143.232.11'),
(390, '207.46.13.149'),
(391, '59.25.223.175'),
(392, '27.150.193.72'),
(393, '188.143.232.26'),
(394, '180.76.15.162'),
(395, '180.76.15.21'),
(396, '66.249.74.39'),
(397, '66.249.75.58'),
(398, '180.76.15.24'),
(399, '66.249.75.248'),
(400, '180.76.15.146'),
(401, '66.249.75.142'),
(402, '66.249.75.133'),
(403, '66.249.75.50'),
(404, '188.143.232.62'),
(405, '65.215.93.238'),
(406, '193.189.117.65'),
(407, '180.76.15.28'),
(408, '66.249.75.42'),
(409, '157.55.39.31'),
(410, '157.55.39.231'),
(411, '180.76.15.140'),
(412, '180.76.15.20'),
(413, '94.23.29.174'),
(414, '180.76.15.18'),
(415, '183.206.174.17'),
(416, '180.76.15.31'),
(417, '173.252.75.115'),
(418, '92.210.15.27'),
(419, '180.76.15.15'),
(420, '180.76.15.156'),
(421, '180.76.15.9'),
(422, '180.76.15.13'),
(423, '188.143.232.19'),
(424, '180.76.15.143'),
(425, '157.55.39.218'),
(426, '94.153.10.149'),
(427, '157.55.39.72'),
(428, '197.211.53.23'),
(429, '157.55.39.71'),
(430, '180.76.15.11'),
(431, '188.143.232.34'),
(432, '180.76.15.157'),
(433, '180.76.15.148'),
(434, '180.76.15.33'),
(435, '180.76.15.151'),
(436, '59.97.140.53'),
(437, '157.55.39.170'),
(438, '85.90.40.5'),
(439, '157.55.39.169'),
(440, '180.76.15.16'),
(441, '180.76.15.163'),
(442, '66.102.7.176'),
(443, '180.76.15.149'),
(444, '157.55.39.182'),
(445, '180.76.15.153'),
(446, '180.76.15.14'),
(447, '219.142.121.250'),
(448, '180.76.15.152'),
(449, '180.76.15.159'),
(450, '180.76.15.155'),
(451, '157.55.39.5'),
(452, '188.143.232.35'),
(453, '66.249.74.41'),
(454, '207.46.13.62'),
(455, '157.55.39.6'),
(456, '188.143.232.15'),
(457, '66.249.79.67'),
(458, '180.76.15.27'),
(459, '195.3.144.88'),
(460, '180.76.15.8'),
(461, '104.194.26.205'),
(462, '211.239.160.210'),
(463, '180.76.15.161'),
(464, '180.76.15.141'),
(465, '107.23.49.117'),
(466, '211.239.160.218'),
(467, '180.76.15.26'),
(468, '110.44.119.76'),
(469, '64.246.165.150'),
(470, '188.143.232.43'),
(471, '192.168.88.155'),
(472, '36.253.171.51'),
(473, '110.44.119.124'),
(474, '110.44.119.205'),
(475, '110.44.118.29'),
(476, '43.245.87.20'),
(477, '110.44.119.75'),
(478, '110.44.119.68'),
(479, '192.168.88.132'),
(480, '192.168.88.135'),
(481, '110.44.119.202'),
(482, '27.34.64.180'),
(483, '66.249.69.55'),
(484, '66.249.69.47'),
(485, '66.249.75.250'),
(486, '66.249.75.242'),
(487, '110.44.119.173'),
(488, '45.64.161.244'),
(489, '66.249.75.134'),
(490, '66.249.75.61'),
(491, '66.249.75.53'),
(492, '49.236.212.60'),
(493, '36.253.0.92'),
(494, '66.249.73.131'),
(495, '66.249.73.235'),
(496, '66.249.73.243'),
(497, '110.44.117.125'),
(498, '110.44.117.114'),
(499, '66.249.75.247'),
(500, '66.249.75.141'),
(501, '66.249.75.69'),
(502, '103.10.28.13'),
(503, '66.249.85.184'),
(504, '66.249.80.115'),
(505, '66.249.80.27'),
(506, '110.44.119.131'),
(507, '66.249.75.4'),
(508, '66.249.80.123'),
(509, '66.249.85.181'),
(510, '66.249.80.36'),
(511, '66.249.75.210'),
(512, '103.10.30.139'),
(513, '192.168.88.163'),
(514, '110.44.118.116'),
(515, '27.34.78.251'),
(516, '43.245.84.253'),
(517, '110.44.118.18'),
(518, '45.64.161.43'),
(519, '110.44.117.249'),
(520, '43.245.85.75'),
(521, '66.249.80.14'),
(522, '66.249.85.224'),
(523, '45.64.161.135'),
(524, '45.64.160.75'),
(525, '45.64.160.106'),
(526, '66.249.80.5'),
(527, '43.245.84.64'),
(528, '103.10.197.211'),
(529, '45.64.161.236'),
(530, '66.249.80.127'),
(531, '45.64.160.9'),
(532, '45.64.161.130'),
(533, '45.64.160.48'),
(534, '45.64.161.153'),
(535, '69.171.230.96'),
(536, '173.252.90.122'),
(537, '122.252.245.197'),
(538, '45.64.160.123'),
(539, '45.64.161.76'),
(540, '103.10.197.210'),
(541, '43.245.85.204'),
(542, '45.64.160.54'),
(543, '45.64.160.72'),
(544, '66.249.85.245'),
(545, '103.10.28.14'),
(546, '45.64.161.176'),
(547, '103.10.197.212'),
(548, '43.245.85.136'),
(549, '66.249.74.83'),
(550, '43.245.85.31'),
(551, '115.60.3.244'),
(552, '188.63.31.122'),
(553, '157.55.39.174'),
(554, '157.55.39.178'),
(555, '157.55.39.179'),
(556, '157.55.39.140'),
(557, '66.249.74.81'),
(558, '157.55.39.122'),
(559, '66.249.74.79'),
(560, '157.55.39.160'),
(561, '157.55.39.141'),
(562, '43.245.84.39'),
(563, '43.245.84.86'),
(564, '180.76.15.22'),
(565, '66.249.80.65'),
(566, '49.244.24.51'),
(567, '207.46.13.169'),
(568, '157.55.39.57'),
(569, '68.180.230.236'),
(570, '68.180.230.50'),
(571, '110.34.10.235'),
(572, '207.46.13.103'),
(573, '207.46.13.18'),
(574, '45.64.160.59'),
(575, '180.76.15.29'),
(576, '202.52.234.246'),
(577, '110.34.29.37'),
(578, '157.55.39.59'),
(579, '207.46.13.132'),
(580, '68.180.230.232'),
(581, '120.89.108.35'),
(582, '58.20.74.222'),
(583, '113.199.168.181'),
(584, '157.55.39.158'),
(585, '207.46.13.119'),
(586, '157.55.39.214'),
(587, '66.102.7.183'),
(588, '66.102.6.127'),
(589, '27.34.88.205'),
(590, '195.154.168.82'),
(591, '66.249.69.129'),
(592, '207.46.13.123'),
(593, '207.46.13.15'),
(594, '66.249.69.135'),
(595, '157.55.39.216'),
(596, '66.249.69.254'),
(597, '66.102.7.169'),
(598, '207.46.13.0'),
(599, '207.46.13.104'),
(600, '157.55.39.36'),
(601, '157.55.39.135'),
(602, '180.76.15.154'),
(603, '163.47.149.167'),
(604, '198.1.74.63'),
(605, '107.21.1.8'),
(606, '93.174.125.196'),
(607, '5.153.238.103'),
(608, '66.249.69.205'),
(609, '66.249.69.215'),
(610, '66.249.69.74'),
(611, '66.249.85.178'),
(612, '157.55.39.253'),
(613, '207.46.13.55'),
(614, '120.89.103.78'),
(615, '66.249.75.56'),
(616, '66.249.75.65'),
(617, '207.46.13.50'),
(618, '14.128.12.1'),
(619, '43.245.85.63'),
(620, '40.77.167.39'),
(621, '180.76.15.145'),
(622, '199.30.25.159'),
(623, '163.47.149.190'),
(624, '202.51.88.41'),
(625, '110.34.10.234'),
(626, '202.79.55.194'),
(627, '202.51.88.28'),
(628, '49.244.61.144'),
(629, '89.221.250.16'),
(630, '196.22.132.203'),
(631, '66.249.65.166'),
(632, '173.252.81.115'),
(633, '163.47.148.236'),
(634, '64.233.173.162'),
(635, '64.233.173.157'),
(636, '43.245.84.121'),
(637, '43.245.84.31'),
(638, '36.253.194.125'),
(639, '43.245.85.108'),
(640, '43.245.85.65'),
(641, '45.64.160.246'),
(642, '202.51.69.18'),
(643, '157.55.39.208'),
(644, '49.244.7.13'),
(645, '188.143.232.21'),
(646, '207.46.13.37'),
(647, '64.246.165.160'),
(648, '49.244.3.194'),
(649, '163.47.148.242'),
(650, '113.199.135.111'),
(651, '207.46.13.42'),
(652, '180.76.15.137'),
(653, '49.244.41.94'),
(654, '43.245.85.203'),
(655, '49.244.85.212'),
(656, '40.77.167.6'),
(657, '188.143.232.22'),
(658, '27.34.85.255'),
(659, '110.44.117.44'),
(660, '45.55.50.249'),
(661, '157.55.39.226'),
(662, '40.77.167.27'),
(663, '40.77.167.71'),
(664, '182.93.70.76'),
(665, '157.55.39.227'),
(666, '43.245.84.129'),
(667, '157.55.39.219'),
(668, '49.244.153.203'),
(669, '40.77.167.98'),
(670, '66.249.84.103'),
(671, '66.249.75.47'),
(672, '49.244.149.215'),
(673, '157.55.39.67'),
(674, '157.55.39.129'),
(675, '49.244.131.14'),
(676, '43.245.85.39'),
(677, '188.143.232.40'),
(678, '184.149.36.190'),
(679, '157.55.39.234'),
(680, '157.55.39.65'),
(681, '40.77.167.26'),
(682, '165.225.80.105'),
(683, '157.55.39.43'),
(684, '188.71.255.220'),
(685, '66.249.66.86'),
(686, '66.249.75.83'),
(687, '66.249.75.67'),
(688, '66.249.69.122'),
(689, '113.199.192.65'),
(690, '110.34.29.237'),
(691, '66.249.69.115'),
(692, '66.249.69.3'),
(693, '113.199.196.166'),
(694, '188.143.232.37'),
(695, '199.30.25.119'),
(696, '157.55.39.78'),
(697, '36.252.110.8'),
(698, '157.55.39.224'),
(699, '182.93.71.242'),
(700, '14.120.161.182'),
(701, '157.55.39.225'),
(702, '157.55.39.20'),
(703, '195.154.194.111'),
(704, '45.64.161.195'),
(705, '207.46.13.88'),
(706, '107.167.96.202'),
(707, '36.252.1.180'),
(708, '207.46.13.190'),
(709, '216.163.188.237'),
(710, '204.79.180.35'),
(711, '204.79.180.53'),
(712, '182.93.70.94'),
(713, '49.244.228.43'),
(714, '66.249.69.28'),
(715, '66.249.69.44'),
(716, '36.252.1.190'),
(717, '113.199.223.217'),
(718, '207.46.13.32'),
(719, '43.245.84.168'),
(720, '207.46.13.187'),
(721, '124.154.47.177'),
(722, '66.249.69.36'),
(723, '75.69.251.43'),
(724, '40.77.167.64'),
(725, '157.55.39.248'),
(726, '207.46.13.140'),
(727, '52.33.252.230'),
(728, '157.55.39.144'),
(729, '60.188.180.53'),
(730, '45.64.160.20'),
(731, '8.28.16.254'),
(732, '216.81.81.85'),
(733, '43.245.85.202'),
(734, '157.55.39.77'),
(735, '157.55.39.76'),
(736, '157.55.39.79'),
(737, '207.46.13.52'),
(738, '157.55.39.40'),
(739, '36.253.10.61'),
(740, '40.77.167.1'),
(741, '43.245.85.73'),
(742, '207.46.13.30'),
(743, '36.253.42.64'),
(744, '110.44.121.7'),
(745, '45.64.161.165'),
(746, '157.55.39.181'),
(747, '49.244.15.35'),
(748, '115.197.94.126'),
(749, '207.46.13.68'),
(750, '207.46.13.155'),
(751, '207.46.13.93'),
(752, '36.252.85.203'),
(753, '204.79.180.133'),
(754, '204.79.180.62'),
(755, '207.46.13.90'),
(756, '157.55.39.196'),
(757, '115.197.94.112'),
(758, '157.55.39.151'),
(759, '207.46.13.89'),
(760, '54.198.144.176'),
(761, '40.77.167.14'),
(762, '110.44.121.133'),
(763, '157.55.39.150'),
(764, '110.44.117.19'),
(765, '113.199.251.118'),
(766, '204.79.180.112'),
(767, '204.79.180.251'),
(768, '2.138.15.30'),
(769, '40.77.167.80'),
(770, '207.46.13.94'),
(771, '66.249.75.75'),
(772, '182.93.71.252'),
(773, '50.87.153.143'),
(774, '45.64.160.201'),
(775, '161.202.34.253'),
(776, '161.202.34.253'),
(777, '66.102.7.225'),
(778, '207.46.13.172'),
(779, '40.77.167.55'),
(780, '40.77.167.38'),
(781, '66.249.75.123'),
(782, '66.249.75.81'),
(783, '202.46.53.49'),
(784, '66.249.75.97'),
(785, '123.125.71.20'),
(786, '220.181.108.156'),
(787, '157.55.39.255'),
(788, '157.55.39.139'),
(789, '45.64.160.104'),
(790, '37.229.157.65'),
(791, '140.117.150.103'),
(792, '14.20.66.16'),
(793, '173.208.177.59'),
(794, '204.79.180.178'),
(795, '104.207.150.177'),
(796, '157.55.39.18'),
(797, '191.232.136.67'),
(798, '66.249.75.107'),
(799, '66.249.75.115'),
(800, '174.129.228.67'),
(801, '65.55.212.84'),
(802, '204.79.180.116'),
(803, '204.79.180.243'),
(804, '191.232.136.155'),
(805, '178.255.215.91'),
(806, '173.254.203.82'),
(807, '123.125.71.113'),
(808, '110.34.10.233'),
(809, '110.34.10.214'),
(810, '157.55.39.74'),
(811, '40.77.167.36'),
(812, '40.77.167.44'),
(813, '40.77.167.65'),
(814, '40.77.167.43'),
(815, '85.93.89.232'),
(816, '157.55.39.3'),
(817, '191.232.136.18'),
(818, '222.79.238.177'),
(819, '120.89.107.57'),
(820, '45.64.161.147'),
(821, '163.47.148.240'),
(822, '110.34.10.247'),
(823, '157.55.39.108'),
(824, '49.244.11.211'),
(825, '66.249.65.91'),
(826, '40.77.167.67'),
(827, '157.55.39.211'),
(828, '40.77.167.62'),
(829, '157.55.39.63'),
(830, '66.249.65.123'),
(831, '157.55.39.148'),
(832, '49.244.17.55'),
(833, '113.199.164.33'),
(834, '49.244.38.57'),
(835, '45.64.161.52'),
(836, '220.181.108.118'),
(837, '45.32.129.200'),
(838, '157.55.39.183'),
(839, '103.10.29.23'),
(840, '202.51.69.15'),
(841, '191.232.136.87'),
(842, '191.232.136.88'),
(843, '40.77.167.23'),
(844, '157.55.39.30'),
(845, '151.80.41.241'),
(846, '191.232.136.73'),
(847, '36.250.174.225'),
(848, '202.51.88.31'),
(849, '113.199.156.6'),
(850, '173.252.88.181'),
(851, '173.252.90.86'),
(852, '173.252.90.89'),
(853, '173.252.88.188'),
(854, '173.252.75.119'),
(855, '173.252.115.192'),
(856, '173.252.115.193'),
(857, '69.171.231.227'),
(858, '113.199.162.14'),
(859, '82.145.208.59'),
(860, '151.80.216.92'),
(861, '204.79.180.230'),
(862, '204.79.180.93'),
(863, '40.77.167.88'),
(864, '157.55.39.152'),
(865, '157.55.39.198'),
(866, '191.232.136.22'),
(867, '66.249.69.174'),
(868, '157.55.39.99'),
(869, '157.55.39.125'),
(870, '157.55.39.2'),
(871, '40.77.167.70'),
(872, '144.76.168.226'),
(873, '157.55.39.195'),
(874, '40.77.167.103'),
(875, '157.55.39.94'),
(876, '45.32.128.51'),
(877, '40.77.167.69'),
(878, '93.180.64.220'),
(879, '207.46.13.54'),
(880, '157.55.39.247'),
(881, '40.77.167.3'),
(882, '40.77.167.105'),
(883, '123.125.71.19'),
(884, '220.181.108.112'),
(885, '40.77.167.92'),
(886, '105.112.33.219'),
(887, '40.77.167.7'),
(888, '45.64.160.66'),
(889, '45.64.161.85'),
(890, '40.77.167.29'),
(891, '163.47.149.171'),
(892, '104.236.26.191'),
(893, '104.238.180.234'),
(894, '202.51.88.51'),
(895, '173.252.80.119'),
(896, '220.181.51.76'),
(897, '123.125.71.88'),
(898, '40.77.167.60'),
(899, '64.246.165.180'),
(900, '192.187.114.10'),
(901, '41.190.2.200'),
(902, '157.55.39.56'),
(903, '41.58.231.118'),
(904, '66.249.69.189'),
(905, '220.181.51.80'),
(906, '123.125.71.22'),
(907, '65.55.215.54'),
(908, '107.167.112.28'),
(909, '207.46.13.48'),
(910, '77.66.60.75'),
(911, '110.34.10.236'),
(912, '220.181.108.184'),
(913, '220.181.51.77'),
(914, '111.13.102.7'),
(915, '66.249.79.233'),
(916, '66.249.79.240'),
(917, '40.77.167.35'),
(918, '104.156.230.231'),
(919, '113.199.147.54'),
(920, '113.199.154.250'),
(921, '41.190.3.133'),
(922, '157.55.39.50'),
(923, '113.199.223.49'),
(924, '27.34.5.4'),
(925, '220.181.51.79'),
(926, '123.125.71.71'),
(927, '123.125.71.78'),
(928, '66.249.74.38'),
(929, '66.249.74.36'),
(930, '157.55.39.223'),
(931, '157.55.39.25'),
(932, '220.181.108.93'),
(933, '40.77.167.33'),
(934, '73.176.67.120'),
(935, '66.249.79.226'),
(936, '157.55.39.222'),
(937, '182.248.150.15'),
(938, '40.77.167.11'),
(939, '210.199.227.18'),
(940, '66.102.6.65'),
(941, '66.102.6.68'),
(942, '157.55.39.75'),
(943, '49.244.74.48'),
(944, '45.64.161.189'),
(945, '27.34.96.174'),
(946, '27.34.40.198'),
(947, '40.77.167.83'),
(948, '207.46.13.72'),
(949, '202.46.50.152'),
(950, '40.77.167.5'),
(951, '202.46.58.96'),
(952, '120.89.109.145'),
(953, '49.244.66.206'),
(954, '182.93.66.188'),
(955, '27.34.45.141'),
(956, '107.77.76.81'),
(957, '202.46.53.143'),
(958, '74.91.26.114'),
(959, '49.244.23.85'),
(960, '113.199.182.6'),
(961, '110.44.122.138'),
(962, '202.63.245.114'),
(963, '202.166.216.125'),
(964, '45.64.160.83'),
(965, '207.46.13.108'),
(966, '110.44.117.80'),
(967, '220.181.108.86'),
(968, '213.160.119.178'),
(969, '141.0.14.74'),
(970, '207.46.13.189'),
(971, '40.77.167.25'),
(972, '119.144.68.234'),
(973, '178.62.254.146'),
(974, '207.46.13.159'),
(975, '157.55.39.53'),
(976, '207.46.13.171'),
(977, '207.46.13.150'),
(978, '49.244.143.57'),
(979, '113.199.217.33'),
(980, '40.77.167.34'),
(981, '68.180.228.237'),
(982, '207.46.13.86'),
(983, '103.10.30.144'),
(984, '173.252.102.119'),
(985, '163.47.151.118'),
(986, '178.62.234.28'),
(987, '175.44.17.177'),
(988, '157.55.39.35'),
(989, '76.102.84.242'),
(990, '157.55.39.42'),
(991, '103.10.30.218'),
(992, '119.136.92.58'),
(993, '207.46.13.10'),
(994, '207.46.13.129'),
(995, '123.125.71.58'),
(996, '64.74.215.136'),
(997, '202.79.55.135'),
(998, '220.181.108.145'),
(999, '120.89.103.84'),
(1000, '157.55.39.100'),
(1001, '115.250.240.182'),
(1002, '65.55.210.200'),
(1003, '157.55.39.202'),
(1004, '128.199.39.145'),
(1005, '110.44.113.120'),
(1006, '72.5.65.212'),
(1007, '40.77.167.52'),
(1008, '199.30.25.126'),
(1009, '204.79.180.250'),
(1010, '204.79.180.242'),
(1011, '157.55.39.14'),
(1012, '103.10.30.135'),
(1013, '115.60.49.120'),
(1014, '43.245.85.147'),
(1015, '96.44.141.18'),
(1016, '119.136.187.111'),
(1017, '125.94.91.217'),
(1018, '43.245.85.246'),
(1019, '40.77.167.41'),
(1020, '109.86.16.253'),
(1021, '40.77.167.53'),
(1022, '113.199.196.83'),
(1023, '110.34.30.132'),
(1024, '45.32.129.1'),
(1025, '72.5.65.215'),
(1026, '86.57.167.45'),
(1027, '207.46.13.126'),
(1028, '8.37.231.149'),
(1029, '207.46.13.71'),
(1030, '115.60.54.207'),
(1031, '122.170.170.245'),
(1032, '207.46.13.2'),
(1033, '66.249.74.40'),
(1034, '157.55.39.142'),
(1035, '64.246.161.190'),
(1036, '216.70.104.48'),
(1037, '157.55.39.204'),
(1038, '39.72.4.161'),
(1039, '36.228.126.235'),
(1040, '66.220.156.119'),
(1041, '66.220.156.117'),
(1042, '103.244.14.89'),
(1043, '157.55.39.98'),
(1044, '207.46.13.64'),
(1045, '157.55.39.97'),
(1046, '141.0.15.85'),
(1047, '141.0.14.97'),
(1048, '43.245.85.38'),
(1049, '157.55.39.184'),
(1050, '125.109.17.5'),
(1051, '220.181.108.177'),
(1052, '123.125.71.39'),
(1053, '207.46.13.183'),
(1054, '126.79.244.208'),
(1055, '157.55.39.55'),
(1056, '121.35.149.72'),
(1057, '113.199.248.51'),
(1058, '40.77.167.12'),
(1059, '202.79.37.90'),
(1060, '157.55.39.146'),
(1061, '40.77.167.89'),
(1062, '125.109.62.28'),
(1063, '103.10.30.233'),
(1064, '40.77.167.90'),
(1065, '43.245.85.148'),
(1066, '196.207.162.64'),
(1067, '202.166.210.218'),
(1068, '197.255.254.248'),
(1069, '66.249.93.105'),
(1070, '166.78.9.12'),
(1071, '31.203.241.55'),
(1072, '192.34.60.103'),
(1073, '207.46.13.137'),
(1074, '192.240.106.138'),
(1075, '157.55.39.188'),
(1076, '157.55.39.163'),
(1077, '111.1.90.58'),
(1078, '37.47.134.250'),
(1079, '112.111.172.21'),
(1080, '110.34.22.175'),
(1081, '41.190.3.72'),
(1082, '27.34.20.17'),
(1083, '49.244.171.50'),
(1084, '199.19.249.196'),
(1085, '199.204.11.20'),
(1086, '146.50.79.106'),
(1087, '43.245.85.23'),
(1088, '113.104.189.7'),
(1089, '173.208.136.170'),
(1090, '105.112.29.174'),
(1091, '40.77.167.72'),
(1092, '169.159.75.215'),
(1093, '204.79.180.163'),
(1094, '204.79.180.111'),
(1095, '185.89.217.235'),
(1096, '185.89.217.234'),
(1097, '188.165.214.208'),
(1098, '125.94.87.40'),
(1099, '45.64.160.26'),
(1100, '110.34.28.43'),
(1101, '202.51.88.15'),
(1102, '43.245.85.217'),
(1103, '207.46.13.124'),
(1104, '183.251.27.234'),
(1105, '40.77.167.59'),
(1106, '66.249.74.124'),
(1107, '207.46.13.180'),
(1108, '41.190.2.57'),
(1109, '82.145.209.91'),
(1110, '103.248.80.3'),
(1111, '213.55.105.175'),
(1112, '183.251.25.208'),
(1113, '82.145.219.147'),
(1114, '41.189.32.197'),
(1115, '173.252.88.184'),
(1116, '110.34.22.67'),
(1117, '41.190.2.164'),
(1118, '157.55.39.236'),
(1119, '40.77.167.61'),
(1120, '81.242.105.61'),
(1121, '204.79.180.180'),
(1122, '204.79.180.77'),
(1123, '36.248.168.154'),
(1124, '112.5.238.59'),
(1125, '188.163.78.47'),
(1126, '197.239.65.28'),
(1127, '207.46.13.143'),
(1128, '188.166.0.157'),
(1129, '161.69.163.20'),
(1130, '69.196.183.74'),
(1131, '41.196.243.155'),
(1132, '197.210.227.38'),
(1133, '197.210.227.40'),
(1134, '23.91.70.59'),
(1135, '52.58.51.240'),
(1136, '104.236.118.32'),
(1137, '202.70.70.208'),
(1138, '150.70.173.54'),
(1139, '104.236.208.154'),
(1140, '204.79.180.186'),
(1141, '204.79.180.223'),
(1142, '45.64.161.141'),
(1143, '31.13.102.102'),
(1144, '154.120.95.161'),
(1145, '82.145.219.43'),
(1146, '202.70.70.195'),
(1147, '27.34.18.73'),
(1148, '27.34.14.130'),
(1149, '182.93.77.87'),
(1150, '104.156.251.62'),
(1151, '27.34.10.252'),
(1152, '157.55.39.34'),
(1153, '66.249.93.93'),
(1154, '84.101.13.193'),
(1155, '105.112.32.142'),
(1156, '74.208.180.162'),
(1157, '35.0.127.52'),
(1158, '74.208.16.16'),
(1159, '207.210.200.163'),
(1160, '217.26.58.42'),
(1161, '79.170.40.232'),
(1162, '202.51.69.8'),
(1163, '151.82.78.206'),
(1164, '123.125.71.107'),
(1165, '123.125.71.112'),
(1166, '207.46.13.133'),
(1167, '64.246.161.42'),
(1168, '66.249.75.20'),
(1169, '66.249.75.28'),
(1170, '66.249.75.36'),
(1171, '120.89.109.76'),
(1172, '123.125.71.14'),
(1173, '68.180.231.28'),
(1174, '45.32.12.228'),
(1175, '49.244.69.161'),
(1176, '216.163.188.234'),
(1177, '68.180.229.188'),
(1178, '68.180.230.220'),
(1179, '91.108.176.128'),
(1180, '216.163.188.236'),
(1181, '68.180.228.223'),
(1182, '68.180.228.95'),
(1183, '68.180.229.93'),
(1184, '54.183.59.6'),
(1185, '68.180.229.49'),
(1186, '157.55.39.121'),
(1187, '94.242.222.75'),
(1188, '202.46.52.18'),
(1189, '52.37.158.182'),
(1190, '118.212.118.73'),
(1191, '68.180.228.61'),
(1192, '54.205.130.223'),
(1193, '68.180.230.26'),
(1194, '157.55.39.134'),
(1195, '173.255.226.142'),
(1196, '202.63.245.77'),
(1197, '202.79.33.236'),
(1198, '175.44.12.4'),
(1199, '45.33.20.249'),
(1200, '110.34.22.20'),
(1201, '204.79.180.216'),
(1202, '204.79.180.15'),
(1203, '52.26.24.223'),
(1204, '40.77.167.57'),
(1205, '66.249.75.102'),
(1206, '66.249.75.95'),
(1207, '66.249.75.109'),
(1208, '110.34.22.130'),
(1209, '66.249.75.74'),
(1210, '41.189.32.154'),
(1211, '194.187.168.213'),
(1212, '202.46.57.15'),
(1213, '123.125.71.33'),
(1214, '113.199.206.43'),
(1215, '194.187.168.226'),
(1216, '113.199.147.208'),
(1217, '61.141.205.4'),
(1218, '40.77.167.84'),
(1219, '110.44.122.133'),
(1220, '46.182.106.190'),
(1221, '204.79.180.89'),
(1222, '204.79.180.173'),
(1223, '113.199.136.172'),
(1224, '45.64.161.207'),
(1225, '186.216.208.46'),
(1226, '176.10.99.204'),
(1227, '157.55.39.92'),
(1228, '113.91.232.141'),
(1229, '194.187.168.222'),
(1230, '27.34.15.34'),
(1231, '185.100.85.191'),
(1232, '5.39.76.158'),
(1233, '178.62.217.233'),
(1234, '118.193.187.97'),
(1235, '157.55.39.241'),
(1236, '202.46.48.18'),
(1237, '52.11.222.231'),
(1238, '204.79.180.194'),
(1239, '204.79.180.239'),
(1240, '175.44.15.8'),
(1241, '86.86.195.38'),
(1242, '109.201.133.100'),
(1243, '194.187.168.212'),
(1244, '110.44.117.224'),
(1245, '40.77.167.31'),
(1246, '41.189.46.119'),
(1247, '27.34.38.20'),
(1248, '40.77.167.40'),
(1249, '182.93.77.26'),
(1250, '207.46.13.191'),
(1251, '157.55.39.246'),
(1252, '141.0.15.50'),
(1253, '69.197.169.202'),
(1254, '175.44.15.77'),
(1255, '27.34.9.39'),
(1256, '204.79.180.201'),
(1257, '204.79.180.98'),
(1258, '40.77.167.4'),
(1259, '27.34.14.16'),
(1260, '66.249.79.149'),
(1261, '194.187.168.214'),
(1262, '202.46.54.138'),
(1263, '43.245.85.211'),
(1264, '202.46.49.152'),
(1265, '43.245.84.207'),
(1266, '220.181.108.147'),
(1267, '113.199.203.60'),
(1268, '110.34.22.132'),
(1269, '202.46.51.24'),
(1270, '110.34.22.4'),
(1271, '182.93.70.237'),
(1272, '110.34.22.146'),
(1273, '62.28.176.203'),
(1274, '66.249.79.170'),
(1275, '66.249.74.61'),
(1276, '157.55.39.190'),
(1277, '202.46.50.185'),
(1278, '173.252.90.83'),
(1279, '202.46.48.205'),
(1280, '103.242.216.139'),
(1281, '110.34.22.116'),
(1282, '202.46.54.183'),
(1283, '66.249.74.45'),
(1284, '66.249.74.43'),
(1285, '27.34.31.174'),
(1286, '110.34.22.71'),
(1287, '150.70.188.167'),
(1288, '91.155.126.69'),
(1289, '110.34.22.208'),
(1290, '150.70.188.180'),
(1291, '202.46.57.209'),
(1292, '110.34.22.160'),
(1293, '66.249.74.47'),
(1294, '113.199.139.5'),
(1295, '68.180.229.115'),
(1296, '68.180.228.41'),
(1297, '67.86.185.220'),
(1298, '27.34.3.19'),
(1299, '202.46.53.11'),
(1300, '43.245.85.154'),
(1301, '68.180.230.245'),
(1302, '113.199.154.17'),
(1303, '111.119.56.145'),
(1304, '202.63.246.3'),
(1305, '110.34.22.94'),
(1306, '112.111.160.132'),
(1307, '110.34.22.141'),
(1308, '142.255.25.185'),
(1309, '69.58.178.59'),
(1310, '202.46.50.17'),
(1311, '220.181.108.78'),
(1312, '123.125.71.38'),
(1313, '66.249.79.156'),
(1314, '123.125.71.85'),
(1315, '204.85.191.30'),
(1316, '202.46.57.202'),
(1317, '45.64.160.243'),
(1318, '27.34.22.189'),
(1319, '202.70.70.52'),
(1320, '45.64.161.20'),
(1321, '113.199.216.66'),
(1322, '194.187.168.223'),
(1323, '154.66.42.18'),
(1324, '202.46.48.89'),
(1325, '110.34.22.194'),
(1326, '66.249.79.229'),
(1327, '66.249.79.236'),
(1328, '66.249.79.222'),
(1329, '202.166.206.93'),
(1330, '202.46.49.144'),
(1331, '45.64.161.222'),
(1332, '113.199.173.238'),
(1333, '207.46.13.128'),
(1334, '217.164.251.6'),
(1335, '115.186.42.76'),
(1336, '197.210.226.77'),
(1337, '116.90.235.11'),
(1338, '54.161.50.209'),
(1339, '66.249.79.163'),
(1340, '202.46.56.206'),
(1341, '202.46.51.108'),
(1342, '106.184.5.93'),
(1343, '101.199.108.54'),
(1344, '220.181.132.194'),
(1345, '202.46.49.110'),
(1346, '37.48.65.72'),
(1347, '110.34.22.105'),
(1348, '150.70.173.40'),
(1349, '110.34.22.191'),
(1350, '176.10.99.206'),
(1351, '158.69.172.225'),
(1352, '91.121.83.118'),
(1353, '66.249.74.65'),
(1354, '202.46.52.154'),
(1355, '202.46.53.142'),
(1356, '91.7.117.181'),
(1357, '157.55.39.245'),
(1358, '202.46.51.33'),
(1359, '36.84.71.130'),
(1360, '202.46.50.75'),
(1361, '202.46.51.27'),
(1362, '93.115.95.201'),
(1363, '216.145.5.42'),
(1364, '43.245.85.145'),
(1365, '122.150.201.43'),
(1366, '202.46.50.198'),
(1367, '110.34.22.142'),
(1368, '175.44.13.113'),
(1369, '110.82.186.220'),
(1370, '207.46.13.44'),
(1371, '157.55.39.123'),
(1372, '110.34.22.170'),
(1373, '79.112.120.246'),
(1374, '202.46.56.186'),
(1375, '66.249.91.67'),
(1376, '66.249.91.64'),
(1377, '66.249.91.127'),
(1378, '115.114.107.198'),
(1379, '45.64.160.152'),
(1380, '45.64.161.119'),
(1381, '43.245.84.160'),
(1382, '202.79.62.85'),
(1383, '1.186.249.178'),
(1384, '110.34.22.193'),
(1385, '110.34.22.193'),
(1386, '123.125.71.30'),
(1387, '123.125.71.84'),
(1388, '180.28.141.171'),
(1389, '202.70.75.29'),
(1390, '183.247.165.222'),
(1391, '27.34.6.22'),
(1392, '202.70.70.216'),
(1393, '202.166.216.234'),
(1394, '45.64.160.211'),
(1395, '72.14.199.167'),
(1396, '72.14.199.169'),
(1397, '110.34.22.210'),
(1398, '41.220.68.224'),
(1399, '64.233.172.133'),
(1400, '110.34.22.118'),
(1401, '157.55.39.88'),
(1402, '40.77.167.68'),
(1403, '113.97.51.117'),
(1404, '194.30.189.4'),
(1405, '202.46.50.151'),
(1406, '103.10.30.33'),
(1407, '110.34.22.180'),
(1408, '122.177.39.212'),
(1409, '64.233.173.164'),
(1410, '103.10.30.227'),
(1411, '208.115.111.74'),
(1412, '36.253.255.229'),
(1413, '36.253.255.179'),
(1414, '36.253.255.132'),
(1415, '36.253.254.145'),
(1416, '182.93.70.8'),
(1417, '173.252.88.189'),
(1418, '49.244.39.190'),
(1419, '173.252.88.191'),
(1420, '173.252.75.116'),
(1421, '69.171.228.123'),
(1422, '40.77.167.10'),
(1423, '202.46.58.14'),
(1424, '157.55.39.113'),
(1425, '36.253.254.89'),
(1426, '36.253.254.170'),
(1427, '36.253.254.147'),
(1428, '36.253.255.163'),
(1429, '157.55.39.165'),
(1430, '103.57.207.5'),
(1431, '66.220.145.246'),
(1432, '66.220.145.245'),
(1433, '207.46.13.40'),
(1434, '63.249.225.112'),
(1435, '110.34.22.36'),
(1436, '40.77.167.18'),
(1437, '27.34.25.58'),
(1438, '157.55.39.0'),
(1439, '41.73.226.101'),
(1440, '66.249.64.254'),
(1441, '157.55.39.168'),
(1442, '202.46.57.122'),
(1443, '154.118.84.145'),
(1444, '103.10.28.12'),
(1445, '118.92.160.80'),
(1446, '113.199.216.202'),
(1447, '124.141.119.97'),
(1448, '110.34.22.172'),
(1449, '120.89.103.236'),
(1450, '173.252.90.84'),
(1451, '50.53.139.42'),
(1452, '110.34.22.2'),
(1453, '203.159.43.122'),
(1454, '182.93.70.113'),
(1455, '202.166.207.51'),
(1456, '202.70.70.55'),
(1457, '113.199.221.85'),
(1458, '27.34.72.158'),
(1459, '49.244.20.192'),
(1460, '5.174.18.179'),
(1461, '103.57.206.72'),
(1462, '183.82.214.226'),
(1463, '36.253.255.29'),
(1464, '157.55.12.92'),
(1465, '113.199.198.34'),
(1466, '1.129.96.82'),
(1467, '110.34.22.12'),
(1468, '208.115.113.93'),
(1469, '110.34.22.131'),
(1470, '27.34.18.17'),
(1471, '49.244.49.85'),
(1472, '110.34.22.35'),
(1473, '27.34.69.28'),
(1474, '88.112.80.97'),
(1475, '103.1.93.35'),
(1476, '110.34.7.237'),
(1477, '123.125.71.12'),
(1478, '110.34.22.151'),
(1479, '207.245.236.152'),
(1480, '182.93.85.47'),
(1481, '24.104.224.175'),
(1482, '174.49.73.68'),
(1483, '27.34.40.156'),
(1484, '103.232.230.13'),
(1485, '113.199.197.163'),
(1486, '103.232.230.30'),
(1487, '49.244.63.141'),
(1488, '103.232.230.31'),
(1489, '113.199.132.100'),
(1490, '27.34.86.55'),
(1491, '27.34.87.87'),
(1492, '148.251.6.16'),
(1493, '52.50.85.185'),
(1494, '49.244.10.93'),
(1495, '49.244.58.38'),
(1496, '202.70.70.249'),
(1497, '207.46.13.43'),
(1498, '182.64.59.15'),
(1499, '27.34.108.253'),
(1500, '103.10.29.29'),
(1501, '49.244.7.43'),
(1502, '114.143.118.117'),
(1503, '41.190.3.171'),
(1504, '202.46.55.177'),
(1505, '118.91.160.226'),
(1506, '43.245.84.8'),
(1507, '27.34.3.60'),
(1508, '110.34.22.233'),
(1509, '207.46.13.176'),
(1510, '185.26.180.113'),
(1511, '202.70.70.36'),
(1512, '27.111.17.98'),
(1513, '27.34.76.234'),
(1514, '27.34.70.111'),
(1515, '202.46.55.138'),
(1516, '157.55.39.26'),
(1517, '2.216.175.60'),
(1518, '202.46.58.90'),
(1519, '123.125.71.15'),
(1520, '123.125.71.53'),
(1521, '110.34.22.70'),
(1522, '46.118.119.206'),
(1523, '27.34.2.177'),
(1524, '202.46.48.140'),
(1525, '202.166.220.184'),
(1526, '27.34.67.56'),
(1527, '216.163.188.239'),
(1528, '94.74.66.96'),
(1529, '197.211.53.3'),
(1530, '202.46.48.121'),
(1531, '87.64.109.156'),
(1532, '167.219.88.140'),
(1533, '110.82.187.173'),
(1534, '202.46.52.207'),
(1535, '207.46.13.139'),
(1536, '202.46.51.23'),
(1537, '27.34.30.142'),
(1538, '79.126.193.73'),
(1539, '27.34.126.180'),
(1540, '40.78.146.128'),
(1541, '178.137.165.39'),
(1542, '110.34.22.18'),
(1543, '43.245.84.15'),
(1544, '202.46.54.30'),
(1545, '220.181.51.74'),
(1546, '27.34.82.131'),
(1547, '194.187.168.197'),
(1548, '159.203.119.121'),
(1549, '202.46.51.86'),
(1550, '45.55.142.48'),
(1551, '104.131.169.207'),
(1552, '123.125.71.42'),
(1553, '194.187.168.209'),
(1554, '43.245.85.43'),
(1555, '202.51.88.56'),
(1556, '27.34.86.28'),
(1557, '204.79.180.134'),
(1558, '204.79.180.99'),
(1559, '140.207.90.62'),
(1560, '40.77.167.66'),
(1561, '202.46.58.136'),
(1562, '207.46.13.162'),
(1563, '41.82.20.118'),
(1564, '27.34.124.39'),
(1565, '219.127.71.134'),
(1566, '27.34.69.249'),
(1567, '204.79.180.221'),
(1568, '204.79.180.104'),
(1569, '157.55.39.89'),
(1570, '49.126.255.112'),
(1571, '158.121.93.241'),
(1572, '216.163.188.240'),
(1573, '202.46.54.192'),
(1574, '103.232.230.20'),
(1575, '207.46.13.26'),
(1576, '163.47.148.193'),
(1577, '202.46.55.178'),
(1578, '157.55.39.68'),
(1579, '202.46.49.130'),
(1580, '220.181.51.81'),
(1581, '123.125.71.75'),
(1582, '49.244.19.132'),
(1583, '173.252.90.87'),
(1584, '103.10.29.22'),
(1585, '45.63.121.55'),
(1586, '220.4.94.172'),
(1587, '157.55.39.232'),
(1588, '202.46.50.83'),
(1589, '27.34.70.98'),
(1590, '49.244.68.54'),
(1591, '66.249.79.79'),
(1592, '66.249.79.81'),
(1593, '66.249.79.83'),
(1594, '123.125.71.50'),
(1595, '106.114.6.159'),
(1596, '66.249.79.214'),
(1597, '176.116.218.162'),
(1598, '66.249.79.221'),
(1599, '173.54.171.141'),
(1600, '202.46.48.208'),
(1601, '202.46.56.183'),
(1602, '93.115.95.205'),
(1603, '199.204.11.21'),
(1604, '65.19.167.130'),
(1605, '104.236.222.79'),
(1606, '176.116.217.205'),
(1607, '182.93.86.50'),
(1608, '112.111.160.170'),
(1609, '5.8.61.118'),
(1610, '141.0.15.182'),
(1611, '190.61.250.160'),
(1612, '123.125.71.52'),
(1613, '40.77.167.77'),
(1614, '65.55.210.123'),
(1615, '218.186.129.204'),
(1616, '85.93.91.84'),
(1617, '112.12.41.186'),
(1618, '212.47.238.193'),
(1619, '202.46.51.206'),
(1620, '110.44.116.123'),
(1621, '197.210.3.59'),
(1622, '202.46.48.144'),
(1623, '123.125.71.83'),
(1624, '173.252.74.99'),
(1625, '49.244.99.9'),
(1626, '202.46.58.205'),
(1627, '66.249.69.184'),
(1628, '163.47.149.132'),
(1629, '213.55.105.134'),
(1630, '157.55.39.153'),
(1631, '154.118.3.165'),
(1632, '66.249.93.113'),
(1633, '66.249.93.109'),
(1634, '194.187.168.204'),
(1635, '176.116.218.153'),
(1636, '176.116.218.153'),
(1637, '202.46.50.79'),
(1638, '202.46.51.202'),
(1639, '202.46.54.102'),
(1640, '178.137.164.235'),
(1641, '157.55.39.207'),
(1642, '194.187.168.194'),
(1643, '220.181.108.116'),
(1644, '202.46.52.109'),
(1645, '202.46.50.80'),
(1646, '154.66.52.163'),
(1647, '207.46.13.73'),
(1648, '27.34.124.199'),
(1649, '216.185.39.34'),
(1650, '202.46.50.135'),
(1651, '27.32.58.47'),
(1652, '80.248.3.155'),
(1653, '41.86.149.62'),
(1654, '176.116.217.180'),
(1655, '115.231.218.83'),
(1656, '157.55.39.215'),
(1657, '123.125.71.56'),
(1658, '176.116.217.8'),
(1659, '194.187.168.231'),
(1660, '173.208.136.114'),
(1661, '40.77.167.50'),
(1662, '43.245.84.150'),
(1663, '194.187.168.230'),
(1664, '216.64.158.69'),
(1665, '202.46.57.208'),
(1666, '72.167.131.29'),
(1667, '196.22.132.136'),
(1668, '74.208.180.4'),
(1669, '69.89.21.76'),
(1670, '207.46.13.134'),
(1671, '202.46.55.121'),
(1672, '108.58.117.34'),
(1673, '157.55.39.73'),
(1674, '207.46.13.70'),
(1675, '202.46.57.11'),
(1676, '202.70.70.58'),
(1677, '174.106.118.252'),
(1678, '157.55.39.39'),
(1679, '40.77.167.49'),
(1680, '121.15.52.48'),
(1681, '188.166.44.139'),
(1682, '27.153.211.142'),
(1683, '194.137.215.229'),
(1684, '202.46.54.158'),
(1685, '66.249.75.185'),
(1686, '202.46.50.121'),
(1687, '176.116.218.241'),
(1688, '202.46.51.194'),
(1689, '66.249.75.201'),
(1690, '49.244.36.178'),
(1691, '113.199.238.88'),
(1692, '66.249.75.193'),
(1693, '204.79.180.210'),
(1694, '110.34.10.246'),
(1695, '202.63.242.120'),
(1696, '41.58.12.117'),
(1697, '202.46.51.172'),
(1698, '194.187.168.221'),
(1699, '41.220.68.8'),
(1700, '66.249.69.235'),
(1701, '66.249.69.240'),
(1702, '207.46.13.78'),
(1703, '112.111.161.79'),
(1704, '202.51.93.15'),
(1705, '40.77.167.56'),
(1706, '157.55.39.162'),
(1707, '207.46.13.91'),
(1708, '202.46.52.61'),
(1709, '27.34.43.179'),
(1710, '27.34.13.181'),
(1711, '27.34.63.111'),
(1712, '52.50.181.121'),
(1713, '197.211.52.23'),
(1714, '40.77.167.16'),
(1715, '40.77.167.32'),
(1716, '40.77.167.20'),
(1717, '66.249.79.228'),
(1718, '202.46.56.67'),
(1719, '202.46.54.29'),
(1720, '41.189.46.69'),
(1721, '66.249.79.61'),
(1722, '157.55.39.116'),
(1723, '181.30.30.166'),
(1724, '41.138.248.218'),
(1725, '71.83.176.235'),
(1726, '66.249.79.63'),
(1727, '202.46.52.172'),
(1728, '27.34.8.17'),
(1729, '40.77.167.73'),
(1730, '157.55.39.171'),
(1731, '202.51.88.8'),
(1732, '202.70.70.245'),
(1733, '202.46.57.198'),
(1734, '183.12.28.135'),
(1735, '207.46.13.161'),
(1736, '40.77.167.37'),
(1737, '27.34.8.51'),
(1738, '188.166.47.79'),
(1739, '199.30.25.173'),
(1740, '157.55.39.61'),
(1741, '40.77.167.46'),
(1742, '123.125.71.49'),
(1743, '82.145.209.77'),
(1744, '40.77.167.74'),
(1745, '163.47.149.165'),
(1746, '98.211.26.19'),
(1747, '202.46.51.173'),
(1748, '157.55.39.130'),
(1749, '157.55.39.220'),
(1750, '157.55.39.221'),
(1751, '202.46.53.200'),
(1752, '184.168.200.228'),
(1753, '64.210.232.76'),
(1754, '96.31.33.35'),
(1755, '31.15.10.37'),
(1756, '217.115.112.107'),
(1757, '123.125.143.139'),
(1758, '202.46.58.17'),
(1759, '220.181.38.161'),
(1760, '115.197.92.42'),
(1761, '220.181.38.165'),
(1762, '103.235.198.47'),
(1763, '175.44.33.213'),
(1764, '202.51.93.28'),
(1765, '183.239.151.190'),
(1766, '110.171.72.178'),
(1767, '220.181.38.158'),
(1768, '157.55.39.143'),
(1769, '123.125.143.142'),
(1770, '40.77.167.96'),
(1771, '123.125.143.136'),
(1772, '123.125.143.143'),
(1773, '220.181.38.169'),
(1774, '43.245.84.50'),
(1775, '207.46.13.111'),
(1776, '188.166.50.228'),
(1777, '202.51.88.6'),
(1778, '105.112.27.120'),
(1779, '202.46.51.115'),
(1780, '157.55.39.93'),
(1781, '157.55.39.206'),
(1782, '202.46.53.51'),
(1783, '202.46.48.86'),
(1784, '27.111.21.138'),
(1785, '210.129.19.89'),
(1786, '204.79.180.31'),
(1787, '204.79.180.122'),
(1788, '202.46.50.183'),
(1789, '157.55.39.192'),
(1790, '157.55.39.15'),
(1791, '207.46.13.74'),
(1792, '202.46.51.174'),
(1793, '68.64.168.226'),
(1794, '207.46.13.46'),
(1795, '207.46.13.99'),
(1796, '202.46.54.182'),
(1797, '39.48.3.198'),
(1798, '188.166.50.166'),
(1799, '45.64.162.37'),
(1800, '49.244.36.10'),
(1801, '197.231.221.211'),
(1802, '192.111.149.102'),
(1803, '82.137.205.63'),
(1804, '222.65.92.68'),
(1805, '68.180.230.46'),
(1806, '193.169.52.208'),
(1807, '64.107.3.126'),
(1808, '131.253.24.146'),
(1809, '27.111.17.102'),
(1810, '220.181.108.77'),
(1811, '157.55.39.106'),
(1812, '202.46.49.202'),
(1813, '151.80.44.159'),
(1814, '65.55.211.248'),
(1815, '202.46.58.182'),
(1816, '174.44.199.217'),
(1817, '188.166.7.103'),
(1818, '207.46.13.51'),
(1819, '216.163.188.222'),
(1820, '207.46.13.170'),
(1821, '202.46.53.124'),
(1822, '202.46.58.27'),
(1823, '103.235.198.54'),
(1824, '95.33.159.29'),
(1825, '202.46.49.131'),
(1826, '65.55.212.80'),
(1827, '202.46.48.133'),
(1828, '31.13.113.66'),
(1829, '31.13.99.107'),
(1830, '160.242.132.124'),
(1831, '105.112.42.66'),
(1832, '173.252.115.8'),
(1833, '202.46.50.165'),
(1834, '83.143.86.59'),
(1835, '110.44.116.156'),
(1836, '128.199.63.64'),
(1837, '208.109.207.221'),
(1838, '74.208.16.10'),
(1839, '212.227.221.39'),
(1840, '136.243.147.109'),
(1841, '50.63.196.19'),
(1842, '92.222.103.234'),
(1843, '66.249.75.171'),
(1844, '66.249.75.163'),
(1845, '207.46.13.116'),
(1846, '45.64.162.68'),
(1847, '131.253.26.227'),
(1848, '202.46.58.12'),
(1849, '202.46.51.205'),
(1850, '103.235.198.154'),
(1851, '112.111.162.245'),
(1852, '194.187.168.220'),
(1853, '123.125.71.21'),
(1854, '123.125.71.114'),
(1855, '113.199.187.138'),
(1856, '204.79.180.50'),
(1857, '204.79.180.114'),
(1858, '173.252.106.119'),
(1859, '202.46.49.153'),
(1860, '27.34.57.199'),
(1861, '62.97.36.106'),
(1862, '110.34.10.203'),
(1863, '66.102.6.229'),
(1864, '82.145.219.123'),
(1865, '82.145.208.255'),
(1866, '27.34.124.65'),
(1867, '202.166.198.52'),
(1868, '27.34.3.223'),
(1869, '82.145.211.75'),
(1870, '14.200.34.115'),
(1871, '108.171.128.183'),
(1872, '202.89.73.90'),
(1873, '157.55.39.189'),
(1874, '202.46.51.181'),
(1875, '40.77.167.104'),
(1876, '151.80.40.50'),
(1877, '182.93.79.7'),
(1878, '207.46.13.125'),
(1879, '66.220.152.33'),
(1880, '36.248.169.245'),
(1881, '123.125.71.86'),
(1882, '142.4.216.172'),
(1883, '207.46.13.174'),
(1884, '202.46.48.96'),
(1885, '85.93.89.74'),
(1886, '188.143.232.13'),
(1887, '175.44.17.84'),
(1888, '220.181.108.183'),
(1889, '188.143.232.10'),
(1890, '202.46.51.26'),
(1891, '207.46.13.79'),
(1892, '113.199.186.74'),
(1893, '27.34.68.197'),
(1894, '194.187.168.217'),
(1895, '207.46.13.145'),
(1896, '176.116.218.71'),
(1897, '71.240.168.52'),
(1898, '66.249.75.249'),
(1899, '59.98.113.192'),
(1900, '208.90.57.196'),
(1901, '40.77.167.13'),
(1902, '45.64.162.105'),
(1903, '2.121.255.148'),
(1904, '49.236.213.74'),
(1905, '169.159.96.45'),
(1906, '202.46.48.143'),
(1907, '202.46.57.163'),
(1908, '202.46.53.53'),
(1909, '202.46.58.158'),
(1910, '66.249.75.130'),
(1911, '216.226.253.70'),
(1912, '202.46.58.54'),
(1913, '27.34.88.170'),
(1914, '69.171.230.98'),
(1915, '69.171.230.107'),
(1916, '104.131.125.165'),
(1917, '159.203.95.221'),
(1918, '159.203.76.202'),
(1919, '41.83.236.190'),
(1920, '202.46.54.207'),
(1921, '168.235.205.173'),
(1922, '110.44.122.25'),
(1923, '216.163.188.235'),
(1924, '207.46.13.5'),
(1925, '24.112.174.58'),
(1926, '80.64.173.162'),
(1927, '220.181.108.107'),
(1928, '206.253.226.12'),
(1929, '188.143.232.72'),
(1930, '74.108.16.159'),
(1931, '157.55.39.254'),
(1932, '110.44.117.90'),
(1933, '110.34.20.136'),
(1934, '202.166.207.161'),
(1935, '154.66.11.110'),
(1936, '27.34.67.10'),
(1937, '193.240.31.136'),
(1938, '27.34.124.31'),
(1939, '211.23.47.42'),
(1940, '115.133.94.164'),
(1941, '66.249.93.117'),
(1942, '66.249.75.155'),
(1943, '204.79.180.36'),
(1944, '204.79.180.147'),
(1945, '157.55.39.37'),
(1946, '202.46.58.164'),
(1947, '49.244.56.124'),
(1948, '94.199.151.22'),
(1949, '219.74.18.198'),
(1950, '204.79.180.101'),
(1951, '204.79.180.150'),
(1952, '202.46.56.180'),
(1953, '80.86.94.7'),
(1954, '185.100.86.100'),
(1955, '202.46.55.170'),
(1956, '36.250.185.238'),
(1957, '131.253.25.226'),
(1958, '2.50.23.138'),
(1959, '150.70.173.53'),
(1960, '113.199.191.33'),
(1961, '27.34.79.91'),
(1962, '75.98.9.252'),
(1963, '218.77.90.194'),
(1964, '197.210.226.53'),
(1965, '197.210.226.57'),
(1966, '197.210.226.50'),
(1967, '203.143.24.36'),
(1968, '40.77.167.95'),
(1969, '113.199.238.66'),
(1970, '197.210.224.74'),
(1971, '66.249.80.47'),
(1972, '65.55.218.53'),
(1973, '202.46.56.136'),
(1974, '157.55.39.81'),
(1975, '207.46.13.95'),
(1976, '163.47.149.153'),
(1977, '188.166.27.26'),
(1978, '103.44.138.2'),
(1979, '110.44.113.167'),
(1980, '202.70.67.40'),
(1981, '49.244.69.114'),
(1982, '175.44.13.149'),
(1983, '202.46.55.82'),
(1984, '220.181.108.187'),
(1985, '197.210.225.125'),
(1986, '65.55.212.83'),
(1987, '131.253.26.224'),
(1988, '202.46.54.181'),
(1989, '64.71.32.20'),
(1990, '197.210.227.125'),
(1991, '216.127.154.121'),
(1992, '192.110.214.2'),
(1993, '208.97.177.191'),
(1994, '66.102.6.225'),
(1995, '202.46.48.124'),
(1996, '216.163.188.226'),
(1997, '66.249.84.167'),
(1998, '202.46.52.148'),
(1999, '82.145.217.229'),
(2000, '82.145.218.182'),
(2001, '197.210.172.10'),
(2002, '27.34.121.19'),
(2003, '45.64.162.204'),
(2004, '49.244.47.149'),
(2005, '45.64.162.3'),
(2006, '131.253.36.202'),
(2007, '202.46.56.68'),
(2008, '58.61.67.172'),
(2009, '183.15.56.188'),
(2010, '183.15.59.111'),
(2011, '14.155.215.39'),
(2012, '157.55.39.210'),
(2013, '65.55.212.75'),
(2014, '131.253.24.135'),
(2015, '112.111.172.184'),
(2016, '202.46.58.160'),
(2017, '186.6.70.228'),
(2018, '202.46.55.90'),
(2019, '202.46.50.138'),
(2020, '74.208.73.113'),
(2021, '122.225.254.226'),
(2022, '206.16.134.20'),
(2023, '45.64.162.93'),
(2024, '202.46.49.75'),
(2025, '27.34.1.216'),
(2026, '202.46.54.167'),
(2027, '202.51.93.10'),
(2028, '66.249.66.78'),
(2029, '66.249.66.84'),
(2030, '131.253.26.249'),
(2031, '27.34.56.8'),
(2032, '95.110.204.109'),
(2033, '95.67.76.106'),
(2034, '176.126.252.11'),
(2035, '202.46.57.121'),
(2036, '202.46.53.65'),
(2037, '141.0.14.185'),
(2038, '217.157.175.147'),
(2039, '131.253.25.138'),
(2040, '23.252.194.71'),
(2041, '175.44.15.63'),
(2042, '123.125.71.31'),
(2043, '66.249.79.59'),
(2044, '113.199.141.103'),
(2045, '84.9.112.83'),
(2046, '66.249.75.211'),
(2047, '131.253.36.203'),
(2048, '108.175.231.219'),
(2049, '49.126.0.50'),
(2050, '207.46.13.39'),
(2051, '169.159.124.37'),
(2052, '207.46.13.96'),
(2053, '202.46.53.176'),
(2054, '202.46.48.135'),
(2055, '45.32.131.61'),
(2056, '66.87.81.67'),
(2057, '197.210.227.65'),
(2058, '197.210.227.66'),
(2059, '197.210.227.58'),
(2060, '207.46.13.181'),
(2061, '182.93.94.227'),
(2062, '141.0.14.55'),
(2063, '66.249.84.168'),
(2064, '197.211.53.17'),
(2065, '110.44.125.3'),
(2066, '202.46.52.111'),
(2067, '104.156.231.254'),
(2068, '69.58.178.57'),
(2069, '202.46.51.179'),
(2070, '49.244.62.132'),
(2071, '131.253.26.242'),
(2072, '157.55.39.45'),
(2073, '45.64.162.81'),
(2074, '217.69.143.70'),
(2075, '217.69.143.67'),
(2076, '123.125.71.55'),
(2077, '110.44.121.8'),
(2078, '202.46.56.73'),
(2079, '157.55.39.243'),
(2080, '157.55.39.127'),
(2081, '110.34.10.201'),
(2082, '103.235.198.19'),
(2083, '84.255.206.170'),
(2084, '52.3.105.23'),
(2085, '202.46.56.63'),
(2086, '124.41.215.163'),
(2087, '157.55.39.239'),
(2088, '157.55.39.244'),
(2089, '202.46.49.209'),
(2090, '207.46.13.13'),
(2091, '68.180.230.190'),
(2092, '27.34.71.158'),
(2093, '40.77.167.8'),
(2094, '217.69.143.63'),
(2095, '217.69.143.65'),
(2096, '182.30.70.101'),
(2097, '27.34.75.36'),
(2098, '123.125.71.82'),
(2099, '202.46.55.68'),
(2100, '113.199.242.202'),
(2101, '41.78.175.212'),
(2102, '27.34.93.160'),
(2103, '27.34.23.67'),
(2104, '110.34.10.217'),
(2105, '217.14.92.90'),
(2106, '157.55.39.156'),
(2107, '61.143.17.176'),
(2108, '202.46.53.177'),
(2109, '202.46.49.79'),
(2110, '98.126.193.18'),
(2111, '123.125.71.115'),
(2112, '110.87.4.150'),
(2113, '202.46.53.160'),
(2114, '202.46.49.60'),
(2115, '202.46.55.18'),
(2116, '202.46.53.190'),
(2117, '98.126.165.22'),
(2118, '157.55.39.118'),
(2119, '199.30.24.250'),
(2120, '123.125.71.60'),
(2121, '40.77.167.81'),
(2122, '40.77.167.78'),
(2123, '27.34.10.175'),
(2124, '202.46.53.198'),
(2125, '103.235.198.165'),
(2126, '113.199.145.102'),
(2127, '66.249.79.215'),
(2128, '195.154.194.116'),
(2129, '192.99.9.164'),
(2130, '59.167.159.2'),
(2131, '104.238.182.224'),
(2132, '168.253.69.202'),
(2133, '45.64.162.65'),
(2134, '103.235.198.44'),
(2135, '105.112.29.219'),
(2136, '43.245.84.164'),
(2137, '173.208.201.10'),
(2138, '113.199.228.9'),
(2139, '40.77.167.85'),
(2140, '65.55.211.245'),
(2141, '65.55.212.66'),
(2142, '68.90.69.216'),
(2143, '74.208.16.113'),
(2144, '162.220.221.59'),
(2145, '101.99.65.48'),
(2146, '83.243.58.157'),
(2147, '69.16.205.174'),
(2148, '202.52.236.194'),
(2149, '208.43.225.85'),
(2150, '27.34.99.7'),
(2151, '202.46.53.43'),
(2152, '45.112.71.179'),
(2153, '112.111.161.23'),
(2154, '188.166.52.245'),
(2155, '202.46.49.117'),
(2156, '202.46.53.158'),
(2157, '207.46.13.148'),
(2158, '202.46.55.88'),
(2159, '27.34.29.0'),
(2160, '123.125.71.106'),
(2161, '151.225.164.135'),
(2162, '106.161.212.94'),
(2163, '66.249.84.238'),
(2164, '204.79.180.51'),
(2165, '204.79.180.193'),
(2166, '202.46.58.188'),
(2167, '202.70.67.56'),
(2168, '202.46.51.81'),
(2169, '78.158.11.226'),
(2170, '202.46.53.67'),
(2171, '202.46.52.16'),
(2172, '157.55.39.212'),
(2173, '65.55.212.93'),
(2174, '65.55.211.244'),
(2175, '202.155.206.202'),
(2176, '66.249.84.241'),
(2177, '110.44.121.4'),
(2178, '202.46.53.66'),
(2179, '207.46.13.14'),
(2180, '62.210.162.209'),
(2181, '202.46.57.210'),
(2182, '216.145.11.94'),
(2183, '69.206.226.64'),
(2184, '204.79.180.192'),
(2185, '204.79.180.56'),
(2186, '182.93.67.177'),
(2187, '202.46.53.164'),
(2188, '113.199.184.54'),
(2189, '202.46.53.201'),
(2190, '103.232.230.11'),
(2191, '113.199.157.21'),
(2192, '95.5.75.177'),
(2193, '103.1.92.50'),
(2194, '40.77.167.22'),
(2195, '202.51.88.59'),
(2196, '202.46.49.198'),
(2197, '202.46.52.63'),
(2198, '202.46.54.31'),
(2199, '207.46.13.163'),
(2200, '131.253.24.138'),
(2201, '188.166.51.153'),
(2202, '202.46.50.82'),
(2203, '202.46.51.15'),
(2204, '202.46.57.20'),
(2205, '202.46.51.87'),
(2206, '202.46.58.88'),
(2207, '83.110.107.125'),
(2208, '150.70.173.50'),
(2209, '150.70.188.179'),
(2210, '202.46.49.69'),
(2211, '80.255.12.232'),
(2212, '202.46.53.121'),
(2213, '59.39.52.76'),
(2214, '202.46.52.66'),
(2215, '14.20.125.103'),
(2216, '157.55.39.180'),
(2217, '202.46.51.157'),
(2218, '70.192.212.174'),
(2219, '202.46.54.163'),
(2220, '188.166.36.151'),
(2221, '202.46.52.147'),
(2222, '220.181.51.82'),
(2223, '43.245.85.222'),
(2224, '202.46.48.93'),
(2225, '115.42.48.196'),
(2226, '27.34.0.75'),
(2227, '54.146.58.116'),
(2228, '202.46.51.117'),
(2229, '202.46.57.167'),
(2230, '66.102.6.221');
INSERT INTO `tbl_ip_track` (`id`, `ip_address`) VALUES
(2231, '202.46.50.13'),
(2232, '123.125.67.210'),
(2233, '123.125.71.34'),
(2234, '146.185.135.43'),
(2235, '202.46.53.151'),
(2236, '123.125.71.79'),
(2237, '175.44.16.205'),
(2238, '202.46.58.202'),
(2239, '202.46.52.178'),
(2240, '121.34.182.17'),
(2241, '113.90.203.228'),
(2242, '202.46.54.186'),
(2243, '202.46.50.164'),
(2244, '202.51.88.57'),
(2245, '202.46.49.74'),
(2246, '202.46.58.195'),
(2247, '202.46.52.175'),
(2248, '202.46.54.100'),
(2249, '202.46.58.131'),
(2250, '202.46.53.194'),
(2251, '41.190.3.127'),
(2252, '207.46.13.45'),
(2253, '202.46.50.132'),
(2254, '202.46.57.203'),
(2255, '202.46.58.16'),
(2256, '36.250.174.37'),
(2257, '202.46.48.84'),
(2258, '202.46.54.105'),
(2259, '5.79.105.139'),
(2260, '202.46.51.162'),
(2261, '202.46.50.81'),
(2262, '202.46.49.139'),
(2263, '175.44.14.153'),
(2264, '202.46.58.154'),
(2265, '202.46.55.63'),
(2266, '202.51.88.55'),
(2267, '202.46.49.111'),
(2268, '202.46.54.190'),
(2269, '27.34.30.49'),
(2270, '202.46.49.96'),
(2271, '207.46.13.67'),
(2272, '202.46.51.84'),
(2273, '103.1.95.226'),
(2274, '202.46.52.144'),
(2275, '202.46.49.76'),
(2276, '202.46.54.15'),
(2277, '202.166.193.196'),
(2278, '202.46.56.62'),
(2279, '167.114.233.118'),
(2280, '157.55.39.154'),
(2281, '41.190.3.193'),
(2282, '37.59.42.55'),
(2283, '204.79.180.4'),
(2284, '202.46.57.25'),
(2285, '202.46.50.199'),
(2286, '202.46.51.38'),
(2287, '202.46.48.206'),
(2288, '202.46.49.204'),
(2289, '202.46.54.104'),
(2290, '66.49.204.205'),
(2291, '79.170.40.167'),
(2292, '202.46.48.26'),
(2293, '202.46.57.176'),
(2294, '202.46.52.41'),
(2295, '207.46.13.16'),
(2296, '207.46.13.153'),
(2297, '202.46.58.112'),
(2298, '202.46.49.208'),
(2299, '202.46.53.203'),
(2300, '223.14.103.203'),
(2301, '202.46.55.123'),
(2302, '202.46.48.137'),
(2303, '202.46.54.97'),
(2304, '27.34.69.208'),
(2305, '149.202.98.160'),
(2306, '207.46.13.31'),
(2307, '202.46.55.179'),
(2308, '27.34.20.56'),
(2309, '202.63.241.225'),
(2310, '98.126.37.94'),
(2311, '163.47.149.151'),
(2312, '110.174.161.106'),
(2313, '202.46.50.12'),
(2314, '202.46.52.174'),
(2315, '193.90.12.88'),
(2316, '212.66.31.218'),
(2317, '111.119.50.2'),
(2318, '113.199.193.191'),
(2319, '202.46.49.190'),
(2320, '49.244.107.213'),
(2321, '202.46.51.171'),
(2322, '36.248.161.226'),
(2323, '202.46.49.66'),
(2324, '113.199.240.129'),
(2325, '202.46.56.11'),
(2326, '202.46.52.205'),
(2327, '202.46.58.123'),
(2328, '202.46.48.200'),
(2329, '202.46.48.87'),
(2330, '202.46.55.91'),
(2331, '202.46.51.21'),
(2332, '202.46.48.90'),
(2333, '202.46.51.191'),
(2334, '202.46.50.123'),
(2335, '202.46.52.171'),
(2336, '202.46.48.17'),
(2337, '202.46.51.196'),
(2338, '202.46.53.155'),
(2339, '202.46.51.109'),
(2340, '27.34.82.59'),
(2341, '94.23.214.68'),
(2342, '202.46.52.100'),
(2343, '202.46.51.114'),
(2344, '202.46.53.197'),
(2345, '113.199.184.63'),
(2346, '202.46.52.169'),
(2347, '125.109.19.150'),
(2348, '202.46.55.133'),
(2349, '23.234.1.114'),
(2350, '202.46.51.107'),
(2351, '202.46.51.110'),
(2352, '202.46.49.123'),
(2353, '197.211.49.66'),
(2354, '202.46.53.45'),
(2355, '27.34.29.26'),
(2356, '202.46.54.12'),
(2357, '202.46.54.143'),
(2358, '119.126.194.157'),
(2359, '202.46.51.208'),
(2360, '159.203.4.15'),
(2361, '202.46.56.65'),
(2362, '125.109.12.105'),
(2363, '202.46.53.156'),
(2364, '202.166.220.207'),
(2365, '110.34.10.254'),
(2366, '45.64.162.237'),
(2367, '113.199.164.108'),
(2368, '188.163.77.54'),
(2369, '157.55.39.44'),
(2370, '202.46.48.122'),
(2371, '212.68.41.83'),
(2372, '113.199.207.104'),
(2373, '202.46.58.157'),
(2374, '219.136.179.115'),
(2375, '208.71.189.3'),
(2376, '202.46.52.113'),
(2377, '131.253.24.136'),
(2378, '65.55.218.63'),
(2379, '202.46.49.115'),
(2380, '202.46.54.131'),
(2381, '202.46.52.105'),
(2382, '41.190.2.13'),
(2383, '103.10.30.76'),
(2384, '27.34.7.119'),
(2385, '202.46.58.166'),
(2386, '202.46.52.78'),
(2387, '182.93.94.231'),
(2388, '202.46.57.79'),
(2389, '202.46.56.97'),
(2390, '207.46.13.12'),
(2391, '202.46.48.97'),
(2392, '27.34.40.229'),
(2393, '110.44.118.234'),
(2394, '202.46.52.13'),
(2395, '202.51.88.10'),
(2396, '202.46.56.14'),
(2397, '202.46.52.76'),
(2398, '202.46.50.11'),
(2399, '202.46.58.210'),
(2400, '202.46.57.186'),
(2401, '202.46.55.157'),
(2402, '202.46.57.28'),
(2403, '65.55.210.153'),
(2404, '65.55.212.92'),
(2405, '65.55.212.81'),
(2406, '131.253.24.132'),
(2407, '202.46.52.12'),
(2408, '27.34.12.212'),
(2409, '202.52.232.218'),
(2410, '123.125.71.26'),
(2411, '199.30.25.61'),
(2412, '208.43.225.84'),
(2413, '183.25.155.20'),
(2414, '202.46.57.170'),
(2415, '68.180.231.62'),
(2416, '216.170.71.90'),
(2417, '66.249.66.153'),
(2418, '104.236.51.93'),
(2419, '66.249.66.157'),
(2420, '104.236.11.83'),
(2421, '66.249.66.149'),
(2422, '131.253.25.133'),
(2423, '91.121.181.101'),
(2424, '202.46.54.23'),
(2425, '104.236.43.34'),
(2426, '45.55.33.230'),
(2427, '202.46.49.194'),
(2428, '202.46.54.205'),
(2429, '27.34.58.56'),
(2430, '202.46.51.186'),
(2431, '120.17.197.166'),
(2432, '85.85.64.72'),
(2433, '157.55.39.13'),
(2434, '202.46.52.71'),
(2435, '65.55.218.45'),
(2436, '66.249.79.201'),
(2437, '27.34.15.71'),
(2438, '202.46.53.141'),
(2439, '202.46.51.167'),
(2440, '54.158.152.50'),
(2441, '157.55.39.133'),
(2442, '202.46.49.118'),
(2443, '49.244.147.26'),
(2444, '150.70.173.49'),
(2445, '202.46.50.133'),
(2446, '103.235.198.188'),
(2447, '202.46.52.103'),
(2448, '202.46.54.103'),
(2449, '65.55.213.30'),
(2450, '43.245.84.180'),
(2451, '66.220.156.103'),
(2452, '66.220.156.111'),
(2453, '66.220.156.107'),
(2454, '202.46.57.18'),
(2455, '204.79.180.237'),
(2456, '202.46.58.72'),
(2457, '217.164.22.193'),
(2458, '202.46.58.137'),
(2459, '202.46.53.113'),
(2460, '207.46.13.3'),
(2461, '202.46.57.158'),
(2462, '202.46.50.95'),
(2463, '49.126.255.66'),
(2464, '113.99.85.154'),
(2465, '202.46.50.84'),
(2466, '120.89.103.53'),
(2467, '184.83.1.250'),
(2468, '27.34.79.1'),
(2469, '157.55.39.205'),
(2470, '40.77.167.54'),
(2471, '154.120.72.46'),
(2472, '45.64.160.77'),
(2473, '202.46.48.202'),
(2474, '202.46.52.152'),
(2475, '202.46.56.39'),
(2476, '202.46.54.147'),
(2477, '171.120.35.93'),
(2478, '202.46.58.87'),
(2479, '202.46.50.87'),
(2480, '202.46.53.56'),
(2481, '207.46.13.115'),
(2482, '188.138.9.49'),
(2483, '202.46.55.156'),
(2484, '112.83.84.177'),
(2485, '27.34.113.200'),
(2486, '202.46.50.155'),
(2487, '94.14.223.76'),
(2488, '119.30.38.232'),
(2489, '36.248.169.164'),
(2490, '194.187.170.202'),
(2491, '202.46.56.96'),
(2492, '125.131.205.70'),
(2493, '52.41.123.38'),
(2494, '52.41.123.38'),
(2495, '111.122.196.154'),
(2496, '202.46.52.101'),
(2497, '202.46.58.204'),
(2498, '157.55.39.213'),
(2499, '171.116.227.159'),
(2500, '27.34.54.78'),
(2501, '45.32.130.173'),
(2502, '123.125.68.143'),
(2503, '202.46.57.17'),
(2504, '123.125.71.41'),
(2505, '52.37.207.153'),
(2506, '202.51.88.25'),
(2507, '111.122.202.17'),
(2508, '202.46.51.207'),
(2509, '121.12.82.177'),
(2510, '111.206.36.5'),
(2511, '172.56.10.74'),
(2512, '202.46.52.104'),
(2513, '202.46.53.14'),
(2514, '27.34.48.104'),
(2515, '202.63.242.155'),
(2516, '202.46.51.204'),
(2517, '27.34.10.34'),
(2518, '202.46.58.152'),
(2519, '207.46.13.193'),
(2520, '113.78.16.233'),
(2521, '202.46.53.64'),
(2522, '202.46.58.95'),
(2523, '217.14.89.114'),
(2524, '202.46.58.124'),
(2525, '40.77.167.91'),
(2526, '208.54.37.236'),
(2527, '121.12.81.5'),
(2528, '173.252.122.119'),
(2529, '69.63.188.109'),
(2530, '1.39.62.48'),
(2531, '178.62.226.109'),
(2532, '66.249.79.194'),
(2533, '202.46.50.180'),
(2534, '202.46.55.126'),
(2535, '202.46.51.25'),
(2536, '77.84.85.185'),
(2537, '202.46.53.59'),
(2538, '202.46.48.29'),
(2539, '202.46.55.69'),
(2540, '65.55.211.246'),
(2541, '131.253.24.152'),
(2542, '202.46.52.17'),
(2543, '86.124.121.120'),
(2544, '52.39.251.140'),
(2545, '69.63.188.100'),
(2546, '113.199.133.15'),
(2547, '175.43.121.200'),
(2548, '101.226.227.97'),
(2549, '1.39.63.65'),
(2550, '182.93.89.122'),
(2551, '52.10.99.234'),
(2552, '202.46.49.92'),
(2553, '204.79.180.96'),
(2554, '204.79.180.177'),
(2555, '202.46.49.196'),
(2556, '157.55.39.252'),
(2557, '202.46.58.83'),
(2558, '202.46.55.182'),
(2559, '202.46.57.27'),
(2560, '103.10.29.18'),
(2561, '202.46.49.141'),
(2562, '113.199.244.165'),
(2563, '202.46.53.116'),
(2564, '202.46.54.187'),
(2565, '176.31.39.23'),
(2566, '49.244.89.215'),
(2567, '202.46.57.19'),
(2568, '202.46.55.151'),
(2569, '123.125.71.45'),
(2570, '38.145.3.141'),
(2571, '202.46.54.191'),
(2572, '202.46.49.116'),
(2573, '202.46.54.91'),
(2574, '202.46.54.17'),
(2575, '202.46.52.204'),
(2576, '202.46.52.140'),
(2577, '202.46.51.209'),
(2578, '131.253.25.137'),
(2579, '202.46.57.123'),
(2580, '202.46.54.210'),
(2581, '36.253.254.102'),
(2582, '118.101.233.152'),
(2583, '113.199.213.211'),
(2584, '103.10.30.197'),
(2585, '113.199.181.248'),
(2586, '202.46.55.150'),
(2587, '45.64.160.130'),
(2588, '202.46.48.193'),
(2589, '91.121.157.80'),
(2590, '49.244.20.34'),
(2591, '49.244.70.225'),
(2592, '27.34.55.232'),
(2593, '81.154.32.117'),
(2594, '49.244.84.47'),
(2595, '104.154.59.27'),
(2596, '197.211.53.47'),
(2597, '176.123.2.40'),
(2598, '202.46.51.34'),
(2599, '101.226.227.144'),
(2600, '112.64.235.254'),
(2601, '66.249.65.54'),
(2602, '66.249.65.60'),
(2603, '202.46.54.107'),
(2604, '27.34.114.234'),
(2605, '49.244.11.185'),
(2606, '94.198.213.10'),
(2607, '218.18.37.196'),
(2608, '40.77.167.2'),
(2609, '207.46.13.83'),
(2610, '49.244.44.27'),
(2611, '202.46.51.180'),
(2612, '110.140.46.157'),
(2613, '66.249.65.126'),
(2614, '66.249.65.57'),
(2615, '66.249.65.3'),
(2616, '66.249.65.97'),
(2617, '27.154.79.220'),
(2618, '54.153.5.211'),
(2619, '202.46.49.195'),
(2620, '220.181.51.75'),
(2621, '69.158.152.39'),
(2622, '154.66.55.244'),
(2623, '202.46.58.93'),
(2624, '45.79.107.83'),
(2625, '202.46.49.193'),
(2626, '202.46.56.90'),
(2627, '202.46.49.97'),
(2628, '110.34.23.43'),
(2629, '194.187.170.209'),
(2630, '157.55.39.90'),
(2631, '45.64.161.118'),
(2632, '202.46.48.195'),
(2633, '106.120.188.69'),
(2634, '183.206.169.134'),
(2635, '202.46.58.187'),
(2636, '81.243.52.75'),
(2637, '202.46.49.146'),
(2638, '194.187.170.206'),
(2639, '111.13.102.133'),
(2640, '157.55.39.22'),
(2641, '202.46.48.139'),
(2642, '202.46.55.148'),
(2643, '121.205.204.1'),
(2644, '202.46.51.82'),
(2645, '108.178.9.98'),
(2646, '50.63.196.111'),
(2647, '46.235.42.70'),
(2648, '23.254.201.89'),
(2649, '27.34.79.31'),
(2650, '110.44.117.95'),
(2651, '195.47.232.41'),
(2652, '202.46.55.143'),
(2653, '49.244.21.226'),
(2654, '194.187.170.207'),
(2655, '27.34.98.50'),
(2656, '43.245.85.189'),
(2657, '27.34.59.180'),
(2658, '69.171.228.120'),
(2659, '173.252.75.114'),
(2660, '173.252.115.89'),
(2661, '69.58.178.56'),
(2662, '27.34.81.71'),
(2663, '112.111.172.145'),
(2664, '183.206.161.69'),
(2665, '141.0.14.25'),
(2666, '202.46.48.132'),
(2667, '202.46.55.136'),
(2668, '202.46.48.145'),
(2669, '106.120.173.106'),
(2670, '202.46.49.62'),
(2671, '113.199.141.15'),
(2672, '65.99.237.163'),
(2673, '178.238.37.158'),
(2674, '202.46.54.19'),
(2675, '188.40.89.95'),
(2676, '202.46.53.191'),
(2677, '54.145.146.59'),
(2678, '103.56.4.50'),
(2679, '207.46.13.185'),
(2680, '220.181.108.95'),
(2681, '40.77.167.28'),
(2682, '207.46.13.33'),
(2683, '202.46.54.142'),
(2684, '54.205.237.40'),
(2685, '202.46.55.144'),
(2686, '202.46.56.142'),
(2687, '202.46.58.209'),
(2688, '54.215.191.102'),
(2689, '202.46.51.164'),
(2690, '202.46.53.12'),
(2691, '49.244.91.122'),
(2692, '202.46.58.85'),
(2693, '54.157.253.67'),
(2694, '202.46.57.207'),
(2695, '52.3.127.144'),
(2696, '103.250.133.95'),
(2697, '86.145.147.173'),
(2698, '207.46.13.100'),
(2699, '103.10.29.24'),
(2700, '49.244.9.101'),
(2701, '202.46.58.153'),
(2702, '202.46.48.134'),
(2703, '202.46.56.17'),
(2704, '45.64.160.3'),
(2705, '202.46.52.106'),
(2706, '202.46.49.138'),
(2707, '151.21.203.103'),
(2708, '54.215.188.102'),
(2709, '54.215.188.102'),
(2710, '45.64.160.167'),
(2711, '202.46.54.36'),
(2712, '202.46.49.143'),
(2713, '202.46.50.120'),
(2714, '82.41.84.81'),
(2715, '202.46.56.16'),
(2716, '59.57.222.229'),
(2717, '195.158.104.121'),
(2718, '202.46.58.18'),
(2719, '207.244.70.35'),
(2720, '202.46.51.193'),
(2721, '103.55.178.4'),
(2722, '202.46.48.14'),
(2723, '119.73.234.82'),
(2724, '101.127.212.242'),
(2725, '202.46.53.16'),
(2726, '27.34.34.138'),
(2727, '38.95.109.70'),
(2728, '38.111.147.0'),
(2729, '116.0.49.131'),
(2730, '41.58.72.164'),
(2731, '202.46.56.205'),
(2732, '124.41.218.88'),
(2733, '112.90.150.5'),
(2734, '101.226.33.202'),
(2735, '77.104.252.37'),
(2736, '49.244.39.114'),
(2737, '49.244.94.133'),
(2738, '46.119.112.23'),
(2739, '154.118.99.215'),
(2740, '202.46.49.148'),
(2741, '207.46.13.147'),
(2742, '206.47.249.253'),
(2743, '178.62.239.73'),
(2744, '54.183.205.89'),
(2745, '197.156.241.240'),
(2746, '111.206.36.142'),
(2747, '202.46.56.137'),
(2748, '66.102.6.181'),
(2749, '113.199.247.148'),
(2750, '43.245.86.218'),
(2751, '45.64.160.34'),
(2752, '45.64.161.15'),
(2753, '103.235.198.49'),
(2754, '36.253.254.118'),
(2755, '49.244.39.215'),
(2756, '184.168.200.134'),
(2757, '62.109.34.236'),
(2758, '198.71.227.42'),
(2759, '62.173.147.193'),
(2760, '191.252.48.220'),
(2761, '200.187.64.91'),
(2762, '175.44.13.53'),
(2763, '202.46.52.107'),
(2764, '202.46.50.16'),
(2765, '202.46.58.91'),
(2766, '202.46.53.204'),
(2767, '123.125.71.46'),
(2768, '220.181.108.146'),
(2769, '43.245.84.190'),
(2770, '202.46.51.178'),
(2771, '45.64.161.107'),
(2772, '111.119.34.209'),
(2773, '113.199.158.143'),
(2774, '14.156.106.253'),
(2775, '131.253.25.162'),
(2776, '202.46.48.99'),
(2777, '202.46.57.183'),
(2778, '52.33.134.212'),
(2779, '54.215.238.147'),
(2780, '54.153.64.247'),
(2781, '65.55.218.43'),
(2782, '202.46.48.136'),
(2783, '202.46.52.150'),
(2784, '202.46.51.160'),
(2785, '202.46.49.207'),
(2786, '103.235.198.135'),
(2787, '204.79.180.185'),
(2788, '204.79.180.39'),
(2789, '202.46.53.91'),
(2790, '202.46.57.77'),
(2791, '202.46.53.90'),
(2792, '104.162.25.214'),
(2793, '123.125.71.16'),
(2794, '202.46.56.177'),
(2795, '202.46.58.151'),
(2796, '27.34.10.104'),
(2797, '202.47.113.6'),
(2798, '202.46.57.73'),
(2799, '202.46.57.169'),
(2800, '202.46.52.65'),
(2801, '123.125.71.89'),
(2802, '54.162.71.225'),
(2803, '131.253.36.204'),
(2804, '202.46.54.116'),
(2805, '202.46.52.149'),
(2806, '115.66.209.157'),
(2807, '85.25.211.229'),
(2808, '64.246.165.140'),
(2809, '36.250.183.64'),
(2810, '202.46.49.113'),
(2811, '64.137.215.208'),
(2812, '202.46.53.47'),
(2813, '27.34.15.170'),
(2814, '202.46.55.11'),
(2815, '202.46.54.133'),
(2816, '120.89.103.150'),
(2817, '202.46.56.185'),
(2818, '202.46.54.168'),
(2819, '202.46.52.73'),
(2820, '202.46.55.86'),
(2821, '202.46.55.172'),
(2822, '146.185.173.38'),
(2823, '202.46.52.68'),
(2824, '202.46.53.125'),
(2825, '202.46.51.184'),
(2826, '220.181.108.108'),
(2827, '113.199.225.39'),
(2828, '202.166.201.106'),
(2829, '202.46.53.196'),
(2830, '27.34.74.140'),
(2831, '45.64.162.73'),
(2832, '199.30.24.45'),
(2833, '14.156.106.36'),
(2834, '139.5.69.48'),
(2835, '202.46.56.134'),
(2836, '66.249.66.175'),
(2837, '66.249.69.220'),
(2838, '45.64.163.185'),
(2839, '202.46.49.61'),
(2840, '123.125.71.24'),
(2841, '202.46.49.157'),
(2842, '192.81.221.179'),
(2843, '202.46.49.95'),
(2844, '202.46.50.161'),
(2845, '58.49.168.249'),
(2846, '211.103.104.187'),
(2847, '27.34.93.220'),
(2848, '45.64.162.144'),
(2849, '202.63.242.70'),
(2850, '163.47.149.172'),
(2851, '114.229.6.87'),
(2852, '202.46.51.111'),
(2853, '202.46.58.58'),
(2854, '211.233.62.141'),
(2855, '202.46.50.156'),
(2856, '166.137.125.94'),
(2857, '192.127.94.7'),
(2858, '202.46.50.162'),
(2859, '27.34.119.104'),
(2860, '202.46.49.67'),
(2861, '157.55.39.21'),
(2862, '157.55.39.185'),
(2863, '202.46.51.155'),
(2864, '202.46.58.183'),
(2865, '202.46.55.152'),
(2866, '202.79.57.106'),
(2867, '151.100.179.50'),
(2868, '113.199.196.209'),
(2869, '202.46.48.194'),
(2870, '202.46.51.105'),
(2871, '202.46.56.117'),
(2872, '123.125.71.87'),
(2873, '220.181.38.146'),
(2874, '202.46.54.14'),
(2875, '220.181.108.109'),
(2876, '220.181.38.142'),
(2877, '157.122.148.241'),
(2878, '68.180.229.120'),
(2879, '27.34.73.142'),
(2880, '202.46.56.203'),
(2881, '178.62.195.5'),
(2882, '46.166.139.172'),
(2883, '207.46.13.113'),
(2884, '45.64.162.49'),
(2885, '27.34.2.124'),
(2886, '78.137.119.4'),
(2887, '27.198.0.84'),
(2888, '202.46.55.84'),
(2889, '157.55.39.70'),
(2890, '202.46.52.164'),
(2891, '202.46.53.119'),
(2892, '112.5.236.169'),
(2893, '150.70.173.55'),
(2894, '49.244.84.43'),
(2895, '41.73.245.12'),
(2896, '220.181.38.159'),
(2897, '157.55.39.186'),
(2898, '202.46.54.141'),
(2899, '197.251.169.115'),
(2900, '54.198.177.244'),
(2901, '157.55.39.235'),
(2902, '220.181.38.156'),
(2903, '66.249.79.187'),
(2904, '204.79.180.209'),
(2905, '204.79.180.154'),
(2906, '202.46.56.192'),
(2907, '66.249.79.130'),
(2908, '202.46.53.205'),
(2909, '202.46.57.75'),
(2910, '69.4.91.19'),
(2911, '204.79.180.100'),
(2912, '204.79.180.87'),
(2913, '123.125.71.43'),
(2914, '41.83.12.149'),
(2915, '202.46.53.44'),
(2916, '40.77.167.30'),
(2917, '202.46.52.163'),
(2918, '66.249.66.185'),
(2919, '66.249.66.179'),
(2920, '202.46.58.156'),
(2921, '207.46.13.6'),
(2922, '136.169.10.10'),
(2923, '202.46.55.149'),
(2924, '207.46.13.27'),
(2925, '45.32.130.87'),
(2926, '202.46.51.83'),
(2927, '113.199.142.102'),
(2928, '110.34.31.66'),
(2929, '80.220.246.29'),
(2930, '45.64.163.176'),
(2931, '154.118.56.200'),
(2932, '36.250.174.177'),
(2933, '220.181.38.175'),
(2934, '113.199.153.41'),
(2935, '202.46.51.13'),
(2936, '173.252.115.91'),
(2937, '111.206.36.10'),
(2938, '123.125.71.48'),
(2939, '66.249.66.172'),
(2940, '202.46.53.146'),
(2941, '27.34.50.3'),
(2942, '118.91.172.34'),
(2943, '49.244.89.79'),
(2944, '202.70.70.212'),
(2945, '202.46.58.139'),
(2946, '217.69.133.11'),
(2947, '217.69.133.12'),
(2948, '66.249.66.169');

-- --------------------------------------------------------

--
-- Table structure for table `tbl_logo`
--

CREATE TABLE `tbl_logo` (
  `id` int(11) NOT NULL,
  `first_logo` varchar(255) COLLATE utf8_unicode_ci NOT NULL,
  `second_logo` varchar(255) COLLATE utf8_unicode_ci NOT NULL,
  `third_logo` varchar(255) COLLATE utf8_unicode_ci NOT NULL,
  `first_title` varchar(255) COLLATE utf8_unicode_ci NOT NULL,
  `second_title` varchar(255) COLLATE utf8_unicode_ci NOT NULL,
  `third_title` varchar(255) COLLATE utf8_unicode_ci NOT NULL,
  `first_link` varchar(255) COLLATE utf8_unicode_ci NOT NULL,
  `second_link` varchar(255) COLLATE utf8_unicode_ci NOT NULL,
  `third_link` varchar(255) COLLATE utf8_unicode_ci NOT NULL,
  `created_date` varchar(255) COLLATE utf8_unicode_ci NOT NULL,
  `updated_date` varchar(255) COLLATE utf8_unicode_ci NOT NULL
) ENGINE=MyISAM DEFAULT CHARSET=utf8 COLLATE=utf8_unicode_ci;

--
-- Dumping data for table `tbl_logo`
--

INSERT INTO `tbl_logo` (`id`, `first_logo`, `second_logo`, `third_logo`, `first_title`, `second_title`, `third_title`, `first_link`, `second_link`, `third_link`, `created_date`, `updated_date`) VALUES
(0, '0233afdd90a62163cf6a557b5e9f591e.jpg', '2329f83c5598d8719ee45629f076f6f4.png', '33cfdb71df8935017738a23c6a9ba15d.png', 'Federation of Woman Entrepreneurs'' Associations Of Nepal', 'ILO JapanMulti-bilateral Programme', 'InternationalLabour Organization', 'http://www.fwean.org.np/', 'http://www.ilo.org/asia/whatwedo/projects/japan/lang--en/index.htm', 'http://www.ilo.org/newdelhi/whatwedo/projects/WCMS_211687/lang--en/index.htm', '1449635907', '1452227535');

-- --------------------------------------------------------

--
-- Table structure for table `tbl_menu`
--

CREATE TABLE `tbl_menu` (
  `id` int(11) NOT NULL,
  `menu_type_id` int(11) NOT NULL COMMENT 'tatamotors_site_menus.id',
  `menu_title` varchar(255) NOT NULL,
  `menu_alias` varchar(255) NOT NULL,
  `menu_keywords` tinytext NOT NULL,
  `menu_description` text NOT NULL,
  `menu_image` varchar(255) NOT NULL,
  `product_img` varchar(255) NOT NULL,
  `menu_heading` varchar(800) NOT NULL,
  `menu_parent` int(11) NOT NULL,
  `menu_position` int(11) NOT NULL,
  `menu_link_type` enum('url','page','site','none') NOT NULL DEFAULT 'none',
  `menu_opens` enum('new','same') NOT NULL DEFAULT 'same',
  `menu_url` varchar(800) NOT NULL,
  `menu_site` int(11) NOT NULL,
  `banner` tinyint(1) NOT NULL,
  `selected_banners` varchar(800) NOT NULL,
  `side_menu_id` int(11) NOT NULL COMMENT 'tatamotors_site_menus.id',
  `footer_menu_id` int(11) NOT NULL COMMENT 'tatamotors_site_menus.id',
  `side_menus` varchar(800) NOT NULL,
  `side_menu_title` varchar(800) NOT NULL,
  `footer_menus` varchar(800) NOT NULL,
  `footer_menu_title` varchar(800) NOT NULL,
  `status` enum('1','0') NOT NULL,
  `created_by` int(11) NOT NULL,
  `created_date` datetime NOT NULL,
  `updated_by` int(11) NOT NULL,
  `updated_date` datetime NOT NULL,
  `hits` int(11) NOT NULL,
  `page_title` varchar(800) NOT NULL
) ENGINE=InnoDB DEFAULT CHARSET=utf8;

--
-- Dumping data for table `tbl_menu`
--

INSERT INTO `tbl_menu` (`id`, `menu_type_id`, `menu_title`, `menu_alias`, `menu_keywords`, `menu_description`, `menu_image`, `product_img`, `menu_heading`, `menu_parent`, `menu_position`, `menu_link_type`, `menu_opens`, `menu_url`, `menu_site`, `banner`, `selected_banners`, `side_menu_id`, `footer_menu_id`, `side_menus`, `side_menu_title`, `footer_menus`, `footer_menu_title`, `status`, `created_by`, `created_date`, `updated_by`, `updated_date`, `hits`, `page_title`) VALUES
(1, 1, 'Home', 'home', 'FWEAN | Home', 'FWEAN | Home', '', '', 'FWEAN | Home', 0, 1, 'none', 'same', '', 0, 0, '', 0, 0, '', '', '', '', '1', 1, '2015-06-28 11:57:52', 1, '2015-09-30 09:43:13', 0, 'FWEAN | Home'),
(2, 1, 'PARTNERSHIP', 'partnership', 'Partnership', 'FWEAN', '', '', 'Partnership', 0, 4, 'page', 'same', '', 0, 0, '', 0, 0, '', '', '', '', '1', 1, '2015-06-28 12:00:49', 34, '2016-02-26 11:28:07', 0, 'Partnership'),
(3, 1, 'About us', 'about-us', 'About us', 'About us', '', '', 'About us', 2, 0, 'page', 'same', '', 0, 0, '', 0, 0, '', '', '', '', '1', 1, '2015-06-28 12:44:30', 1, '2015-06-30 11:19:02', 0, 'About us'),
(6, 1, 'Contact Us', 'contact-us', '', '', '', '', 'Contact Us', 0, 5, 'page', 'same', '', 0, 0, '', 0, 0, '', '', '', '', '1', 1, '2015-06-28 19:01:37', 1, '2015-07-02 17:13:00', 0, 'Contact Us'),
(8, 1, 'WOMEN IN BUSINESS', 'women-in-business', '', '', '', '', 'WOMEN IN BUSINESS', 0, 3, 'page', 'same', '', 0, 0, '', 0, 0, '', '', '', '', '1', 1, '2015-06-29 11:08:27', 2, '2015-09-30 09:43:58', 0, 'WOMEN IN BUSINESS'),
(9, 1, 'FWEAN', 'fwean', 'Fwean', 'Fwean', '', '', 'Fwean', 2, 0, 'page', 'same', '', 0, 0, '', 0, 0, '', '', '', '', '1', 1, '2015-06-30 11:16:29', 34, '2016-03-30 18:40:24', 0, 'Fwean'),
(10, 3, 'Delivery', 'delivery', '', '', '', '', 'Delivery Information', 0, 0, 'none', 'same', '', 0, 0, '', 0, 0, '', '', '', '', '1', 1, '2015-07-06 15:24:32', 1, '2015-09-29 11:06:13', 0, 'Delivery Information'),
(11, 3, 'Shipping', 'shipping', '', '', '', '', 'Shipping', 0, 0, 'none', 'same', '', 0, 0, '', 0, 0, '', '', '', '', '1', 1, '2015-07-06 15:25:06', 1, '2015-09-29 11:26:38', 0, 'Shipping'),
(12, 3, 'Products Return', 'products-return', '', '', '', '', 'Products Return', 0, 0, 'none', 'same', '', 0, 0, '', 0, 0, '', '', '', '', '0', 1, '2015-07-06 15:25:29', 2, '2015-09-30 09:40:58', 0, 'Products Return'),
(13, 2, 'Privacy Policy', 'privacy-policy', '', '', '', '', 'Privacy Policy', 0, 0, 'none', 'same', '', 0, 0, '', 0, 0, '', '', '', '', '1', 1, '2015-07-06 15:25:50', 0, '0000-00-00 00:00:00', 0, 'Privacy Policy'),
(14, 2, 'Terms & Conditions', 'terms-conditions', '', '', '', '', 'Terms & Conditions', 0, 0, 'none', 'same', '', 0, 0, '', 0, 0, '', '', '', '', '1', 1, '2015-07-06 15:26:14', 0, '0000-00-00 00:00:00', 0, 'Terms & Conditions'),
(15, 1, 'Success Story', 'success-story', 'story', '', '', '', 'Success Story', 0, 2, 'none', 'same', '', 0, 0, '', 0, 0, '', '', '', '', '1', 1, '2015-07-09 17:43:26', 34, '2016-03-30 10:10:18', 0, 'Success Story'),
(17, 4, 'Home', 'home', '', '', '', '', 'Spicy Home', 0, 0, 'none', 'same', '', 0, 0, '', 0, 0, '', '', '', '', '1', 1, '2015-11-18 17:05:16', 32, '2015-11-25 15:42:33', 0, 'Spicy Home'),
(18, 5, 'Home', 'home', '', '', '', '', 'Sunita Home', 0, 0, 'none', 'same', '', 0, 0, '', 0, 0, '', '', '', '', '1', 1, '2015-11-19 14:56:04', 1, '2015-11-24 10:17:15', 0, 'Sunita Home'),
(19, 5, 'About Us', 'about-us', '', '', '', '', 'About Us', 0, 0, 'page', 'same', '', 0, 0, '', 0, 0, '', '', '', '', '1', 1, '2015-11-24 11:13:55', 0, '0000-00-00 00:00:00', 0, 'About Us'),
(20, 5, 'Contact Us', 'contact-us', '', '', '', '', 'Contact Us', 0, 0, 'page', 'same', '', 0, 0, '', 0, 0, '', '', '', '', '0', 1, '2015-11-24 12:04:57', 1, '2015-11-24 12:07:13', 0, 'Contact Us'),
(21, 4, 'About Us', 'about-us', '', '', '', '', 'About Us', 0, 0, 'page', 'same', '', 0, 0, '', 0, 0, '', '', '', '', '1', 32, '2015-11-25 15:53:27', 0, '0000-00-00 00:00:00', 0, 'About Us'),
(22, 5, 'Test', 'test', 'test', 'helo', '', '', 'Test', 0, 0, 'none', 'same', '', 0, 0, '', 0, 0, '', '', '', '', '0', 31, '2015-12-02 18:07:51', 0, '0000-00-00 00:00:00', 0, 'Test'),
(23, 5, 'TEst2', 'test2', 'TEst2', 'TEst2', '', '', 'TEst2', 0, 0, 'none', 'same', '', 0, 0, '', 0, 0, '', '', '', '', '0', 1, '2015-12-02 18:08:46', 0, '0000-00-00 00:00:00', 0, 'TEst2'),
(24, 9, 'About Us', 'about-us', 'About us', '', '', '', 'About us', 0, 1, 'page', 'same', '', 0, 0, '', 0, 0, '', '', '', '', '1', 1, '2015-12-07 13:02:24', 1, '2015-12-18 14:40:36', 0, 'About Us'),
(25, 10, 'About Us', 'about-us', 'About Us', '', '', '', 'About Us', 0, 1, 'page', 'same', '', 0, 0, '', 0, 0, '', '', '', '', '1', 1, '2015-12-15 17:19:49', 0, '0000-00-00 00:00:00', 0, 'About Us'),
(26, 10, 'Contact', 'contact', 'Contact', '', '', '', 'Contact', 0, 2, 'page', 'same', '', 0, 0, '', 0, 0, '', '', '', '', '1', 1, '2015-12-15 17:20:34', 0, '0000-00-00 00:00:00', 0, 'Contact'),
(27, 16, 'Home', 'home', 'Home', '', '', '', 'Home', 0, 0, 'page', 'same', '', 0, 0, '', 0, 0, '', '', '', '', '1', 1, '2015-12-18 12:17:37', 1, '2015-12-18 12:22:30', 0, 'Home'),
(28, 16, 'About Us', 'about-us', 'About Us', '', '', '', 'About Us', 0, 0, 'page', 'same', '', 0, 0, '', 0, 0, '', '', '', '', '1', 1, '2015-12-18 12:19:15', 1, '2015-12-18 12:20:44', 0, 'About Us'),
(29, 17, 'About Us', 'about-us', 'About Us', '', '', '', 'About Us', 0, 1, 'page', 'same', '', 0, 0, '', 0, 0, '', '', '', '', '1', 1, '2015-12-18 12:44:06', 1, '2015-12-18 12:45:20', 0, 'About Us'),
(30, 17, 'Home', 'home', 'Home', '', '', '', 'Home', 0, 0, 'none', 'same', '', 0, 0, '', 0, 0, '', '', '', '', '1', 1, '2015-12-18 12:46:09', 1, '2015-12-18 14:29:31', 0, 'Home'),
(31, 14, 'About Us', 'about-us', 'About Us', '', '', '', 'About Us', 0, 0, 'page', 'same', '', 0, 0, '', 0, 0, '', '', '', '', '1', 1, '2015-12-18 12:48:56', 0, '0000-00-00 00:00:00', 0, 'About Us'),
(32, 14, 'Home', 'home', 'Home', '', '', '', 'Home', 0, 0, 'page', 'same', '', 0, 0, '', 0, 0, '', '', '', '', '1', 1, '2015-12-18 12:50:20', 0, '0000-00-00 00:00:00', 0, 'Home'),
(33, 13, 'About Us', 'about-us', 'About Us', '', '', '', 'About Us', 0, 0, 'page', 'same', '', 0, 0, '', 0, 0, '', '', '', '', '1', 1, '2015-12-18 12:51:23', 1, '2015-12-18 12:54:20', 0, 'About Us'),
(34, 13, 'Contact', 'contact', 'Contact', '', '', '', 'Contact', 0, 0, 'page', 'same', '', 0, 0, '', 0, 0, '', '', '', '', '1', 1, '2015-12-18 12:53:26', 1, '2015-12-18 13:03:21', 0, 'Contact'),
(35, 13, 'Home', 'home', 'Home', '', '', '', 'Home', 0, 0, 'page', 'same', '', 0, 0, '', 0, 0, '', '', '', '', '1', 1, '2015-12-18 14:22:24', 0, '0000-00-00 00:00:00', 0, 'Home'),
(36, 12, 'About Us', 'about-us', 'About Us', '', '', '', 'About Us', 0, 0, 'page', 'same', '', 0, 0, '', 0, 0, '', '', '', '', '1', 1, '2015-12-18 14:31:07', 1, '2015-12-18 14:33:07', 0, 'About Us'),
(37, 12, 'Home', 'home', 'Home', '', '', '', 'Home', 0, 0, 'none', 'same', '', 0, 0, '', 0, 0, '', '', '', '', '1', 1, '2015-12-18 14:33:42', 0, '0000-00-00 00:00:00', 0, 'Home'),
(38, 10, 'Home', 'home', 'Home', '', '', '', 'Home', 0, 0, 'none', 'same', '', 0, 0, '', 0, 0, '', '', '', '', '1', 1, '2015-12-18 14:34:18', 0, '0000-00-00 00:00:00', 0, 'Home'),
(39, 9, 'Home', 'home', 'Home', '', '', '', 'Home', 0, 0, 'none', 'same', '', 0, 0, '', 0, 0, '', '', '', '', '1', 1, '2015-12-18 14:36:48', 0, '0000-00-00 00:00:00', 0, 'Home'),
(40, 9, 'Contact', 'contact', 'Contact', '', '', '', 'Contact', 0, 2, 'page', 'same', '', 0, 0, '', 0, 0, '', '', '', '', '1', 1, '2015-12-18 14:37:52', 0, '0000-00-00 00:00:00', 0, 'Contact'),
(41, 6, 'Home', 'home', 'Home', '', '', '', 'Home', 0, 0, 'none', 'same', '', 0, 0, '', 0, 0, '', '', '', '', '1', 1, '2015-12-18 14:42:35', 0, '0000-00-00 00:00:00', 0, 'Home'),
(42, 6, 'About Us', 'about-us', 'About Us', '', '', '', 'About Us', 0, 0, 'page', 'same', '', 0, 0, '', 0, 0, '', '', '', '', '1', 1, '2015-12-18 14:43:11', 0, '0000-00-00 00:00:00', 0, 'About Us'),
(43, 8, 'Home', 'home', 'Home', '', '', '', 'Home', 0, 0, 'none', 'same', '', 0, 0, '', 0, 0, '', '', '', '', '1', 1, '2015-12-18 14:51:57', 0, '0000-00-00 00:00:00', 0, 'Home'),
(44, 8, 'About Us', 'about-us', 'About Us', '', '', '', 'about Us', 0, 0, 'page', 'same', '', 0, 0, '', 0, 0, '', '', '', '', '1', 1, '2015-12-18 14:53:56', 0, '0000-00-00 00:00:00', 0, 'About Us'),
(45, 8, 'Contact', 'contact', 'Contact', '', '', '', 'Contact', 0, 0, 'page', 'same', '', 0, 0, '', 0, 0, '', '', '', '', '1', 1, '2015-12-18 14:54:28', 0, '0000-00-00 00:00:00', 0, 'Contact'),
(46, 18, 'Home', 'home', 'Home', '', '', '', 'Home', 0, 0, 'none', 'same', '', 0, 0, '', 0, 0, '', '', '', '', '1', 1, '2015-12-18 15:09:01', 0, '0000-00-00 00:00:00', 0, 'Home'),
(47, 18, 'About Us', 'about-us', 'About Us', '', '', '', 'About Us', 0, 0, 'page', 'same', '', 0, 0, '', 0, 0, '', '', '', '', '1', 1, '2015-12-18 15:09:29', 1, '2016-01-01 14:34:38', 0, 'About Us'),
(48, 18, 'Contact', 'contact', 'Contact', '', '', '', 'Contact', 0, 0, 'page', 'same', '', 0, 0, '', 0, 0, '', '', '', '', '1', 1, '2015-12-18 15:10:07', 1, '2016-01-01 14:36:08', 0, 'Contact'),
(49, 20, 'Home', 'home', 'Home', '', '', '', 'Home', 0, 0, 'none', 'same', '', 0, 0, '', 0, 0, '', '', '', '', '1', 1, '2015-12-20 14:33:05', 0, '0000-00-00 00:00:00', 0, 'Home'),
(50, 20, 'About Us', 'about-us', 'About Us', '', '', '', 'About Us', 0, 0, 'page', 'same', '', 0, 0, '', 0, 0, '', '', '', '', '1', 1, '2015-12-20 14:34:31', 0, '0000-00-00 00:00:00', 0, 'About Us'),
(51, 20, 'Contact', 'contact', 'Contact', '', '', '', 'Contact', 0, 0, 'page', 'same', '', 0, 0, '', 0, 0, '', '', '', '', '1', 1, '2015-12-20 14:35:25', 0, '0000-00-00 00:00:00', 0, 'Contact'),
(52, 21, 'Home', 'home', 'Home', '', '', '', 'Home', 0, 0, 'none', 'same', '', 0, 0, '', 0, 0, '', '', '', '', '1', 1, '2015-12-30 15:17:30', 0, '0000-00-00 00:00:00', 0, 'Home'),
(53, 21, 'About Us', 'about-us', 'About Us', '', '', '', 'About Us', 0, 0, 'page', 'same', '', 0, 0, '', 0, 0, '', '', '', '', '1', 1, '2015-12-30 15:18:22', 1, '2015-12-30 15:20:32', 0, 'About Us'),
(54, 21, 'Contact', 'contact', 'Contact', '', '', '', 'Contact', 0, 0, 'page', 'same', '', 0, 0, '', 0, 0, '', '', '', '', '1', 1, '2015-12-30 15:18:54', 1, '2015-12-30 15:20:43', 0, 'Contact'),
(56, 1, 'Chhaya Sharma', 'chhaya-sharma', 'sucess', 'Chaya Sharma', '', '', 'Chaya Sharma', 15, 1, 'page', 'same', '', 0, 0, '', 0, 0, '', '', '', '', '1', 34, '2016-03-30 10:03:28', 34, '2016-03-30 15:31:16', 0, 'Chaya Sharma'),
(57, 1, 'Sharda Rijal', 'sharda-rijal', 'sucess', 'Sharda Rijal', '', '', 'Sharda Rijal', 15, 4, 'page', 'same', '', 0, 0, '', 0, 0, '', '', '', '', '1', 34, '2016-03-30 10:05:52', 34, '2016-03-30 10:09:52', 0, 'Sharda Rijal'),
(58, 1, 'Arati Nepal', 'arati-nepal', 'Success', 'Arati Nepal', '', '', 'Arati Nepal', 15, 0, 'page', 'same', '', 0, 0, '', 0, 0, '', '', '', '', '1', 34, '2016-03-31 10:44:42', 0, '0000-00-00 00:00:00', 0, 'Arati Nepal'),
(59, 1, 'Sarojani Sherchan', 'sarojani-sherchan', 'Success', 'Sarojani Sherchan', '', '', 'Sarojani Sherchan', 15, 3, 'page', 'same', '', 0, 0, '', 0, 0, '', '', '', '', '1', 34, '2016-03-31 10:45:26', 34, '2016-03-31 10:51:11', 0, 'Sarojani Sherchan'),
(60, 1, 'Rita Bhandary', 'rita-bhandary', 'Success', 'Rita Bhandary', '', '', 'Rita Bhandary', 15, 2, 'page', 'same', '', 0, 0, '', 0, 0, '', '', '', '', '1', 34, '2016-03-31 10:46:05', 0, '0000-00-00 00:00:00', 0, 'Rita Bhandary'),
(61, 1, 'Sitara Rajbhandari', 'sitara-rajbhandari', 'Success', 'Sitara Rajbhandari', '', '', 'Sitara Rajbhandari', 15, 5, 'page', 'same', '', 0, 0, '', 0, 0, '', '', '', '', '1', 34, '2016-03-31 10:46:54', 0, '0000-00-00 00:00:00', 0, 'Sitara Rajbhandari');

-- --------------------------------------------------------

--
-- Table structure for table `tbl_menu_page_settings`
--

CREATE TABLE `tbl_menu_page_settings` (
  `id` int(11) NOT NULL,
  `module_title` varchar(800) NOT NULL,
  `menu_id` int(11) NOT NULL,
  `module_id` int(11) NOT NULL,
  `content_ids` varchar(800) NOT NULL,
  `category_id` int(11) NOT NULL,
  `all_within_category` enum('yes','no') NOT NULL,
  `position` int(11) NOT NULL
) ENGINE=InnoDB DEFAULT CHARSET=utf8;

--
-- Dumping data for table `tbl_menu_page_settings`
--

INSERT INTO `tbl_menu_page_settings` (`id`, `module_title`, `menu_id`, `module_id`, `content_ids`, `category_id`, `all_within_category`, `position`) VALUES
(12, '', 3, 11, '2', 0, 'no', 0),
(29, '', 6, 17, '1', 0, 'no', 0),
(30, 'contact_content', 6, 11, '8', 0, 'no', 1),
(31, 'contact', 6, 11, '9', 0, 'no', 2),
(42, '', 8, 11, '3', 0, 'no', 0),
(48, '', 15, 11, '11,13', 0, 'no', 0),
(49, '', 19, 11, '14', 0, 'no', 0),
(52, '', 20, 17, '2', 0, 'no', 0),
(53, 'contact_content', 20, 11, '14', 0, 'no', 1),
(54, 'contact', 20, 11, '', 0, 'no', 2),
(55, '', 21, 11, '15', 0, 'no', 0),
(59, '', 25, 11, '17', 0, 'no', 0),
(60, '', 26, 11, '18', 0, 'no', 0),
(62, '', 28, 11, '19', 0, 'no', 0),
(63, '', 27, 15, '', 0, 'no', 0),
(65, '', 29, 11, '20', 0, 'no', 0),
(66, '', 30, 0, '', 0, 'no', 0),
(67, '', 31, 11, '21', 0, 'no', 0),
(68, '', 32, 0, '', 0, 'no', 0),
(71, '', 33, 11, '22', 0, 'no', 0),
(72, '', 34, 11, '23', 0, 'no', 0),
(73, '', 35, 0, '', 0, 'no', 0),
(75, '', 36, 11, '24', 0, 'no', 0),
(77, '', 40, 11, '', 0, 'no', 0),
(78, '', 24, 11, '27', 0, 'no', 0),
(79, '', 42, 11, '28', 0, 'no', 0),
(80, '', 44, 11, '', 0, 'no', 0),
(81, '', 45, 11, '30', 0, 'no', 0),
(86, '', 50, 11, '33', 0, 'no', 0),
(87, '', 51, 11, '34', 0, 'no', 0),
(90, '', 53, 11, '35', 0, 'no', 0),
(91, '', 54, 11, '36', 0, 'no', 0),
(92, '', 47, 11, '31', 0, 'no', 0),
(93, '', 48, 11, '32', 0, 'no', 0),
(94, '', 2, 11, '2', 0, 'no', 0),
(101, '', 57, 11, '11', 0, 'no', 0),
(102, '', 56, 11, '38', 0, 'no', 0),
(104, '', 9, 11, '4', 0, 'no', 0),
(105, '', 58, 11, '42', 0, 'no', 0),
(107, '', 60, 11, '40', 0, 'no', 0),
(108, '', 61, 11, '39', 0, 'no', 0),
(109, '', 59, 11, '41', 0, 'no', 0);

-- --------------------------------------------------------

--
-- Table structure for table `tbl_module`
--

CREATE TABLE `tbl_module` (
  `id` int(100) NOT NULL,
  `module_title` varchar(255) NOT NULL,
  `module_name` varchar(255) NOT NULL,
  `parent_module` int(11) DEFAULT '0',
  `global_module` tinyint(1) DEFAULT '1' COMMENT '0 if it can be accessed only by super super admin',
  `public_module` enum('yes','no') NOT NULL DEFAULT 'no' COMMENT 'these modules content are seen in front',
  `deletable` tinyint(1) NOT NULL DEFAULT '1',
  `created_by` int(100) NOT NULL,
  `created_date` datetime NOT NULL,
  `modified_by` int(100) NOT NULL,
  `modified_date` datetime NOT NULL
) ENGINE=InnoDB DEFAULT CHARSET=utf8;

--
-- Dumping data for table `tbl_module`
--

INSERT INTO `tbl_module` (`id`, `module_title`, `module_name`, `parent_module`, `global_module`, `public_module`, `deletable`, `created_by`, `created_date`, `modified_by`, `modified_date`) VALUES
(1, 'Manage Modules', 'modules', 5, 0, 'no', 0, 0, '0000-00-00 00:00:00', 2, '2012-06-26 15:53:29'),
(2, 'Settings', 'settings', 0, 1, 'no', 1, 0, '0000-00-00 00:00:00', 0, '0000-00-00 00:00:00'),
(4, 'Manage Sites', 'sites', 5, 0, 'no', 1, 0, '0000-00-00 00:00:00', 1, '2012-06-15 16:40:13'),
(5, 'Backend Settings', 'backend', 0, 0, 'no', 1, 0, '0000-00-00 00:00:00', 1, '2012-06-26 15:54:02'),
(6, 'Users', 'backend_users', 0, 1, 'no', 1, 0, '0000-00-00 00:00:00', 1, '2016-07-22 11:50:57'),
(7, 'Manage Profile', 'profile', 6, 1, 'no', 1, 2, '2012-06-13 15:51:44', 0, '0000-00-00 00:00:00'),
(8, 'Administrator Users', 'admin_user', 6, 1, 'no', 1, 2, '2012-06-14 12:21:08', 1, '2012-12-14 15:23:03'),
(9, 'CMS', 'cms', 0, 1, 'no', 1, 1, '2012-06-26 15:00:07', 0, '0000-00-00 00:00:00'),
(10, 'Menu', 'menu', 9, 1, 'no', 1, 1, '2012-06-26 15:19:50', 0, '0000-00-00 00:00:00'),
(11, 'Content', 'content', 9, 1, 'yes', 1, 1, '2012-06-26 15:20:05', 0, '0000-00-00 00:00:00'),
(15, 'Advertisement Management', 'advertisement_management', 0, 1, 'no', 1, 1, '2012-06-26 15:20:57', 1, '2016-07-14 11:27:19'),
(17, 'Dynamic Forms', 'dynamic_form', 9, 1, 'yes', 1, 1, '2012-08-23 15:02:36', 0, '0000-00-00 00:00:00'),
(18, 'Dynamic Form Data', 'form_fields', 9, 1, 'yes', 1, 1, '2012-08-24 14:04:49', 1, '2012-09-03 18:16:00'),
(19, 'Form Controller', 'form_controller', 9, 1, 'no', 1, 1, '2012-08-24 15:29:35', 0, '0000-00-00 00:00:00'),
(20, 'Database Clean Up', 'clean_database', 0, 1, 'no', 1, 1, '2012-10-19 12:56:32', 0, '0000-00-00 00:00:00'),
(23, 'CMS Setup', 'setup', 9, 1, 'no', 1, 1, '2012-10-29 12:47:31', 0, '0000-00-00 00:00:00'),
(38, 'Enterprise Category', 'enterprise_category', 54, 1, 'no', 1, 1, '2015-06-22 12:36:20', 1, '2015-06-22 13:04:10'),
(40, 'Enterprise', 'enterprise', 54, 1, 'no', 1, 1, '2015-06-22 15:07:55', 0, '0000-00-00 00:00:00'),
(41, 'Products', 'products', 55, 1, 'no', 1, 1, '2015-06-23 10:58:47', 0, '0000-00-00 00:00:00'),
(43, 'Manage Enterprise Users', 'enterprise_users', 6, 1, 'no', 1, 1, '2015-06-24 10:43:21', 0, '0000-00-00 00:00:00'),
(44, 'Category', 'category', 9, 1, 'no', 1, 1, '2015-06-25 12:48:34', 0, '0000-00-00 00:00:00'),
(45, 'Manage Emails', 'manage_emails', 0, 1, 'no', 1, 1, '2015-06-25 18:10:52', 0, '0000-00-00 00:00:00'),
(46, 'Product Category', 'product_category', 55, 1, 'no', 1, 1, '2015-06-28 16:24:47', 0, '0000-00-00 00:00:00'),
(47, 'Enquiry Log', 'enquiry_log', 0, 1, 'no', 1, 1, '2015-06-30 16:21:04', 0, '0000-00-00 00:00:00'),
(48, 'Product Review', 'product_review', 55, 1, 'no', 1, 1, '2015-07-05 12:29:06', 0, '0000-00-00 00:00:00'),
(49, 'Dashboard', 'dashboard', 0, 1, 'no', 1, 0, '0000-00-00 00:00:00', 0, '0000-00-00 00:00:00'),
(50, 'My Profile', 'my_profile', 0, 1, 'no', 1, 0, '0000-00-00 00:00:00', 0, '0000-00-00 00:00:00'),
(51, 'Change Password', 'my_profile/change_password', 50, 1, 'no', 1, 0, '0000-00-00 00:00:00', 0, '0000-00-00 00:00:00'),
(52, 'Miscellaneous Mgmt', 'miscellaneous_manager', 0, 1, 'no', 1, 1, '2015-11-18 10:22:34', 0, '0000-00-00 00:00:00'),
(53, 'Domain Theme', 'domain_theme', 52, 1, 'no', 1, 1, '2015-11-18 10:22:59', 0, '0000-00-00 00:00:00'),
(54, 'Enterprise Mgmt', 'enterprise_manager', 0, 1, 'no', 1, 0, '0000-00-00 00:00:00', 0, '0000-00-00 00:00:00'),
(55, 'Product Mgmt', 'product_manager', 0, 1, 'no', 1, 0, '0000-00-00 00:00:00', 0, '0000-00-00 00:00:00'),
(56, 'Logos', 'logo', 52, 1, 'no', 1, 1, '2015-12-08 10:26:16', 0, '0000-00-00 00:00:00'),
(57, 'Bkesh', 'bkesh', 6, 1, 'yes', 1, 1, '2016-07-13 13:13:47', 1, '2016-07-13 14:34:37'),
(58, 'Advertisement Price Setting', 'advertisement_price', 15, 1, 'no', 1, 1, '2016-07-14 10:59:31', 0, '0000-00-00 00:00:00'),
(59, 'Advertisement Provider', 'advertisement_provider', 15, 1, 'no', 1, 1, '2016-07-14 11:00:04', 0, '0000-00-00 00:00:00'),
(60, 'Advertisement', 'advertisement', 15, 1, 'no', 1, 1, '2016-07-14 11:26:45', 1, '2016-07-14 11:30:00'),
(61, 'Advertisement Session', 'advertisement_session', 0, 1, 'no', 1, 1, '2016-07-15 12:45:01', 0, '0000-00-00 00:00:00'),
(62, 'Banner Management', 'banner_management', 9, 1, 'no', 1, 1, '2016-07-19 09:56:06', 0, '0000-00-00 00:00:00'),
(63, 'E-commerce Mgmt.', 'ecommerce_mgmt', 0, 1, 'no', 1, 1, '2016-07-22 11:46:55', 0, '0000-00-00 00:00:00'),
(64, 'Frontend Users', 'users', 63, 1, 'no', 1, 1, '2016-07-22 11:51:36', 0, '0000-00-00 00:00:00'),
(65, 'Orders', 'orders', 63, 1, 'no', 1, 1, '2016-07-22 11:54:34', 0, '0000-00-00 00:00:00');

-- --------------------------------------------------------

--
-- Table structure for table `tbl_order_product`
--

CREATE TABLE `tbl_order_product` (
  `id` int(100) NOT NULL,
  `checkout_id` int(11) NOT NULL,
  `product_id` int(11) NOT NULL,
  `product_name` varchar(255) NOT NULL,
  `site_id` int(11) NOT NULL,
  `ent_id` int(11) DEFAULT '1',
  `price` decimal(10,2) NOT NULL,
  `qty` int(11) NOT NULL
) ENGINE=MyISAM DEFAULT CHARSET=latin1;

--
-- Dumping data for table `tbl_order_product`
--

INSERT INTO `tbl_order_product` (`id`, `checkout_id`, `product_id`, `product_name`, `site_id`, `ent_id`, `price`, `qty`) VALUES
(1, 1, 516, 'Neck Less', 1, NULL, '20.00', 2),
(2, 1, 516, 'Neck Less', 1, NULL, '20.00', 2),
(3, 1, 446, 'Diamond Sets', 1, NULL, '500.00', 33),
(4, 2, 516, 'Neck Less', 1, NULL, '20.00', 2),
(5, 2, 446, 'Diamond Sets', 1, NULL, '500.00', 33),
(6, 3, 516, 'Neck Less', 1, NULL, '20.00', 2),
(7, 3, 446, 'Diamond Sets', 1, NULL, '500.00', 33),
(8, 4, 516, 'Neck Less', 1, NULL, '20.00', 2),
(9, 4, 446, 'Diamond Sets', 1, NULL, '500.00', 33),
(10, 5, 516, 'Neck Less', 1, NULL, '20.00', 2),
(11, 5, 446, 'Diamond Sets', 1, NULL, '500.00', 33),
(12, 6, 516, 'Neck Less', 1, NULL, '20.00', 2),
(13, 6, 446, 'Diamond Sets', 1, NULL, '500.00', 33),
(14, 7, 516, 'Neck Less', 1, NULL, '20.00', 2),
(15, 7, 446, 'Diamond Sets', 1, NULL, '500.00', 33),
(16, 8, 516, 'Neck Less', 1, NULL, '20.00', 2),
(17, 8, 446, 'Diamond Sets', 1, NULL, '500.00', 33),
(18, 9, 516, 'Neck Less', 1, NULL, '20.00', 2),
(19, 9, 446, 'Diamond Sets', 1, NULL, '500.00', 33),
(20, 10, 516, 'Neck Less', 1, NULL, '20.00', 1),
(21, 11, 516, 'Neck Less', 1, NULL, '20.00', 1),
(22, 12, 39, 'Honey 1000g', 10, 14, '75.00', 3),
(23, 13, 446, 'Diamond Sets', 1, 37, '500.00', 1),
(24, 14, 39, 'Honey 1000g', 10, 14, '75.00', 5),
(25, 15, 39, 'Honey 1000g', 10, 14, '75.00', 1),
(26, 16, 39, 'Honey 1000g', 10, 14, '75.00', 1);

-- --------------------------------------------------------

--
-- Table structure for table `tbl_products`
--

CREATE TABLE `tbl_products` (
  `id` int(11) NOT NULL,
  `site_id` int(11) NOT NULL,
  `enterprise_id` int(11) DEFAULT NULL,
  `enterprise_category_id` int(15) NOT NULL,
  `product_category_id` int(11) NOT NULL,
  `product_name` varchar(255) NOT NULL,
  `product_alias` varchar(255) NOT NULL,
  `show_product_price` enum('1','0') NOT NULL,
  `product_price` float(10,2) NOT NULL,
  `product_short_description` text NOT NULL,
  `product_description` text NOT NULL,
  `product_cover_image` varchar(255) NOT NULL,
  `status` enum('1','0') NOT NULL,
  `created_by` int(11) NOT NULL,
  `created_date` datetime NOT NULL,
  `updated_by` int(11) NOT NULL,
  `updated_date` datetime NOT NULL
) ENGINE=InnoDB DEFAULT CHARSET=utf8;

--
-- Dumping data for table `tbl_products`
--

INSERT INTO `tbl_products` (`id`, `site_id`, `enterprise_id`, `enterprise_category_id`, `product_category_id`, `product_name`, `product_alias`, `show_product_price`, `product_price`, `product_short_description`, `product_description`, `product_cover_image`, `status`, `created_by`, `created_date`, `updated_by`, `updated_date`) VALUES
(1, 1, 1, 13, 3, 'Necklace', 'necklace', '0', 0.00, '<p>\n	Necklace</p>\n', '<p>\n	Necklace</p>\n', 'products_169_1449474121.jpg', '1', 1, '2015-07-07 14:01:29', 1, '2015-12-07 13:30:47'),
(3, 1, 1, 13, 1, 'Necklace 2', 'necklace-2', '0', 0.00, '', '', 'products_955_1449477141.jpg', '1', 1, '2015-07-07 15:05:31', 1, '2015-12-08 14:32:37'),
(4, 1, 1, 13, 1, 'Necklace 3', 'necklace-3', '0', 0.00, '', '', 'products_438_1449477214.jpg', '1', 1, '2015-07-07 15:05:52', 1, '2015-12-08 14:32:54'),
(5, 1, 1, 13, 1, 'Necklace 4', 'necklace-4', '0', 0.00, '', '', 'products_466_1449477295.jpg', '1', 1, '2015-07-07 15:06:15', 1, '2015-12-08 14:33:09'),
(6, 1, 1, 13, 1, 'Necklace 5', 'necklace-5', '0', 0.00, '', '', 'products_682_1449477350.jpg', '1', 1, '2015-07-07 15:06:37', 1, '2015-12-08 14:33:24'),
(7, 1, 1, 13, 1, 'Necklace 6', 'necklace-6', '0', 0.00, '', '', 'products_768_1449477549.jpg', '1', 1, '2015-07-07 15:07:11', 1, '2015-12-08 14:33:44'),
(8, 1, 1, 13, 1, 'Necklace 7', 'necklace-7', '0', 0.00, '', '', 'products_91_1449477636.jpg', '1', 1, '2015-07-07 15:07:32', 1, '2015-12-08 14:34:04'),
(9, 1, 1, 13, 1, 'Necklace 8', 'necklace-8', '0', 0.00, '', '', 'products_112_1449478908.jpg', '1', 1, '2015-07-07 15:08:00', 1, '2015-12-08 14:34:21'),
(10, 1, 1, 13, 1, 'Necklace 9', 'necklace-9', '0', 0.00, '', '', 'products_327_1449479039.jpg', '1', 1, '2015-07-07 15:08:25', 1, '2015-12-08 14:34:35'),
(11, 2, 2, 11, 2, 'Black Pepper', 'black-pepper', '1', 250.00, '<p>\r\n	Pepper is available in a wide range of colors and flavors.</p>\r\n', '<div>\r\n	Pepper is available in a wide range of colors and flavors. &nbsp;We usually stick to the black pepper for most of our cooking, except for fish and other pale coloured dishes, when we use white pepper. Black pepper has a sharp, penetrating aroma and a characteristic woody, piney flavor. It is hot and biting to the taste.</div>\r\n<div>\r\n	Available both in powder and rough form.</div>\r\n<div>\r\n	&nbsp;</div>\r\n', 'products_363_1457094636.jpg', '1', 1, '2015-07-07 15:30:32', 1, '2016-07-20 15:15:18'),
(12, 2, 2, 11, 2, 'Cardamon', 'cardamon', '0', 0.00, '<p>\r\n	Cardamon</p>\r\n', '<p>\r\n	Cardamon</p>\r\n', 'products_487_1436262361.jpg', '0', 1, '2015-07-07 15:31:02', 0, '0000-00-00 00:00:00'),
(13, 2, 2, 11, 2, 'Chilly Powder', 'chilly-powder', '0', 0.00, '<p>\n	It has fiery hot flavour.</p>\n', '<p>\n	It has fiery hot flavour. Curry is characterized by tempting colour and titillating pungency. Both are contributed by chilly. It gives hot flavour to curries.&nbsp;</p>\n', 'products_285_1449208257.jpg', '0', 1, '2015-07-07 15:31:26', 1, '2015-12-04 11:35:57'),
(14, 2, 2, 11, 2, 'Cinnamon Powder', 'cinnamon-powder', '0', 0.00, '<p>\n	Cinnamon Powder</p>\n', '<p>\n	Cinnamon Powder</p>\n', 'products_752_1449208275.jpg', '0', 1, '2015-07-07 15:31:47', 1, '2015-12-04 11:36:15'),
(15, 2, 2, 11, 2, 'Coriander Powder', 'coriander-powder', '0', 0.00, '<p>\n	Coriander also known as Cilantro is a herb with a fresh, sweet aroma.</p>\n', '<p>\n	Coriander also known as Cilantro is a herb with a fresh, sweet aroma. The Coriander powder also known as Dhania powder is an essential item in almost every single Nepali household. It is used as a flavoring agent in curries. It imparts the dish with its unique aroma of freshness. Coriander has a sweet, slightly lemony flavor.</p>\n', 'products_153_1449208298.jpg', '0', 1, '2015-07-07 15:32:18', 1, '2015-12-04 11:36:38'),
(16, 2, 2, 11, 2, 'Cumin Powder', 'cumin-powder', '0', 0.00, '<p>\n	Cumin is widely used in Nepali kitchens, mainly as a flavoring agent and as a condiment in certain dishes.</p>\n', '<p>\n	Cumin is widely used in Nepali kitchens, mainly as a flavoring agent and as a condiment in certain dishes. All Curries have cumin in them in small quantities. Cumin gives these dishes an aroma that serves to enhance the dish further. Cumin has a penetrating musty, earthy flavor with some green, grassy nuances.</p>\n', 'products_661_1457094760.jpg', '1', 1, '2015-07-07 15:32:47', 34, '2016-03-04 18:17:40'),
(17, 2, 2, 11, 2, 'Garam Masala', 'garam-masala', '0', 0.00, '<p>\n	Garam Masala</p>\n', '<p>\n	Garam Masala</p>\n', 'products_935_1457094530.jpg', '1', 1, '2015-07-07 15:33:08', 34, '2016-03-04 18:13:50'),
(18, 2, 2, 11, 2, 'Garlic Powder', 'garlic-powder', '0', 0.00, '<p>\n	Garlic is used extensively in our cooking like meat, vegetables etc.</p>\n', '<p>\n	Garlic is used extensively in our cooking like meat, vegetables etc. We add it to soups, stews, roasts, stirfrys, stuffings, salad dressings, and just about anything else we can think of. It has a strong, pungent green flavor and is one of the most popular seasonings used today. It adds flavor to almost any dish.&nbsp;</p>\n', 'products_562_1457094839.jpg', '1', 1, '2015-07-07 15:33:29', 34, '2016-03-04 18:18:59'),
(19, 2, 2, 11, 2, 'Ginger Ale', 'ginger-ale', '0', 0.00, '<p>\r\n	Ginger Ale</p>\r\n', '<p>\r\n	Ginger Ale</p>\r\n', 'products_542_1436262530.jpg', '0', 1, '2015-07-07 15:33:51', 0, '0000-00-00 00:00:00'),
(20, 2, 2, 11, 2, 'Ginger Powder', 'ginger-powder', '0', 0.00, '<p>\n	Ginger is used extensively as a spice in cuisines throughout the world.</p>\n', '<p>\n	Ginger is used extensively as a spice in cuisines throughout the world. The flavor of ginger is pungent, lemon/citrus, warm, and sweet.It is the main flavor in ginger ale, a sweet, carbonated, non-alcoholic beverage, ginger beer. Ginger is also used as a spice added to hot coffee and tea. Used to add zest to many dishes such as gingersnaps, gingerbread, in Asian dishes and in sweets such as cakes, cookies, puddings, pumpkin pie and sweet breads.</p>\n', 'products_20_1449208354.jpg', '0', 1, '2015-07-07 15:34:31', 1, '2015-12-04 11:37:34'),
(21, 2, 2, 11, 2, 'Masala Mix', 'masala-mix', '0', 0.00, '<p>\n	Masala Mix</p>\n', '<p>\n	Masala Mix</p>\n', 'products_57_1449132312.jpg', '0', 1, '2015-07-07 15:35:28', 1, '2015-12-03 14:30:12'),
(22, 2, 2, 11, 2, 'Mustard Powder', 'mustard-powder', '1', 230.00, '<p>\r\n	Mustard Powder</p>\r\n', '<p>\r\n	Mustard Powder</p>\r\n', 'products_348_1449132242.jpg', '0', 1, '2015-07-07 15:36:03', 1, '2016-07-20 18:26:53'),
(23, 2, 2, 11, 2, 'Pancha Furna', 'pancha-furna', '0', 0.00, '<p>\n	Mixture of 5 different spices.</p>\n', '<p>\n	Mixture of 5 different spices.</p>\n', 'products_558_1449132156.jpg', '0', 1, '2015-07-07 15:36:30', 1, '2015-12-03 14:27:36'),
(25, 2, 2, 11, 2, 'Turmeric Powder', 'turmeric-powder', '0', 0.00, '<p>\n	&nbsp;Several unique properties of turmeric make it the ideal choice as a food flavor and as a natural colourant.</p>\n', '<p>\n	&nbsp;Several unique properties of turmeric make it the ideal choice as a food flavor and as a natural colourant. It has special medicinal value also. It &nbsp;is a spice commonly used in curries and other South Asian cuisine.</p>\n', 'products_697_1449132014.jpg', '0', 1, '2015-07-07 15:45:48', 1, '2015-12-03 14:25:14'),
(26, 1, 3, 6, 3, 'Laakh Maari', 'laakh-maari', '0', 0.00, '<p>\n	<span style="color: rgb(33, 33, 33); font-family: wf_segoe-ui_normal, ''Segoe UI'', ''Segoe WP'', Tahoma, Arial, sans-serif; font-size: 15px;">Laakh Maari is a popular newari sweet. Available in packs of 500 gm</span></p>\n', '', 'products_695_1449125805.jpg', '1', 1, '2015-07-07 15:53:27', 34, '2016-03-31 10:11:38'),
(27, 1, 3, 6, 3, 'Ladoo', 'ladoo', '0', 0.00, '', '', 'products_378_1449125850.jpg', '1', 1, '2015-07-07 15:53:49', 1, '2015-12-08 15:21:01'),
(28, 1, 3, 6, 3, 'Lapsi Candy', 'lapsi-candy', '0', 0.00, '<p>\n	Labsi Candy</p>\n', '<p>\n	Labsi Candy</p>\n', 'products_490_1449125874.jpg', '1', 1, '2015-07-07 15:54:08', 1, '2015-12-08 15:26:10'),
(29, 1, 4, 4, 6, 'Pencil Stand', 'pencil-stand', '0', 0.00, '', '', 'products_953_1449568869.jpg', '1', 1, '2015-07-07 16:28:28', 1, '2015-12-08 15:46:10'),
(31, 1, 5, 14, 7, 'Nagarik 1 Year Subscription', 'nagarik-1-year-subscription', '0', 0.00, '<p>\n	Nagarik is the Nepali national daily of NRM that began its print edition from April 24, 2009. It has an aim to lead the social voice, values and positions of Nepalese. The target audience for Nagarik is the general Nepali speaking population of the country. In the present context, Nagarik has become one of the favorite Nepali newspapers among the readers. It is valued as the paper that gives true and unbiased news and is read in almost 73 out of 75 districts of Nepal.</p>\n', '<p>\n	Nagarik is the Nepali national daily of NRM that began its print edition from April 24, 2009. It has an aim to lead the social voice, values and positions of Nepalese. The target audience for Nagarik is the general Nepali speaking population of the country. In the present context, Nagarik has become one of the favorite Nepali newspapers among the readers. It is valued as the paper that gives true and unbiased news and is read in almost 73 out of 75 districts of Nepal.</p>\n', 'products_506_1449648988.jpg', '1', 1, '2015-07-07 17:36:22', 1, '2015-12-09 14:01:28'),
(32, 1, 5, 14, 8, 'Republica 1 Year Subscription', 'republica-1-year-subscription', '0', 0.00, '<p>\n	The English national daily of NRM, Republica began publishing along with Nagarik from April 24, 2009. It caters to the English speaking population<br />\n	of Nepal who are career focused, and seek an impartial media that speaks for the society. We are a distinguished English paper in the market as we encourage the youth to value that which is vital for the development of self, society and nation as a whole. It is also associated with International New York Times, the global edition of New York Times. Republica covers local as well as international news including sports, business, economics, youth, lifestyle and many more.</p>\n', '<p>\n	The English national daily of NRM, Republica began publishing along with Nagarik from April 24, 2009. It caters to the English speaking population<br />\n	of Nepal who are career focused, and seek an impartial media that speaks for the society. We are a distinguished English paper in the market as we encourage the youth to value that which is vital for the development of self, society and nation as a whole. It is also associated with International New York Times, the global edition of New York Times. Republica covers local as well as international news including sports, business, economics, youth, lifestyle and many more.</p>\n', 'products_99_1449649020.jpg', '1', 1, '2015-07-07 17:43:36', 1, '2015-12-09 14:02:00'),
(33, 1, 5, 14, 9, 'Sukrabar 1 Year Subscription', 'sukrabar-1-year-subscription', '0', 0.00, '<p>\n	Sukrabar is our weekly newspaper that gets published every Thursday.&nbsp; Shukrabar started its journey from April 14, 2011. In our quest for capturing<br />\n	a ourishing entertainment market, we launched Shukrabar and as of now it has already become a market leader in the weekly entertainment section. The target audience of this paper is specically the college students as it focuses on entertainment and other related news.</p>\n', '<p>\n	Sukrabar is our weekly newspaper that gets published every Thursday.&nbsp; Shukrabar started its journey from April 14, 2011. In our quest for capturing<br />\n	a ourishing entertainment market, we launched Shukrabar and as of now it has already become a market leader in the weekly entertainment section. The target audience of this paper is specically the college students as it focuses on entertainment and other related news.</p>\n', 'products_827_1449649078.jpg', '1', 1, '2015-07-07 17:44:38', 1, '2015-12-09 14:02:58'),
(34, 1, 5, 14, 10, 'Paschimeli 1 Year Subscription', 'paschimeli-1-year-subscription', '0', 0.00, '<p>\n	These are daily 4-page supplements that cater to western and eastern regions of Nepal respectively. Purbeli is printed from Biratnagar and gets<br />\n	distributed in Mahottari, Sindhuli, Dhanusa, Sarlahi, Sapatari, Udaypur, Sunsari, Dhankuta, Morang, Jhapa, Ilaam, Panchthar, Fidim, and Terahthum<br />\n	districts.<br />\n	Similarly, Paschimeli is printed from Nepalgunj and gets distributed in Rupandehi, Gulmi, Arghakhanchi, Palpa, Kapilbastu, Parasi, Rolpa, Rukum,<br />\n	Salyan, Dang, Banke, Kanchanpur, Kailali, Humla, Jumla, Mugu and Pyuthan districts.</p>\n', '<p>\n	These are daily 4-page supplements that cater to western and eastern regions of Nepal respectively. Purbeli is printed from Biratnagar and gets<br />\n	distributed in Mahottari, Sindhuli, Dhanusa, Sarlahi, Sapatari, Udaypur, Sunsari, Dhankuta, Morang, Jhapa, Ilaam, Panchthar, Fidim, and Terahthum<br />\n	districts.<br />\n	Similarly, Paschimeli is printed from Nepalgunj and gets distributed in Rupandehi, Gulmi, Arghakhanchi, Palpa, Kapilbastu, Parasi, Rolpa, Rukum,<br />\n	Salyan, Dang, Banke, Kanchanpur, Kailali, Humla, Jumla, Mugu and Pyuthan districts.</p>\n', 'products_614_1449649104.jpg', '1', 1, '2015-07-07 17:45:55', 1, '2015-12-09 14:03:24'),
(35, 1, 5, 14, 11, 'Purweli 1 Year Subscription', 'purweli-1-year-subscription', '0', 0.00, '<p>\n	These are daily 4-page supplements that cater to western and eastern regions of Nepal respectively. Purbeli is printed from Biratnagar and gets<br />\n	distributed in Mahottari, Sindhuli, Dhanusa, Sarlahi, Sapatari, Udaypur, Sunsari, Dhankuta, Morang, Jhapa, Ilaam, Panchthar, Fidim, and Terahthum<br />\n	districts.<br />\n	&nbsp;</p>\n', '<p>\n	These are daily 4-page supplements that cater to western and eastern regions of Nepal respectively. Purbeli is printed from Biratnagar and gets<br />\n	distributed in Mahottari, Sindhuli, Dhanusa, Sarlahi, Sapatari, Udaypur, Sunsari, Dhankuta, Morang, Jhapa, Ilaam, Panchthar, Fidim, and Terahthum<br />\n	districts.<br />\n	&nbsp;</p>\n', 'products_926_1449649127.jpg', '1', 1, '2015-07-07 17:46:38', 1, '2015-12-09 14:03:47'),
(36, 1, 6, 3, 12, 'Bee Wax Candle', 'bee-wax-candle', '0', 0.00, '<p>\n	Bees wax candles are natural product that gives a pleasant smell, makes a lovely decoration around the home and&nbsp; ideal for spiritual purposes being entirely pure.</p>\n', '<p>\n	Bees wax candles are natural product that gives a pleasant smell, makes a lovely decoration around the home and&nbsp; ideal for spiritual purposes being entirely pure.</p>\n', 'products_450_1449646841.jpg', '1', 1, '2015-07-07 18:12:35', 1, '2015-12-09 13:27:58'),
(37, 1, 6, 3, 13, 'Beeswax Cream', 'beeswax-cream', '0', 0.00, '<p>\n	Made of Pure Beeswax and Sunflower Oil</p>\n', '<p>\n	Made of Pure Beeswax and Sunflower Oil</p>\n', 'products_529_1449646865.jpg', '1', 1, '2015-07-07 18:13:30', 1, '2015-12-09 13:28:25'),
(38, 1, 6, 3, 14, 'Honey Soap', 'honey-soap', '0', 0.00, '<p>\n	Honey Soap Aurvedic<br />\n	&nbsp;</p>\n', '<p>\n	Honey Soap Aurvedic<br />\n	&nbsp;</p>\n', 'products_451_1449126026.jpg', '0', 1, '2015-07-07 18:14:19', 1, '2015-12-03 12:45:26'),
(39, 1, 14, 6, 15, 'Honey 1000g', 'honey-1000g', '1', 75.00, '<p>\r\n	Honey from The Beekeeping Shop is produced by small farmers in different parts of the country, using traditional technology.<br />\r\n	<br />\r\n	&nbsp;</p>\r\n', '<p>\r\n	Honey from The Beekeeping Shop is produced by small farmers in different parts of the country, using traditional technology.</p>\r\n<p>\r\n	Quality wise, the honey easily competes with imported honeys since it meets high international standards. The honey has undergone strict quality control at the laboratory of the Beekeeping Shop.<br />\r\n	<br />\r\n	The Beekeeping Shop offeres a wide range of honeys. The floral sources and time of harvest are mentioned on the label, which offers buyers the opportunity to find out the different characteristics in colour, taste and texture.</p>\r\n', 'products_324_1449644210.jpg', '1', 1, '2015-07-07 18:15:27', 1, '2016-07-20 12:03:07'),
(40, 1, 7, 15, 14, 'Yak Milk Soap', 'yak-milk-soap', '0', 0.00, '<p>\n	This is an exotic soap containing Yak Milk, Honey and Red Clay.</p>\n', '<p>\n	This is an exotic soap containing Yak Milk, Honey and Red Clay. Yak Milk comes all the way from high Himalayas directly benefiting the local peasants. Yak Milk contains the highest percentage of fat than in any other animal&#39;s milk. Honey combined with Yak Milk retains moisture on the skin and Red Clay helps to exfoliate.</p>\n', 'products_457_1449653547.jpg', '1', 1, '2015-07-08 11:21:25', 1, '2015-12-09 15:17:27'),
(41, 1, 7, 15, 14, 'Himalayan Rose Soap', 'himalayan-rose-soap', '0', 0.00, '<p>\n	This body soap has a deep and luxurious floral aroma that has&nbsp;&nbsp; rejuvenating&nbsp;&nbsp; properties to relieve dryness, inflammation and itching of the skin. In skin care it is used for dry skin and sensitive complexions.</p>\n', '<p>\n	This body soap has a deep and luxurious floral aroma that has&nbsp;&nbsp; rejuvenating&nbsp;&nbsp; properties to relieve dryness, inflammation and itching of the skin. In skin care it is used for dry skin and sensitive complexions. It has the blend of finest essential oils that come from the Himalayan region.</p>\n', 'products_769_1449653566.jpg', '0', 1, '2015-07-08 11:23:10', 1, '2015-12-09 15:17:46'),
(42, 1, 8, 10, 16, 'Allo Placemat', 'allo-placemat', '0', 0.00, '<p>\n	Size: 12&quot;x18&quot;</p>\n<div>\n	Composition: 100% Allo (Nettle fiber)</div>\n<p>\n	&nbsp;</p>\n', '<p>\n	Size: 12&quot;x18&quot;</p>\n<div>\n	Composition: 100% Allo (Nettle fiber)</div>\n<div>\n	&nbsp;</div>\n<div>\n	Note: Colours can be done according to the buyer&#39;s requirement.&nbsp;</div>\n', 'products_90_1443012292.jpg', '1', 1, '2015-07-08 12:22:11', 2, '2015-09-23 18:29:52'),
(43, 1, 8, 10, 17, 'Allo Short Dress', 'allo-short-dress', '0', 0.00, '<p>\n	Size: Free</p>\n<div>\n	Composition: 100% Allo (Nettle fiber)</div>\n', '<p>\n	Size: Free</p>\n<div>\n	Composition: 100% Allo (Nettle fiber)</div>\n<div>\n	&nbsp;</div>\n<div>\n	Note: Colours can be done according to the buyer&#39;s requirement.&nbsp;</div>\n', 'products_298_1443012347.jpg', '0', 1, '2015-07-08 12:23:15', 2, '2015-09-23 18:30:47'),
(44, 1, 8, 10, 18, 'Allo Stole Natural', 'allo-stole-natural', '0', 0.00, '<div>\n	Size: 24&quot;X80&quot;</div>\n<div>\n	&nbsp;</div>\n<div>\n	Composition: 100% Allo (Nettle fiber)</div>\n', '<div>\n	Size: 24&quot;X80&quot;</div>\n<div>\n	&nbsp;</div>\n<div>\n	Composition: 100% Allo (Nettle fiber)</div>\n<div>\n	&nbsp;</div>\n<div>\n	Note: Colours can be done according to the buyer&#39;s requirement.&nbsp;</div>\n', 'products_584_1443012441.jpg', '0', 1, '2015-07-08 12:25:14', 2, '2015-09-23 18:32:21'),
(45, 1, 8, 10, 19, 'Allo Top', 'allo-top', '0', 0.00, '<div>\n	Size: Free</div>\n<div>\n	&nbsp;</div>\n<div>\n	Composition: 100% Allo (Nettle fiber)</div>\n', '<div>\n	Size: Free</div>\n<div>\n	&nbsp;</div>\n<div>\n	Composition: 100% Allo (Nettle fiber)</div>\n<div>\n	&nbsp;</div>\n<div>\n	Note: Colours can be done according to the buyer&#39;s requirement.&nbsp;</div>\n', 'products_116_1443012515.jpg', '0', 1, '2015-07-08 12:26:09', 2, '2015-09-23 18:33:35'),
(46, 1, 8, 10, 20, 'Dhaka Tie and Shawl', 'dhaka-tie-and-shawl', '0', 0.00, '<div>\n	Size: 32&quot;X80&quot;</div>\n<div>\n	&nbsp;</div>\n<div>\n	Composition: Fine Cotton</div>\n', '<div>\n	Size: 32&quot;X80&quot;</div>\n<div>\n	&nbsp;</div>\n<div>\n	Composition: Fine Cotton</div>\n<div>\n	&nbsp;</div>\n<div>\n	Note: Colours can be done according to the buyer&#39;s requirement.&nbsp;</div>\n', 'products_253_1443012555.jpg', '0', 1, '2015-07-08 12:27:13', 2, '2015-09-23 18:34:15'),
(47, 1, 8, 10, 18, 'Printed Stole', 'printed-stole', '0', 0.00, '<p>\n	Size: 28&quot;x80&quot;<br />\n	Manufacturer: AmaImpex<br />\n	Weight: 0.25<br />\n	Available Options<br />\n	<br />\n	Color:<br />\n	Size: 32<br />\n	&nbsp;</p>\n', '<p>\n	Size: 28&quot;x80&quot;<br />\n	Manufacturer: AmaImpex<br />\n	Weight: 0.25<br />\n	Available Options<br />\n	<br />\n	Color:<br />\n	Size: 32<br />\n	&nbsp;</p>\n', 'products_180_1449651566.jpg', '1', 1, '2015-07-08 12:28:02', 1, '2015-12-09 14:44:26'),
(48, 1, 8, 10, 20, 'Silk Shawl Dhaka Patt', 'silk-shawl-dhaka-patt', '0', 0.00, '<div>\n	Size: 32&quot;X80&quot;</div>\n<div>\n	&nbsp;</div>\n<div>\n	Composition: Silk/fine cotton</div>\n', '<div>\n	Size: 32&quot;X80&quot;</div>\n<div>\n	&nbsp;</div>\n<div>\n	Composition: Silk/fine cotton</div>\n<div>\n	&nbsp;</div>\n<div>\n	Note: Colours can be done according to the buyer&#39;s requirement.&nbsp;</div>\n', 'products_396_1443012596.jpg', '1', 1, '2015-07-08 12:29:07', 2, '2015-09-23 18:34:56'),
(49, 1, 8, 10, 21, 'Long Dress Back', 'long-dress-back', '0', 0.00, '<div>\n	Size: Free</div>\n<div>\n	&nbsp;</div>\n<div>\n	Composition: 100% Cashmere</div>\n', '<div>\n	Size: Free</div>\n<div>\n	&nbsp;</div>\n<div>\n	Composition: 100% Cashmere</div>\n<div>\n	&nbsp;</div>\n<div>\n	Note: Colours can be done according to the buyer&#39;s requirement.&nbsp;</div>\n', 'products_72_1443012644.jpg', '0', 1, '2015-07-08 12:31:44', 2, '2015-09-23 18:35:44'),
(50, 1, 8, 10, 21, 'Long Dress Beige', 'long-dress-beige', '0', 0.00, '<div>\n	Size: Free</div>\n<div>\n	&nbsp;</div>\n<div>\n	Composition: 100% Cashmere</div>\n', '<div>\n	Size: Free</div>\n<div>\n	&nbsp;</div>\n<div>\n	Composition: 100% Cashmere</div>\n<div>\n	&nbsp;</div>\n<div>\n	Note: Colours can be done according to the buyer&#39;s requirement.&nbsp;</div>\n', 'products_728_1443012711.jpg', '0', 1, '2015-07-08 12:32:22', 2, '2015-09-23 18:36:51'),
(51, 1, 8, 10, 22, 'Scarf Hat Gloves Set', 'scarf-hat-gloves-set', '0', 0.00, '<div>\n	Size: 16&quot;x64&quot;</div>\n<div>\n	&nbsp;</div>\n<div>\n	Composition: 100% Cashmere</div>\n', '<div>\n	Size: 16&quot;x64&quot;</div>\n<div>\n	&nbsp;</div>\n<div>\n	Composition: 100% Cashmere</div>\n<div>\n	&nbsp;</div>\n<div>\n	Note: Colours can be done according to the buyer&#39;s requirement.&nbsp;</div>\n', 'products_560_1449651076.jpg', '1', 1, '2015-07-08 12:33:10', 1, '2015-12-09 14:36:16'),
(52, 1, 8, 10, 29, 'Pashmina Stripe Pouncho', 'pashmina-stripe-pouncho', '0', 0.00, '<div>\n	Size: Free</div>\n<div>\n	&nbsp;</div>\n<div>\n	Composition: 100% Cashmere</div>\n<div>\n	&nbsp;</div>\n', '<div>\n	Size: Free</div>\n<div>\n	&nbsp;</div>\n<div>\n	Composition: 100% Cashmere</div>\n<div>\n	&nbsp;</div>\n<div>\n	Note: Colours can be done according to the buyer&#39;s requirement.&nbsp;</div>\n<div>\n	&nbsp;</div>\n', 'products_547_1443012852.jpg', '0', 1, '2015-07-08 12:37:38', 2, '2015-09-23 18:39:12'),
(53, 1, 8, 10, 29, 'Pashmina V/N Dress', 'pashmina-v-n-dress', '0', 0.00, '<div>\n	Size: Free</div>\n<div>\n	&nbsp;</div>\n<div>\n	Composition: 100% Cashmere</div>\n', '<div>\n	Size: Free</div>\n<div>\n	&nbsp;</div>\n<div>\n	Composition: 100% Cashmere</div>\n<div>\n	&nbsp;</div>\n<div>\n	Note: Colours can be done according to the buyer&#39;s requirement.&nbsp;</div>\n', 'products_688_1443013102.jpg', '0', 1, '2015-07-08 12:39:16', 2, '2015-09-23 18:43:22'),
(54, 1, 8, 10, 29, 'Pashmina Wrap Dress', 'pashmina-wrap-dress', '0', 0.00, '<div>\n	Size: Free</div>\n<div>\n	&nbsp;</div>\n<div>\n	Composition: 100% Cashmere</div>\n', '<div>\n	Size: Free</div>\n<div>\n	&nbsp;</div>\n<div>\n	Composition: 100% Cashmere</div>\n<div>\n	&nbsp;</div>\n<div>\n	Note: Colours can be done according to the buyer&#39;s requirement.&nbsp;</div>\n', 'products_357_1443013235.jpg', '0', 1, '2015-07-08 12:40:05', 2, '2015-09-23 18:45:35'),
(55, 1, 8, 10, 28, 'Pashmina Cable Sleeveless', 'pashmina-cable-sleeveless', '0', 0.00, '<div>\n	Size: Medium</div>\n<div>\n	&nbsp;</div>\n<div>\n	Composition: 100% Cashmere</div>\n', '<div>\n	Size: Medium</div>\n<div>\n	&nbsp;</div>\n<div>\n	Composition: 100% Cashmere</div>\n<div>\n	&nbsp;</div>\n<div>\n	Note: Colours can be done according to the buyer&#39;s requirement.&nbsp;</div>\n', 'products_93_1443013302.jpg', '0', 1, '2015-07-08 12:41:32', 2, '2015-09-23 18:46:42'),
(56, 1, 8, 10, 28, 'Pashmina Jacquard Sweater', 'pashmina-jacquard-sweater', '0', 0.00, '<div>\n	Size: Medium</div>\n<div>\n	&nbsp;</div>\n<div>\n	Composition: 100% Cashmere</div>\n', '<div>\n	Size: Medium</div>\n<div>\n	&nbsp;</div>\n<div>\n	Composition: 100% Cashmere</div>\n<div>\n	&nbsp;</div>\n<div>\n	Note: Colours can be done according to the buyer&#39;s requirement.&nbsp;</div>\n', 'products_422_1443013334.jpg', '0', 1, '2015-07-08 12:42:58', 2, '2015-09-23 18:47:14'),
(57, 1, 8, 10, 28, 'Pashmina High Neck Sweater', 'pashmina-high-neck-sweater', '0', 0.00, '<div>\n	Size: Large</div>\n<div>\n	&nbsp;</div>\n<div>\n	Composition: 100% Cashmere</div>\n', '<div>\n	Size: Large</div>\n<div>\n	&nbsp;</div>\n<div>\n	Composition: 100% Cashmere</div>\n<div>\n	&nbsp;</div>\n<div>\n	Note: Colours can be done according to the buyer&#39;s requirement.&nbsp;</div>\n', 'products_606_1443013373.jpg', '0', 1, '2015-07-08 12:43:47', 2, '2015-09-23 18:47:53'),
(58, 1, 8, 10, 28, 'Pashmina Jacquard V/N Full Sleeve', 'pashmina-jacquard-v-n-full-sleeve', '0', 0.00, '<div>\n	Size: Medium</div>\n<div>\n	&nbsp;</div>\n<div>\n	Composition: 100% Cashmere</div>\n', '<div>\n	Size: Medium</div>\n<div>\n	&nbsp;</div>\n<div>\n	Composition: 100% Cashmere</div>\n<div>\n	&nbsp;</div>\n<div>\n	Note: Colours can be done according to the buyer&#39;s requirement.&nbsp;</div>\n', 'products_101_1443013407.jpg', '0', 1, '2015-07-08 12:44:39', 2, '2015-09-23 18:48:27'),
(59, 1, 9, 3, 30, 'Achimenes 1', 'achimenes-1', '0', 0.00, '<p>\n	Achimenes 1</p>\n', '<p>\n	Achimenes 1</p>\n', 'products_160_1443014049.jpg', '1', 1, '2015-07-13 17:17:05', 2, '2015-09-23 18:59:09'),
(60, 1, 9, 3, 30, 'Achimenes 2', 'achimenes-2', '0', 0.00, '<p>\n	Achimenes 2</p>\n', '<p>\n	Achimenes 2</p>\n', 'products_942_1443014062.jpg', '1', 1, '2015-07-13 17:34:35', 2, '2015-09-23 18:59:22'),
(61, 1, 9, 3, 30, 'Achimenes 3', 'achimenes-3', '0', 0.00, '<p>\n	Achimenes 3</p>\n', '<p>\n	Achimenes 3</p>\n', 'products_851_1443014075.jpg', '1', 1, '2015-07-13 17:35:23', 2, '2015-09-23 18:59:35'),
(62, 1, 9, 3, 30, 'Achimenes 4', 'achimenes-4', '0', 0.00, '<p>\n	Achimenes 4</p>\n', '<p>\n	Achimenes 4</p>\n', 'products_48_1443014101.jpg', '1', 1, '2015-07-13 17:36:26', 2, '2015-09-23 19:00:01'),
(63, 1, 9, 3, 30, 'Achimenes 5', 'achimenes-5', '0', 0.00, '<p>\n	Achimenes 5</p>\n', '<p>\n	Achimenes 5</p>\n', 'products_420_1443014109.jpg', '1', 1, '2015-07-13 17:37:03', 2, '2015-09-23 19:00:09'),
(64, 1, 9, 3, 30, 'Achimenes 6', 'achimenes-6', '0', 0.00, '<p>\n	Achimenes 6</p>\n', '<p>\n	Achimenes 6</p>\n', 'products_32_1443014130.jpg', '1', 1, '2015-07-13 17:37:31', 2, '2015-09-23 19:00:30'),
(65, 1, 9, 3, 30, 'Caladium', 'caladium', '0', 0.00, '<p>\n	Caladium</p>\n', '<p>\n	Caladium</p>\n', 'products_910_1443014206.jpg', '1', 1, '2015-07-13 17:38:14', 2, '2015-09-23 19:01:46'),
(66, 1, 9, 3, 30, 'Canna Pretoria Var', 'canna-pretoria-var', '0', 0.00, '<p>\n	Canna Pretoria Var</p>\n', '<p>\n	Canna Pretoria Var</p>\n', 'products_446_1443014380.jpg', '1', 1, '2015-07-13 17:39:01', 2, '2015-09-23 19:04:40'),
(67, 1, 9, 3, 30, 'Curcuma 1', 'curcuma-1', '0', 0.00, '<p>\n	Curcuma 1</p>\n', '<p>\n	Curcuma 1</p>\n', 'products_803_1443014399.jpg', '1', 1, '2015-07-13 17:39:40', 2, '2015-09-23 19:04:59'),
(68, 1, 9, 3, 30, 'Curcuma 2', 'curcuma-2', '0', 0.00, '<p>\n	Curcuma 2</p>\n', '<p>\n	Curcuma 2</p>\n', 'products_273_1443014409.jpg', '1', 1, '2015-07-13 17:40:15', 2, '2015-09-23 19:05:09'),
(69, 1, 9, 3, 30, 'Curcuma 3', 'curcuma-3', '0', 0.00, '<p>\n	Curcuma 3</p>\n', '<p>\n	Curcuma 3</p>\n', 'products_794_1443014421.jpg', '1', 1, '2015-07-13 17:40:42', 2, '2015-09-23 19:05:21'),
(70, 1, 9, 3, 30, 'Curcuma 4', 'curcuma-4', '0', 0.00, '<p>\n	Curcuma 4</p>\n', '<p>\n	Curcuma 4</p>\n', 'products_931_1443014434.jpg', '1', 1, '2015-07-13 17:41:07', 2, '2015-09-23 19:05:34'),
(71, 1, 9, 3, 30, 'Curcuma 5', 'curcuma-5', '0', 0.00, '<p>\n	Curcuma 5</p>\n', '<p>\n	Curcuma 5</p>\n', 'products_112_1443014443.jpg', '1', 1, '2015-07-13 17:41:38', 2, '2015-09-23 19:05:43'),
(72, 1, 9, 3, 30, 'Curcuma 6', 'curcuma-6', '0', 0.00, '<p>\n	Curcuma 6</p>\n', '<p>\n	Curcuma 6</p>\n', 'products_349_1443014452.jpg', '1', 1, '2015-07-13 17:42:09', 2, '2015-09-23 19:05:52'),
(73, 1, 9, 3, 30, 'Curcuma 7', 'curcuma-7', '0', 0.00, '<p>\n	Curcuma 7</p>\n', '<p>\n	Curcuma 7</p>\n', 'products_751_1443014462.jpg', '1', 1, '2015-07-13 17:42:36', 2, '2015-09-23 19:06:02'),
(74, 1, 9, 3, 30, 'Fancy Leafed Caladium 1', 'fancy-leafed-caladium-1', '0', 0.00, '<p>\n	Fancy Leafed Caladium 1</p>\n', '<p>\n	Fancy Leafed Caladium 1</p>\n', 'products_520_1443014232.jpg', '1', 1, '2015-07-13 17:43:42', 2, '2015-09-23 19:02:12'),
(75, 1, 9, 3, 30, 'Fancy Leafed Caladium 2', 'fancy-leafed-caladium-2', '0', 0.00, '<p>\n	Fancy Leafed Caladium 2</p>\n', '<p>\n	Fancy Leafed Caladium 2</p>\n', 'products_965_1443014243.jpg', '1', 1, '2015-07-13 17:44:15', 2, '2015-09-23 19:02:23'),
(76, 1, 9, 3, 30, 'Fancy Leafed Caladium 3', 'fancy-leafed-caladium-3', '0', 0.00, '<p>\n	Fancy Leafed Caladium 3</p>\n', '<p>\n	Fancy Leafed Caladium 3</p>\n', 'products_507_1443014256.jpg', '1', 1, '2015-07-13 17:44:51', 2, '2015-09-23 19:02:36'),
(77, 1, 9, 3, 30, 'Fancy Leafed Caladium 4', 'fancy-leafed-caladium-4', '0', 0.00, '<p>\n	Fancy Leafed Caladium 4</p>\n', '<p>\n	Fancy Leafed Caladium 4</p>\n', 'products_331_1443014266.jpg', '1', 1, '2015-07-13 17:46:51', 2, '2015-09-23 19:02:46'),
(78, 1, 9, 3, 30, 'Fancy Leafed Caladium 5', 'fancy-leafed-caladium-5', '0', 0.00, '<p>\n	Fancy Leafed Caladium 5</p>\n', '<p>\n	Fancy Leafed Caladium 5</p>\n', 'products_780_1443014280.jpg', '1', 1, '2015-07-13 17:47:20', 2, '2015-09-23 19:03:00'),
(79, 1, 9, 3, 30, 'Fancy Leafed Caladium 6', 'fancy-leafed-caladium-6', '0', 0.00, '<p>\n	Fancy Leafed Caladium 6</p>\n', '<p>\n	Fancy Leafed Caladium 6</p>\n', 'products_51_1443014292.jpg', '1', 1, '2015-07-13 17:47:57', 2, '2015-09-23 19:03:12'),
(80, 1, 9, 3, 30, 'Fancy Leafed Caladium 7', 'fancy-leafed-caladium-7', '0', 0.00, '<p>\n	Fancy Leafed Caladium 7</p>\n', '<p>\n	Fancy Leafed Caladium 7</p>\n', 'products_851_1443014301.jpg', '1', 1, '2015-07-13 17:48:41', 2, '2015-09-23 19:03:21'),
(81, 1, 9, 3, 30, 'Fancy Leafed Caladium 8', 'fancy-leafed-caladium-8', '0', 0.00, '<p>\n	Fancy Leafed Caladium 8</p>\n', '<p>\n	Fancy Leafed Caladium 8</p>\n', 'products_187_1443014312.jpg', '1', 1, '2015-07-13 17:49:47', 2, '2015-09-23 19:03:32'),
(82, 1, 9, 3, 30, 'Fancy Leafed Caladium 9', 'fancy-leafed-caladium-9', '0', 0.00, '<p>\n	Fancy Leafed Caladium 9</p>\n', '<p>\n	Fancy Leafed Caladium 9</p>\n', 'products_550_1443014323.jpg', '1', 1, '2015-07-13 17:50:19', 2, '2015-09-23 19:03:43'),
(83, 1, 9, 3, 30, 'Fancy Leafed Caladium 10', 'fancy-leafed-caladium-10', '0', 0.00, '<p>\n	Fancy Leafed Caladium 10</p>\n', '<p>\n	Fancy Leafed Caladium 10</p>\n', 'products_382_1443014334.jpg', '1', 1, '2015-07-13 17:51:34', 2, '2015-09-23 19:03:54'),
(84, 1, 9, 3, 30, 'Fancy Leafed Caladium 11', 'fancy-leafed-caladium-11', '0', 0.00, '<p>\n	Fancy Leafed Caladium 11</p>\n', '<p>\n	Fancy Leafed Caladium 11</p>\n', 'products_419_1443014343.jpg', '1', 1, '2015-07-13 17:54:27', 2, '2015-09-23 19:04:03'),
(85, 1, 9, 3, 30, 'Fancy Leafed Caladium 12', 'fancy-leafed-caladium-12', '0', 0.00, '<p>\n	Fancy Leafed Caladium 12</p>\n', '<p>\n	Fancy Leafed Caladium 12</p>\n', 'products_628_1443014351.jpg', '1', 1, '2015-07-13 17:55:18', 2, '2015-09-23 19:04:11'),
(86, 1, 10, 16, 31, 'Hat 1', 'hat-1', '0', 0.00, '<p>\n	Hat 1</p>\n', '<p>\n	Hat 1</p>\n', 'products_79_1443008757.jpg', '0', 1, '2015-07-21 16:08:04', 2, '2015-09-23 17:30:57'),
(87, 1, 10, 16, 31, 'Hat 2', 'hat-2', '0', 0.00, '<p>\n	Hat 2</p>\n', '<p>\n	Hat 2</p>\n', 'products_196_1443008770.jpg', '0', 1, '2015-07-21 16:11:41', 2, '2015-09-23 17:31:10'),
(88, 1, 10, 16, 31, 'Hat 3', 'hat-3', '0', 0.00, '<p>\n	Hat 3</p>\n', '<p>\n	Hat 3</p>\n', 'products_955_1443008782.jpg', '0', 1, '2015-07-21 16:12:17', 2, '2015-09-23 17:31:22'),
(89, 1, 10, 16, 31, 'Hat 4', 'hat-4', '0', 0.00, '<p>\n	Hat 4</p>\n', '<p>\n	Hat 4</p>\n', 'products_410_1443008804.jpg', '0', 1, '2015-07-21 16:12:48', 2, '2015-09-23 17:31:44'),
(90, 1, 10, 16, 31, 'Hat 5', 'hat-5', '0', 0.00, '<p>\n	Hat 5</p>\n', '<p>\n	Hat 5</p>\n', 'products_367_1443008815.jpg', '0', 1, '2015-07-21 16:13:14', 2, '2015-09-23 17:31:55'),
(91, 1, 10, 16, 31, 'Hat 6', 'hat-6', '0', 0.00, '<p>\n	Hat 6</p>\n', '<p>\n	Hat 6</p>\n', 'products_622_1443008826.jpg', '0', 1, '2015-07-21 16:13:40', 2, '2015-09-23 17:32:06'),
(92, 1, 10, 16, 31, 'Hat 7', 'hat-7', '0', 0.00, '<p>\n	Hat 7</p>\n', '<p>\n	Hat 7</p>\n', 'products_360_1443008836.jpg', '0', 1, '2015-07-21 16:14:03', 2, '2015-09-23 17:32:16'),
(93, 1, 10, 16, 31, 'Hat 8', 'hat-8', '0', 0.00, '<p>\n	Hat 8</p>\n', '<p>\n	Hat 8</p>\n', 'products_746_1443008846.jpg', '0', 1, '2015-07-21 16:21:02', 2, '2015-09-23 17:32:26'),
(94, 1, 10, 16, 31, 'Hat 9', 'hat-9', '0', 0.00, '<p>\n	Hat 9</p>\n', '<p>\n	Hat 9</p>\n', 'products_738_1443008857.jpg', '0', 1, '2015-07-21 16:21:33', 2, '2015-09-23 17:32:37'),
(95, 1, 10, 16, 31, 'Hat 10', 'hat-10', '0', 0.00, '<p>\n	Hat 10</p>\n', '<p>\n	Hat 10</p>\n', 'products_172_1443008871.jpg', '0', 1, '2015-07-21 16:22:03', 2, '2015-09-23 17:32:51'),
(96, 1, 10, 16, 32, 'Pandas', 'pandas', '0', 0.00, '', '', 'products_558_1449738107.jpg', '1', 1, '2015-07-21 16:25:22', 1, '2015-12-10 14:46:47'),
(97, 1, 10, 16, 32, 'Toy 2', 'toy-2', '0', 0.00, '<p>\n	Toy 2</p>\n', '<p>\n	Toy 2</p>\n', 'products_373_1443009505.jpg', '0', 1, '2015-07-21 16:27:18', 2, '2015-09-23 17:43:25'),
(98, 1, 10, 16, 32, 'Giraffe', 'giraffe', '0', 0.00, '', '', 'products_290_1449738210.jpg', '1', 1, '2015-07-21 16:29:02', 1, '2015-12-10 14:48:30'),
(99, 1, 10, 16, 32, 'Standing and Sitting Dogs', 'standing-and-sitting-dogs', '0', 0.00, '', '', 'products_996_1449738300.jpg', '1', 1, '2015-07-21 16:29:28', 1, '2015-12-10 14:50:00'),
(101, 1, 10, 16, 32, 'Tiger', 'tiger', '0', 0.00, '', '', 'products_621_1449738412.jpg', '1', 1, '2015-07-21 16:30:49', 1, '2015-12-10 14:51:52'),
(102, 1, 11, 1, 33, 'Akabare Pickle', 'akabare-pickle', '0', 0.00, '<p>\n	Akabare Pickle</p>\n', '<p>\n	Akabare Pickle</p>\n', 'products_364_1449654341.jpg', '1', 1, '2015-08-05 09:00:11', 1, '2015-12-09 15:30:41'),
(103, 1, 1, 13, 1, 'Necklace 10', 'necklace-10', '0', 0.00, '', '', 'products_721_1449479540.jpg', '1', 1, '2015-08-25 14:40:56', 1, '2015-12-08 14:35:03'),
(104, 1, 1, 13, 1, 'Necklace 11', 'necklace-11', '0', 0.00, '', '', 'products_194_1449479584.jpg', '1', 1, '2015-08-25 15:11:36', 1, '2015-12-08 14:41:20'),
(105, 1, 1, 13, 1, 'Necklace 12', 'necklace-12', '0', 0.00, '', '', 'products_876_1449479622.jpg', '1', 1, '2015-08-25 15:13:48', 1, '2015-12-08 14:41:40'),
(106, 1, 1, 13, 1, 'Necklace 13', 'necklace-13', '0', 0.00, '', '', 'products_47_1449479714.jpg', '1', 1, '2015-08-25 15:15:42', 1, '2015-12-08 14:42:04'),
(108, 1, 1, 13, 1, 'Necklace 14', 'necklace-14', '0', 0.00, '', '', 'products_412_1449479819.jpg', '1', 1, '2015-08-25 15:17:44', 1, '2015-12-08 14:42:21'),
(115, 1, 4, 4, 37, 'Tissue Cover', 'tissue-cover', '0', 0.00, '', '', 'products_189_1449569930.jpg', '1', 1, '2015-08-25 15:25:22', 1, '2015-12-08 16:03:50'),
(117, 1, 1, 13, 54, 'Broach 1', 'broach-1', '0', 0.00, '', '', 'products_460_1449480365.jpg', '1', 1, '2015-08-25 15:26:11', 1, '2015-12-08 14:45:04'),
(118, 1, 4, 4, 35, 'Envelope', 'envelope', '0', 0.00, '', '', 'products_275_1449641033.jpg', '1', 1, '2015-08-25 15:26:13', 1, '2015-12-09 11:48:53'),
(119, 1, 1, 13, 54, 'Broach 2', 'broach-2', '0', 0.00, '', '', 'products_958_1449480408.jpg', '1', 1, '2015-08-25 15:33:35', 1, '2015-12-08 14:45:13'),
(120, 1, 1, 13, 54, 'Broach 3', 'broach-3', '0', 0.00, '', '', 'products_806_1449480450.jpg', '1', 1, '2015-08-25 15:34:42', 1, '2015-12-08 14:45:26'),
(121, 1, 1, 13, 55, 'Clip 1', 'clip-1', '0', 0.00, '', '', 'products_862_1449480649.jpg', '1', 1, '2015-08-25 15:36:59', 1, '2015-12-08 14:45:49'),
(122, 1, 1, 13, 55, 'Clip 2', 'clip-2', '0', 0.00, '', '', 'products_963_1449480694.jpg', '1', 1, '2015-08-25 15:38:04', 1, '2015-12-08 14:46:00'),
(123, 1, 8, 10, 38, 'Pashmina Hoodie', 'pashmina-hoodie', '0', 0.00, '<div>\n	Size: Medium</div>\n<div>\n	&nbsp;</div>\n<div>\n	Composition: 100% Cashmere</div>\n', '<div>\n	Size: Medium</div>\n<div>\n	&nbsp;</div>\n<div>\n	Composition: 100% Cashmere</div>\n<div>\n	&nbsp;</div>\n<div>\n	Note: Colours can be done according to the buyer&#39;s requirement.&nbsp;</div>\n', 'products_429_1443013461.jpg', '0', 1, '2015-08-25 15:57:10', 2, '2015-09-23 18:49:21'),
(124, 1, 8, 10, 39, 'Muffler 1', 'muffler-1', '0', 0.00, '<p>\n	Muffler 1</p>\n', '<p>\n	Muffler 1</p>\n', 'products_671_1440497848.jpg', '0', 1, '2015-08-25 16:02:29', 0, '0000-00-00 00:00:00'),
(125, 1, 10, 16, 42, 'Coaster 1', 'coaster-1', '0', 0.00, '<p>\n	Coaster 1</p>\n', '<p>\n	Coaster 1</p>\n', 'products_526_1443007169.jpg', '0', 1, '2015-08-25 16:02:33', 2, '2015-09-23 17:04:29'),
(126, 1, 8, 10, 39, 'Loose Knit Scarf', 'loose-knit-scarf', '0', 0.00, '<div>\n	Size: 16&quot;x64&quot;</div>\n<div>\n	&nbsp;</div>\n<div>\n	Composition: 100% Cashmere</div>\n', '<div>\n	Size: 16&quot;x64&quot;</div>\n<div>\n	&nbsp;</div>\n<div>\n	Composition: 100% Cashmere</div>\n<div>\n	&nbsp;</div>\n<div>\n	Note: Colours can be done according to the buyer&#39;s requirement.&nbsp;</div>\n', 'products_51_1449652962.jpg', '1', 1, '2015-08-25 16:03:01', 1, '2015-12-09 15:07:42'),
(127, 1, 8, 10, 39, 'Diamond Scarf', 'diamond-scarf', '0', 0.00, '<div>\n	Size: 12&quot;x60&quot;</div>\n<div>\n	&nbsp;</div>\n<div>\n	Composition: 100% Cashmere</div>\n', '<div>\n	Size: 12&quot;x60&quot;</div>\n<div>\n	&nbsp;</div>\n<div>\n	Composition: 100% Cashmere</div>\n<div>\n	&nbsp;</div>\n<div>\n	Note: Colours can be done according to the buyer&#39;s requirement.&nbsp;</div>\n', 'products_866_1443013533.jpg', '0', 1, '2015-08-25 16:03:28', 2, '2015-09-23 18:50:33'),
(128, 1, 8, 10, 40, 'Pullover 1', 'pullover-1', '0', 0.00, '<p>\n	Pullover 1</p>\n', '<p>\n	Pullover 1</p>\n', 'products_395_1440497943.jpg', '0', 1, '2015-08-25 16:04:03', 0, '0000-00-00 00:00:00'),
(129, 1, 10, 16, 42, 'Coaster 2', 'coaster-2', '0', 0.00, '<p>\n	Coaster 2</p>\n', '<p>\n	Coaster 2</p>\n', 'products_701_1443007196.jpg', '0', 1, '2015-08-25 16:04:06', 2, '2015-09-23 17:04:56'),
(130, 1, 8, 10, 20, 'Shawl 1', 'shawl-1', '0', 0.00, '<p>\n	Shawl 1</p>\n', '<p>\n	Shawl 1</p>\n', 'products_1_1440497980.jpg', '0', 1, '2015-08-25 16:04:41', 0, '0000-00-00 00:00:00'),
(131, 1, 8, 10, 20, 'Shawl 2', 'shawl-2', '0', 0.00, '<p>\n	Shawl 2</p>\n', '<p>\n	Shawl 2</p>\n', 'products_850_1440498011.jpg', '0', 1, '2015-08-25 16:05:11', 0, '0000-00-00 00:00:00'),
(132, 1, 10, 16, 42, 'Coaster 3', 'coaster-3', '0', 0.00, '<p>\n	Coaster 3</p>\n', '<p>\n	Coaster 3</p>\n', 'products_579_1443007219.jpg', '0', 1, '2015-08-25 16:05:38', 2, '2015-09-23 17:05:19'),
(133, 1, 8, 10, 20, 'Shawl 3', 'shawl-3', '0', 0.00, '<p>\n	Shawl 3</p>\n', '<p>\n	Shawl 3</p>\n', 'products_506_1440498042.jpg', '0', 1, '2015-08-25 16:05:42', 0, '0000-00-00 00:00:00'),
(134, 1, 8, 10, 20, 'Shawl 4', 'shawl-4', '0', 0.00, '<p>\n	Shawl 4</p>\n', '<p>\n	Shawl 4</p>\n', 'products_57_1440498087.jpg', '0', 1, '2015-08-25 16:06:27', 0, '0000-00-00 00:00:00'),
(135, 1, 8, 10, 20, 'Shawl 5', 'shawl-5', '0', 0.00, '<p>\n	Shawl 5</p>\n', '<p>\n	Shawl 5</p>\n', 'products_124_1440498123.jpg', '0', 1, '2015-08-25 16:07:03', 0, '0000-00-00 00:00:00'),
(136, 1, 8, 10, 20, 'Shawl 6', 'shawl-6', '0', 0.00, '<p>\n	Shawl 6</p>\n', '<p>\n	Shawl 6</p>\n', 'products_629_1440498156.jpg', '0', 1, '2015-08-25 16:07:37', 0, '0000-00-00 00:00:00'),
(137, 1, 8, 10, 20, 'Shawl 7', 'shawl-7', '0', 0.00, '<p>\n	Shawl 7</p>\n', '<p>\n	Shawl 7</p>\n', 'products_468_1440498196.jpg', '0', 1, '2015-08-25 16:08:16', 0, '0000-00-00 00:00:00'),
(138, 1, 10, 16, 42, 'Coaster 4', 'coaster-4', '0', 0.00, '<p>\n	Coaster 4</p>\n', '<p>\n	Coaster 4</p>\n', 'products_73_1443007265.jpg', '0', 1, '2015-08-25 16:08:20', 2, '2015-09-23 17:06:05'),
(139, 1, 8, 10, 20, 'Shawl 8', 'shawl-8', '0', 0.00, '<p>\n	Shawl 8</p>\n', '<p>\n	Shawl 8</p>\n', 'products_436_1440498232.jpg', '0', 1, '2015-08-25 16:08:52', 0, '0000-00-00 00:00:00'),
(140, 1, 10, 16, 42, 'Coaster 5', 'coaster-5', '0', 0.00, '<p>\n	Coaster 5</p>\n', '<p>\n	Coaster 5</p>\n', 'products_13_1443007279.jpg', '0', 1, '2015-08-25 16:09:03', 2, '2015-09-23 17:06:19'),
(141, 1, 10, 16, 42, 'Coaster 6', 'coaster-6', '0', 0.00, '<p>\n	Coaster 6</p>\n', '<p>\n	Coaster 6</p>\n', 'products_915_1443007293.jpg', '0', 1, '2015-08-25 16:09:45', 2, '2015-09-23 17:06:33'),
(142, 1, 8, 10, 20, 'Shawl 9', 'shawl-9', '0', 0.00, '<p>\n	Shawl 9</p>\n', '<p>\n	Shawl 9</p>\n', 'products_114_1440498292.jpg', '0', 1, '2015-08-25 16:09:52', 0, '0000-00-00 00:00:00'),
(143, 1, 8, 10, 20, 'Shawl 10', 'shawl-10', '0', 0.00, '<p>\n	Shawl 10</p>\n', '<p>\n	Shawl 10</p>\n', 'products_461_1440498358.jpg', '0', 1, '2015-08-25 16:10:58', 0, '0000-00-00 00:00:00'),
(144, 1, 8, 10, 20, 'Shaded Stole', 'shaded-stole', '0', 0.00, '<div>\n	Size: 28&quot;x80&quot;</div>\n<div>\n	&nbsp;</div>\n<div>\n	Composition: 100% Cashmere</div>\n', '<div>\n	Size: 28&quot;x80&quot;</div>\n<div>\n	&nbsp;</div>\n<div>\n	Composition: 100% Cashmere</div>\n<div>\n	&nbsp;</div>\n<div>\n	Note: Colours can be done according to the buyer&#39;s requirement.&nbsp;</div>\n', 'products_392_1449651274.jpg', '1', 1, '2015-08-25 16:11:26', 1, '2015-12-09 14:39:34'),
(146, 1, 10, 16, 43, 'Purse 1', 'purse-1', '0', 0.00, '<p>\n	Purse 1</p>\n', '<p>\n	Purse 1</p>\n', 'products_312_1443009197.jpg', '0', 1, '2015-08-25 16:12:02', 2, '2015-09-23 17:38:17'),
(147, 1, 8, 10, 20, 'Stripe Thick Muffler', 'stripe-thick-muffler', '0', 0.00, '<div>\n	Size: 10&quot;x72&quot;</div>\n<div>\n	&nbsp;</div>\n<div>\n	Composition: 100% Cashmere</div>\n', '<div>\n	Size: 10&quot;x72&quot;</div>\n<div>\n	&nbsp;</div>\n<div>\n	Composition: 100% Cashmere</div>\n<div>\n	&nbsp;</div>\n<div>\n	Note: Colours can be done according to the buyer&#39;s requirement.&nbsp;</div>\n', 'products_609_1443013643.jpg', '0', 1, '2015-08-25 16:12:26', 2, '2015-09-23 18:52:23'),
(148, 1, 10, 16, 43, 'Purse 2', 'purse-2', '0', 0.00, '<p>\n	Purse 2</p>\n', '<p>\n	Purse 2</p>\n', 'products_784_1443009207.jpg', '0', 1, '2015-08-25 16:14:13', 2, '2015-09-23 17:38:27'),
(149, 1, 10, 16, 43, 'Purse 3', 'purse-3', '0', 0.00, '<p>\n	Purse 3</p>\n', '<p>\n	Purse 3</p>\n', 'products_357_1443009220.jpg', '0', 1, '2015-08-25 16:17:03', 2, '2015-09-23 17:38:40'),
(150, 1, 8, 10, 20, '4 Ply Muffler', '4-ply-muffler', '0', 0.00, '<div>\n	Size: 10&quot;x72&quot;</div>\n<div>\n	&nbsp;</div>\n<div>\n	Composition: 100% Cashmere</div>\n', '<div>\n	Size: 10&quot;x72&quot;</div>\n<div>\n	&nbsp;</div>\n<div>\n	Composition: 100% Cashmere</div>\n<div>\n	&nbsp;</div>\n<div>\n	Note: Colours can be done according to the buyer&#39;s requirement.&nbsp;</div>\n', 'products_177_1443013670.jpg', '0', 1, '2015-08-25 16:23:31', 2, '2015-09-23 18:52:50'),
(151, 1, 8, 10, 20, 'Diamond Stole', 'diamond-stole', '0', 0.00, '<div>\n	Size: 28&quot;x80&quot;</div>\n<div>\n	&nbsp;</div>\n<div>\n	Composition: 100% Cashmere</div>\n', '<div>\n	Size: 28&quot;x80&quot;</div>\n<div>\n	&nbsp;</div>\n<div>\n	Composition: 100% Cashmere</div>\n<div>\n	&nbsp;</div>\n<div>\n	Note: Colours can be done according to the buyer&#39;s requirement.&nbsp;</div>\n', 'products_278_1449651910.jpg', '1', 1, '2015-08-25 16:26:18', 1, '2015-12-09 14:50:10'),
(152, 1, 8, 10, 20, 'Vertical Stripe Stole', 'vertical-stripe-stole', '0', 0.00, '<div>\n	Size: 28&quot;x80&quot;</div>\n<div>\n	&nbsp;</div>\n<div>\n	Composition: 100% Cashmere</div>\n<div>\n	&nbsp;</div>\n', '<div>\n	Size: 28&quot;x80&quot;</div>\n<div>\n	&nbsp;</div>\n<div>\n	Composition: 100% Cashmere</div>\n<div>\n	&nbsp;</div>\n<div>\n	Note: Colours can be done according to the buyer&#39;s requirement.&nbsp;</div>\n<div>\n	&nbsp;</div>\n', 'products_125_1449652399.jpg', '1', 1, '2015-08-25 16:26:57', 1, '2015-12-09 14:58:19'),
(153, 1, 8, 10, 20, 'Screen Print Stole', 'screen-print-stole', '0', 0.00, '<div>\n	Size: 28&quot;x80&quot;</div>\n<div>\n	&nbsp;</div>\n<div>\n	Composition: 70% Cashmere 30% Silk</div>\n', '<div>\n	Size: 28&quot;x80&quot;</div>\n<div>\n	&nbsp;</div>\n<div>\n	Composition: 70% Cashmere 30% Silk</div>\n<div>\n	&nbsp;</div>\n<div>\n	Note: Colours can be done according to the buyer&#39;s requirement.&nbsp;</div>\n', 'products_345_1443013741.jpg', '0', 1, '2015-08-25 16:27:33', 2, '2015-09-23 18:54:01'),
(154, 1, 8, 10, 20, 'Leopard Print Stole', 'leopard-print-stole', '0', 0.00, '<div>\n	Size: 28&quot;x80&quot;</div>\n<div>\n	&nbsp;</div>\n<div>\n	Composition: 70% Cashmere 30% Silk</div>\n', '<div>\n	Size: 28&quot;x80&quot;</div>\n<div>\n	&nbsp;</div>\n<div>\n	Composition: 70% Cashmere 30% Silk</div>\n<div>\n	&nbsp;</div>\n<div>\n	Note: Colours can be done according to the buyer&#39;s requirement.&nbsp;</div>\n', 'products_339_1443013762.jpg', '0', 1, '2015-08-25 16:28:04', 2, '2015-09-23 18:54:22'),
(155, 1, 8, 10, 20, 'Winter Rib Stole', 'winter-rib-stole', '0', 0.00, '<div>\n	Size: 28&quot;x80&quot;</div>\n<div>\n	&nbsp;</div>\n<div>\n	Composition: 100% Cashmere</div>\n', '<div>\n	Size: 28&quot;x80&quot;</div>\n<div>\n	&nbsp;</div>\n<div>\n	Composition: 100% Cashmere</div>\n<div>\n	&nbsp;</div>\n<div>\n	Note: Colours can be done according to the buyer&#39;s requirement.&nbsp;</div>\n', 'products_949_1443013783.jpg', '0', 1, '2015-08-25 16:28:32', 2, '2015-09-23 18:54:43'),
(156, 1, 8, 10, 20, 'Tiger Print Stole', 'tiger-print-stole', '0', 0.00, '<div>\n	Size: 28&quot;x80&quot;</div>\n<div>\n	&nbsp;</div>\n<div>\n	Composition: 100% Cashmere</div>\n', '<div>\n	Size: 28&quot;x80&quot;</div>\n<div>\n	&nbsp;</div>\n<div>\n	Composition: 100% Cashmere</div>\n<div>\n	&nbsp;</div>\n<div>\n	Note: Colours can be done according to the buyer&#39;s requirement.&nbsp;</div>\n', 'products_672_1443013814.jpg', '0', 1, '2015-08-25 16:29:06', 2, '2015-09-23 18:55:14'),
(157, 1, 8, 10, 20, 'Pom Pom Shawl', 'pom-pom-shawl', '0', 0.00, '<div>\n	Size: 22&quot;x72&quot;</div>\n<div>\n	&nbsp;</div>\n<div>\n	Composition: 100% Cashmere</div>\n<div>\n	&nbsp;</div>\n', '<div>\n	Size: 22&quot;x72&quot;</div>\n<div>\n	&nbsp;</div>\n<div>\n	Composition: 100% Cashmere</div>\n<div>\n	&nbsp;</div>\n<div>\n	Note: Colours can be done according to the buyer&#39;s requirement.&nbsp;</div>\n<div>\n	&nbsp;</div>\n', 'products_589_1449653064.jpg', '1', 1, '2015-08-25 16:29:38', 1, '2015-12-09 15:09:24'),
(158, 1, 8, 10, 20, 'Ekat Stole', 'ekat-stole', '0', 0.00, '<div>\n	Size: 28&quot;x80&quot;</div>\n<div>\n	&nbsp;</div>\n<div>\n	Composition: 100% Cashmere</div>\n', '<div>\n	Size: 28&quot;x80&quot;</div>\n<div>\n	&nbsp;</div>\n<div>\n	Composition: 100% Cashmere</div>\n<div>\n	&nbsp;</div>\n<div>\n	Note: Colours can be done according to the buyer&#39;s requirement.&nbsp;</div>\n', 'products_713_1443013915.jpg', '0', 1, '2015-08-25 16:30:08', 2, '2015-09-23 18:56:55'),
(159, 1, 8, 10, 20, 'Shawl 23', 'shawl-23', '0', 0.00, '<p>\n	Shawl 23</p>\n', '<p>\n	Shawl 23</p>\n', 'products_479_1440499540.jpg', '0', 1, '2015-08-25 16:30:40', 0, '0000-00-00 00:00:00'),
(160, 1, 8, 10, 20, 'Shawl 24', 'shawl-24', '0', 0.00, '<p>\n	Shawl 24</p>\n', '<p>\n	Shawl 24</p>\n', 'products_6_1440499568.jpg', '0', 1, '2015-08-25 16:31:08', 0, '0000-00-00 00:00:00'),
(161, 1, 8, 10, 25, 'Sweater 1', 'sweater-1', '0', 0.00, '<p>\n	Sweater 1</p>\n', '<p>\n	Sweater 1</p>\n', 'products_214_1440499605.jpg', '0', 1, '2015-08-25 16:31:45', 0, '0000-00-00 00:00:00'),
(162, 1, 8, 10, 41, 'Pashmina Beret Hat', 'pashmina-beret-hat', '0', 0.00, '<div>\n	Size: Free</div>\n<div>\n	&nbsp;</div>\n<div>\n	Composition: 100% Cashmere</div>\n', '<div>\n	Size: Free</div>\n<div>\n	&nbsp;</div>\n<div>\n	Composition: 100% Cashmere</div>\n<div>\n	&nbsp;</div>\n<div>\n	Note: Colours can be done according to the buyer&#39;s requirement.&nbsp;</div>\n', 'products_606_1443013960.jpg', '0', 1, '2015-08-25 16:32:10', 2, '2015-09-23 18:57:40'),
(163, 1, 8, 10, 41, 'Pashmina Double Layer Cap', 'pashmina-double-layer-cap', '0', 0.00, '<div>\n	Size: Free</div>\n<div>\n	&nbsp;</div>\n<div>\n	Composition: 100% Cashmere</div>\n', '<div>\n	Size: Free</div>\n<div>\n	&nbsp;</div>\n<div>\n	Composition: 100% Cashmere</div>\n<div>\n	&nbsp;</div>\n<div>\n	Note: Colours can be done according to the buyer&#39;s requirement.&nbsp;</div>\n', 'products_119_1443013980.jpg', '0', 1, '2015-08-25 16:32:37', 2, '2015-09-23 18:58:01'),
(164, 1, 8, 10, 41, 'Pashmina Pearl Stich Hat', 'pashmina-pearl-stich-hat', '0', 0.00, '<div>\n	Size: Free</div>\n<div>\n	&nbsp;</div>\n<div>\n	Composition: 100% Cashmere</div>\n', '<div>\n	Size: Free</div>\n<div>\n	&nbsp;</div>\n<div>\n	Composition: 100% Cashmere</div>\n<div>\n	&nbsp;</div>\n<div>\n	Note: Colours can be done according to the buyer&#39;s requirement.&nbsp;</div>\n', 'products_34_1443013998.jpg', '0', 1, '2015-08-25 16:35:05', 2, '2015-09-23 18:58:18'),
(165, 1, 3, 6, 3, 'Lapsi Candy', 'lapsi-candy', '0', 0.00, '<div style="color: rgb(33, 33, 33); font-family: wf_segoe-ui_normal, ''Segoe UI'', ''Segoe WP'', Tahoma, Arial, sans-serif; font-size: 15px;">\n	Lapsi Candy:- available in 10 varieties in 250 gm packs</div>\n<div style="color: rgb(33, 33, 33); font-family: wf_segoe-ui_normal, ''Segoe UI'', ''Segoe WP'', Tahoma, Arial, sans-serif; font-size: 15px;">\n	Yellow pack, sweet :- white ball, square and ginger</div>\n<div style="color: rgb(33, 33, 33); font-family: wf_segoe-ui_normal, ''Segoe UI'', ''Segoe WP'', Tahoma, Arial, sans-serif; font-size: 15px;">\n	Green Pack,sweet and spicy :- sugar roll, red ball, chattapata, long pata, and</div>\n<div style="color: rgb(33, 33, 33); font-family: wf_segoe-ui_normal, ''Segoe UI'', ''Segoe WP'', Tahoma, Arial, sans-serif; font-size: 15px;">\n	Red Pack, hot and spicy :- timur, piro</div>\n<div>\n	&nbsp;</div>\n', '', 'products_280_1449570541.jpg', '1', 1, '2015-08-25 16:35:35', 34, '2016-03-31 10:08:19');
INSERT INTO `tbl_products` (`id`, `site_id`, `enterprise_id`, `enterprise_category_id`, `product_category_id`, `product_name`, `product_alias`, `show_product_price`, `product_price`, `product_short_description`, `product_description`, `product_cover_image`, `status`, `created_by`, `created_date`, `updated_by`, `updated_date`) VALUES
(166, 1, 3, 6, 3, 'Sarbotam Pitho', 'sarbotam-pitho', '0', 0.00, '<p>\n	Ready to Eat Health Food</p>\n', '<p>\n	Ingredients: Kodo, Gau, Rice, Bhatta/Soya, Peanuts, Maize, Chana, Juneli.</p>\n', 'products_126_1442984493.jpg', '0', 1, '2015-08-25 16:36:34', 1, '2015-12-09 11:43:59'),
(167, 1, 3, 6, 3, 'Chino (Proso Millet)', 'chino-proso-millet-', '0', 0.00, '<p>\n	Healthy food for a good life!</p>\n', '<div>\n	Nature&#39;s wild grain&quot;Chino&quot; is a highly nutritious food that grows in the high land of Nepal. Easily digestible and gluten free it is rich in minerals, protein and other nutrients.</div>\n<div>\n	&nbsp;</div>\n<div>\n	<strong>Cooking Instructions:-</strong></div>\n<ul>\n	<li>\n		Cook like rice with one cup of water to one cup of grain</li>\n	<li>\n		Can be made into delicious Pulowu, Milk Porridge or can be taken plain like rice.</li>\n</ul>\n<div>\n	&nbsp;</div>\n', 'products_828_1442984393.jpg', '0', 1, '2015-08-25 16:50:01', 2, '2015-09-23 10:44:54'),
(168, 1, 3, 6, 3, 'Garlic Pickle', 'garlic-pickle', '0', 0.00, '<p>\n	Garlic Pickle</p>\n', '<p>\n	Ingredients: Garlic, Chilly, Ginger and spices.</p>\n', 'products_523_1442984408.jpg', '0', 1, '2015-08-25 16:50:55', 2, '2015-09-23 10:45:08'),
(169, 1, 3, 6, 3, 'Juwano (Thyme)', 'juwano-thyme-', '0', 0.00, '<p>\n	Beneficial for cough cold and body ache. Great for post-pregnancy and breast feeding mothers.</p>\n', '<div>\n	Ingredients: Juwano( Thyme), Big and Small Cardamum, Clove and other spices.&nbsp;<br />\n	&nbsp;</div>\n<div>\n	<strong>Recipe: 1</strong></div>\n<ul>\n	<li>\n		Take half a teaspoon of Juwano Masala.</li>\n	<li>\n		Mix it with two glasses of water in a pan, boil for a few minutes or till the mixture reduces a bit.</li>\n	<li>\n		Add salt for taste</li>\n</ul>\n<div>\n	<strong>Recipe: 2</strong></div>\n<ul>\n	<li>\n		Heat one teaspoon of ghee in a pan.</li>\n	<li>\n		Add some cumin, methi, hing and ground ginger</li>\n	<li>\n		Fry the mixture until it turns brown</li>\n	<li>\n		Add one tea spoon of JuwanoMasal, a little turmeric powder, cumin powder and salt to taste</li>\n	<li>\n		Boil the mixture with four glasses of water.</li>\n</ul>\n<div>\n	&nbsp;</div>\n', 'products_868_1442984421.jpg', '0', 1, '2015-08-25 16:52:12', 2, '2015-09-23 10:45:21'),
(170, 1, 3, 6, 3, 'MAHI 2', 'mahi-2', '0', 0.00, '<p>\n	MAHI 2</p>\n', '<p>\n	MAHI 2</p>\n', 'products_623_1442984480.jpg', '0', 1, '2015-08-25 16:53:36', 2, '2015-09-23 10:46:20'),
(172, 2, 2, 11, 2, 'Chicken Curry Masala', 'chicken-curry-masala', '0', 0.00, '', '', 'products_541_1457094099.png', '1', 2, '2015-08-31 12:17:10', 34, '2016-03-04 18:06:39'),
(173, 2, 2, 11, 2, 'Seafood Curry Masala', 'seafood-curry-masala', '0', 0.00, '<p>\n	Combination of spices for seafood curry</p>\n', '<p>\n	Combination of spices for seafood curry</p>\n', 'products_387_1449131966.jpg', '0', 2, '2015-08-31 12:19:42', 1, '2015-12-03 14:24:26'),
(174, 2, 2, 11, 2, 'SHS Masala Mix', 'shs-masala-mix', '0', 0.00, '<p>\n	SHS Special Pack - This is a unique combination of right quantity of 14 spices mixed together in single package.</p>\n', '<p>\n	SHS Special Pack - This is a unique combination of right quantity of 14 spices mixed together in single package. This specially arranged mixture of precooked spices is mainly focused for instant cooking. Also, this mixture can be used for both vegetarian and non vegetarian items with quantity as per your own taste.</p>\n', 'products_88_1449131756.jpg', '0', 2, '2015-08-31 12:20:30', 1, '2015-12-03 14:20:56'),
(175, 2, 2, 11, 2, 'Tea Masala', 'tea-masala', '0', 0.00, '<p>\n	Tea Masala</p>\n', '<p>\n	Tea Masala</p>\n', 'products_220_1449131704.jpg', '0', 2, '2015-08-31 12:21:03', 1, '2015-12-03 14:20:04'),
(176, 2, 2, 11, 2, 'Vegetable Curry Masala', 'vegetable-curry-masala', '0', 0.00, '<p>\n	Combination of spices for 1kg vegetarian curry.</p>\n', '<p>\n	Combination of spices for 1kg vegetarian curry.</p>\n', 'products_562_1449131329.jpg', '0', 2, '2015-08-31 12:21:44', 1, '2015-12-03 14:13:49'),
(177, 1, 10, 16, 31, 'Hat 11', 'hat-11', '0', 0.00, '<p>\n	Hat 11</p>\n', '<p>\n	Hat 11</p>\n', 'products_382_1443008884.jpg', '0', 2, '2015-08-31 14:32:13', 2, '2015-09-23 17:33:04'),
(178, 1, 10, 16, 31, 'Hat 12', 'hat-12', '0', 0.00, '<p>\n	Hat 12</p>\n', '<p>\n	Hat 12</p>\n', 'products_701_1441010886.jpg', '0', 2, '2015-08-31 14:33:06', 2, '2015-09-23 17:35:14'),
(179, 1, 10, 16, 43, 'Purse 4', 'purse-4', '0', 0.00, '<p>\n	Purse 4</p>\n', '<p>\n	Purse 4</p>\n', 'products_764_1443009230.jpg', '0', 2, '2015-08-31 14:34:31', 2, '2015-09-23 17:38:50'),
(180, 1, 10, 16, 43, 'Purse 5', 'purse-5', '0', 0.00, '<p>\n	Purse 5</p>\n', '<p>\n	Purse 5</p>\n', 'products_354_1443009239.jpg', '0', 2, '2015-08-31 14:35:22', 2, '2015-09-23 17:38:59'),
(181, 1, 10, 16, 32, 'Toy 7', 'toy-7', '0', 0.00, '<p>\n	Toy 7</p>\n', '<p>\n	Toy 7</p>\n', 'products_336_1443009560.jpg', '0', 2, '2015-08-31 14:37:06', 2, '2015-09-23 17:44:20'),
(182, 1, 10, 16, 32, 'Toy 8', 'toy-8', '0', 0.00, '<p>\n	Toy 8</p>\n', '<p>\n	Toy 8</p>\n', 'products_383_1443009569.jpg', '0', 2, '2015-08-31 14:37:42', 2, '2015-09-23 17:44:29'),
(183, 1, 10, 16, 32, 'Toy 9', 'toy-9', '0', 0.00, '<p>\n	Toy 9</p>\n', '<p>\n	Toy 9</p>\n', 'products_177_1443009578.jpg', '0', 2, '2015-08-31 14:38:38', 2, '2015-09-23 17:44:38'),
(184, 1, 10, 16, 32, 'Toy 10', 'toy-10', '0', 0.00, '<p>\n	Toy 10</p>\n', '<p>\n	Toy 10</p>\n', 'products_816_1443009596.jpg', '0', 2, '2015-08-31 14:39:08', 2, '2015-09-23 17:44:56'),
(185, 1, 10, 16, 32, 'Toy 11', 'toy-11', '0', 0.00, '<p>\n	Toy 11</p>\n', '<p>\n	Toy 11</p>\n', 'products_228_1443009609.jpg', '0', 2, '2015-08-31 14:39:37', 2, '2015-09-23 17:45:09'),
(186, 1, 10, 16, 32, 'Toy 12', 'toy-12', '0', 0.00, '<p>\n	Toy 12</p>\n', '<p>\n	Toy 12</p>\n', 'products_140_1441011314.jpg', '0', 2, '2015-08-31 14:40:14', 0, '0000-00-00 00:00:00'),
(187, 1, 10, 16, 45, 'Scarf 1', 'scarf-1', '0', 0.00, '<p>\n	Scarf 1</p>\n', '<p>\n	Scarf 1</p>\n', 'products_32_1443009271.jpg', '0', 2, '2015-08-31 14:46:02', 2, '2015-09-23 17:39:31'),
(188, 1, 10, 16, 45, 'Scarf 2', 'scarf-2', '0', 0.00, '<p>\n	Scarf 2</p>\n', '<p>\n	Scarf 2</p>\n', 'products_206_1443009286.jpg', '0', 2, '2015-08-31 14:46:44', 2, '2015-09-23 17:39:46'),
(189, 1, 10, 16, 45, 'Scarf 3', 'scarf-3', '0', 0.00, '<p>\n	Scarf 3</p>\n', '<p>\n	Scarf 3</p>\n', 'products_173_1443009303.jpg', '0', 2, '2015-08-31 14:48:30', 2, '2015-09-23 17:40:03'),
(190, 1, 10, 16, 45, 'Scarf 4', 'scarf-4', '0', 0.00, '<p>\n	Scarf 4</p>\n', '<p>\n	Scarf 4</p>\n', 'products_695_1443009313.jpg', '0', 2, '2015-08-31 14:49:00', 2, '2015-09-23 17:40:13'),
(191, 1, 10, 16, 45, 'Scarf 5', 'scarf-5', '0', 0.00, '<p>\n	Scarf 5</p>\n', '<p>\n	Scarf 5</p>\n', 'products_326_1443009322.jpg', '0', 2, '2015-08-31 14:50:02', 2, '2015-09-23 17:40:22'),
(192, 1, 10, 16, 45, 'Scarf 6', 'scarf-6', '0', 0.00, '<p>\n	Scarf 6</p>\n', '<p>\n	Scarf 6</p>\n', 'products_477_1443009331.jpg', '0', 2, '2015-08-31 14:50:44', 2, '2015-09-23 17:40:31'),
(193, 1, 10, 16, 45, 'Scarf 7', 'scarf-7', '0', 0.00, '<p>\n	Scarf 7</p>\n', '<p>\n	Scarf 7</p>\n', 'products_387_1443009341.jpg', '0', 2, '2015-08-31 14:51:16', 2, '2015-09-23 17:40:41'),
(194, 1, 10, 16, 45, 'Scarf 8', 'scarf-8', '0', 0.00, '<p>\n	Scarf 8</p>\n', '<p>\n	Scarf 8</p>\n', 'products_479_1443009353.jpg', '0', 2, '2015-08-31 14:51:39', 2, '2015-09-23 17:40:53'),
(195, 1, 10, 16, 45, 'Scarf 9', 'scarf-9', '0', 0.00, '<p>\n	Scarf 9</p>\n', '<p>\n	Scarf 9</p>\n', 'products_968_1443009361.jpg', '0', 2, '2015-08-31 14:52:03', 2, '2015-09-23 17:41:01'),
(196, 1, 12, 2, 12, 'Candle 1', 'candle-1', '0', 0.00, '', '', 'products_345_1449655163.jpg', '1', 2, '2015-09-01 17:03:26', 1, '2015-12-09 15:44:23'),
(197, 1, 12, 2, 12, 'Cylinder Candle 1', 'cylinder-candle-1', '0', 0.00, '', '', 'products_354_1449654629.jpg', '1', 2, '2015-09-01 17:03:47', 1, '2015-12-09 15:37:40'),
(198, 1, 12, 2, 12, 'Cylinder Candle 2', 'cylinder-candle-2', '0', 0.00, '', '', 'products_478_1449654738.jpg', '1', 2, '2015-09-01 17:04:14', 1, '2015-12-09 15:37:18'),
(199, 1, 12, 2, 12, 'Scented Candle', 'scented-candle', '0', 0.00, '', '', 'products_309_1449654833.jpg', '1', 2, '2015-09-01 17:04:38', 1, '2015-12-09 15:38:53'),
(200, 1, 12, 2, 12, 'Bee Wax Candle', 'bee-wax-candle', '0', 0.00, '', '', 'products_881_1449654889.jpg', '1', 2, '2015-09-01 17:05:15', 1, '2015-12-09 15:39:49'),
(201, 1, 12, 2, 12, 'Cube Candle', 'cube-candle', '0', 0.00, '', '', 'products_510_1449655091.jpg', '1', 2, '2015-09-01 17:05:43', 1, '2015-12-09 15:43:11'),
(202, 1, 12, 2, 12, 'Egg Candle', 'egg-candle', '0', 0.00, '', '', 'products_606_1449655214.jpg', '1', 2, '2015-09-01 17:06:04', 1, '2015-12-09 15:45:14'),
(203, 1, 12, 2, 12, 'Floral Candle', 'floral-candle', '0', 0.00, '', '', 'products_355_1449655270.jpg', '1', 2, '2015-09-01 17:06:26', 1, '2015-12-09 15:46:10'),
(204, 1, 12, 2, 12, 'Candle 2', 'candle-2', '0', 0.00, '', '', 'products_216_1449655312.jpg', '1', 2, '2015-09-01 17:06:51', 1, '2015-12-09 15:46:53'),
(205, 1, 12, 2, 12, 'Big Bowl', 'big-bowl', '0', 0.00, '', '', 'products_663_1449655457.jpg', '1', 2, '2015-09-01 17:07:20', 1, '2015-12-09 15:49:17'),
(206, 1, 12, 2, 12, 'Small Bowl', 'small-bowl', '0', 0.00, '', '', 'products_634_1449655579.jpg', '1', 2, '2015-09-01 17:07:50', 1, '2015-12-09 15:51:19'),
(207, 1, 12, 2, 12, 'Micro Bowl', 'micro-bowl', '0', 0.00, '', '', 'products_764_1449655624.jpg', '1', 2, '2015-09-01 17:08:17', 1, '2015-12-09 15:52:04'),
(208, 1, 12, 2, 12, 'Steel Bowl', 'steel-bowl', '0', 0.00, '', '', 'products_326_1449655667.jpg', '1', 2, '2015-09-01 17:08:45', 1, '2015-12-09 15:52:47'),
(209, 1, 12, 2, 12, 'Candle Case', 'candle-case', '0', 0.00, '', '', 'products_849_1449655705.jpg', '1', 2, '2015-09-01 17:09:10', 1, '2015-12-09 15:53:25'),
(210, 1, 12, 2, 12, 'Candle 15', 'candle-15', '0', 0.00, '<p>\n	Candle 15</p>\n', '<p>\n	Candle 15</p>\n', 'products_304_1444381014.jpg', '0', 2, '2015-09-01 17:09:35', 2, '2015-10-09 14:41:54'),
(211, 1, 12, 2, 12, 'Candle 16', 'candle-16', '0', 0.00, '<p>\n	Candle 16</p>\n', '<p>\n	Candle 16</p>\n', 'products_247_1444381053.jpg', '0', 2, '2015-09-01 17:10:07', 2, '2015-10-09 14:42:33'),
(212, 1, 12, 2, 12, 'Candle 17', 'candle-17', '0', 0.00, '<p>\n	Candle 17</p>\n', '<p>\n	Candle 17</p>\n', 'products_828_1444381070.jpg', '0', 2, '2015-09-01 17:10:28', 2, '2015-10-09 14:42:50'),
(213, 1, 12, 2, 12, 'Candle 18', 'candle-18', '0', 0.00, '<p>\n	Candle 18</p>\n', '<p>\n	Candle 18</p>\n', 'products_226_1444381082.jpg', '0', 2, '2015-09-01 17:12:46', 2, '2015-10-09 14:43:02'),
(214, 1, 12, 2, 12, 'Candle 19', 'candle-19', '0', 0.00, '<p>\n	Candle 19</p>\n', '<p>\n	Candle 19</p>\n', 'products_102_1444381093.jpg', '0', 2, '2015-09-01 17:13:10', 2, '2015-10-09 14:43:13'),
(215, 1, 12, 2, 12, 'Candle 20', 'candle-20', '0', 0.00, '<p>\n	Candle 20</p>\n', '<p>\n	Candle 20</p>\n', 'products_729_1444381125.jpg', '0', 2, '2015-09-01 17:13:32', 2, '2015-10-09 14:43:45'),
(216, 1, 12, 2, 12, 'Candle 21', 'candle-21', '0', 0.00, '<p>\n	Candle 21</p>\n', '<p>\n	Candle 21</p>\n', 'products_309_1444381135.jpg', '0', 2, '2015-09-01 17:13:54', 2, '2015-10-09 14:43:55'),
(217, 1, 12, 2, 12, 'Candle 22', 'candle-22', '0', 0.00, '<p>\n	Candle 22</p>\n', '<p>\n	Candle 22</p>\n', 'products_291_1444381147.jpg', '0', 2, '2015-09-01 17:14:22', 2, '2015-10-09 14:44:07'),
(218, 1, 12, 2, 12, 'Candle 23', 'candle-23', '0', 0.00, '<p>\n	Candle 23</p>\n', '<p>\n	Candle 23</p>\n', 'products_350_1444381157.jpg', '0', 2, '2015-09-01 17:14:49', 2, '2015-10-09 14:44:17'),
(219, 1, 10, 16, 46, 'Christmas Ornament 1', 'christmas-ornament-1', '0', 0.00, '<p>\n	Christmas Ornament 1</p>\n', '<p>\n	Christmas Ornament 1</p>\n', 'products_921_1442984975.jpg', '0', 2, '2015-09-23 10:54:35', 0, '0000-00-00 00:00:00'),
(220, 1, 10, 16, 46, 'Christmas Ornaments 2', 'christmas-ornaments-2', '0', 0.00, '<p>\n	Christmas Ornaments 2</p>\n', '<p>\n	Christmas Ornaments 2</p>\n', 'products_933_1442985210.jpg', '0', 2, '2015-09-23 10:58:30', 0, '0000-00-00 00:00:00'),
(221, 1, 10, 16, 46, 'Christmas Ornaments 3', 'christmas-ornaments-3', '0', 0.00, '<p>\n	Christmas Ornaments 3</p>\n', '<p>\n	Christmas Ornaments 3</p>\n', 'products_274_1442985238.jpg', '0', 2, '2015-09-23 10:58:58', 0, '0000-00-00 00:00:00'),
(222, 1, 10, 16, 46, 'Christmas Ornaments 4', 'christmas-ornaments-4', '0', 0.00, '<p>\n	Christmas Ornaments 4</p>\n', '<p>\n	Christmas Ornaments 4</p>\n', 'products_144_1442985279.jpg', '0', 2, '2015-09-23 10:59:39', 0, '0000-00-00 00:00:00'),
(223, 1, 10, 16, 42, 'Coaster 7', 'coaster-7', '0', 0.00, '<p>\n	Coaster 7</p>\n', '<p>\n	Coaster 7</p>\n', 'products_121_1443007370.jpg', '0', 2, '2015-09-23 17:07:50', 0, '0000-00-00 00:00:00'),
(224, 1, 10, 16, 47, 'Easter Product 1', 'easter-product-1', '0', 0.00, '<p>\n	Easter Product 1</p>\n', '<p>\n	Easter Product 1</p>\n', 'products_566_1443008194.jpg', '0', 2, '2015-09-23 17:21:34', 0, '0000-00-00 00:00:00'),
(225, 1, 10, 16, 48, 'Hair Accesories 1', 'hair-accesories-1', '0', 0.00, '<p>\n	Hair Accesories 1</p>\n', '<p>\n	Hair Accesories 1</p>\n', 'products_473_1443008272.jpg', '0', 2, '2015-09-23 17:22:52', 0, '0000-00-00 00:00:00'),
(226, 1, 10, 16, 48, 'Hair Accesories 2', 'hair-accesories-2', '0', 0.00, '<p>\n	Hair Accesories 2</p>\n', '<p>\n	Hair Accesories 2</p>\n', 'products_5_1443008302.jpg', '0', 2, '2015-09-23 17:23:22', 0, '0000-00-00 00:00:00'),
(227, 1, 10, 16, 48, 'Hair Accesories 3', 'hair-accesories-3', '0', 0.00, '<p>\n	Hair Accesories 3</p>\n', '<p>\n	Hair Accesories 3</p>\n', 'products_231_1443008564.jpg', '0', 2, '2015-09-23 17:27:44', 0, '0000-00-00 00:00:00'),
(228, 1, 10, 16, 48, 'Hair Accesories 4', 'hair-accesories-4', '0', 0.00, '<p>\n	Hair Accesories 4</p>\n', '<p>\n	Hair Accesories 4</p>\n', 'products_144_1443008647.jpg', '0', 2, '2015-09-23 17:29:07', 0, '0000-00-00 00:00:00'),
(229, 1, 10, 16, 48, 'Hair Accesories 5', 'hair-accesories-5', '0', 0.00, '<p>\n	Hair Accesories 5</p>\n', '<p>\n	Hair Accesories 5</p>\n', 'products_763_1443008687.jpg', '0', 2, '2015-09-23 17:29:47', 0, '0000-00-00 00:00:00'),
(230, 1, 10, 16, 48, 'Hair Accesories 6', 'hair-accesories-6', '0', 0.00, '<p>\n	Hair Accesories 6</p>\n', '<p>\n	Hair Accesories 6</p>\n', 'products_854_1443008707.jpg', '0', 2, '2015-09-23 17:30:07', 0, '0000-00-00 00:00:00'),
(231, 1, 10, 16, 48, 'Hair Accesories 7', 'hair-accesories-7', '0', 0.00, '<p>\n	Hair Accesories 7</p>\n', '<p>\n	Hair Accesories 7</p>\n', 'products_264_1443008729.jpg', '0', 2, '2015-09-23 17:30:29', 0, '0000-00-00 00:00:00'),
(232, 1, 10, 16, 16, 'Mat 1', 'mat-1', '0', 0.00, '<p>\n	Mat 1</p>\n', '<p>\n	Mat 1</p>\n', 'products_267_1443009056.jpg', '1', 2, '2015-09-23 17:35:56', 0, '0000-00-00 00:00:00'),
(233, 1, 10, 16, 16, 'Mat 2', 'mat-2', '0', 0.00, '<p>\n	Mat 2</p>\n', '<p>\n	Mat 2</p>\n', 'products_221_1443009083.jpg', '1', 2, '2015-09-23 17:36:23', 0, '0000-00-00 00:00:00'),
(234, 1, 10, 16, 50, 'Pillow 1', 'pillow-1', '0', 0.00, '<p>\n	Pillow 1</p>\n', '<p>\n	Pillow 1</p>\n', 'products_900_1443009176.jpg', '0', 2, '2015-09-23 17:37:56', 0, '0000-00-00 00:00:00'),
(235, 1, 10, 16, 51, 'Shoes 1', 'shoes-1', '0', 0.00, '<p>\n	Shoes 1</p>\n', '<p>\n	Shoes 1</p>\n', 'products_563_1443009392.jpg', '0', 2, '2015-09-23 17:41:32', 0, '0000-00-00 00:00:00'),
(236, 1, 10, 16, 51, 'Shoes 2', 'shoes-2', '0', 0.00, '<p>\n	Shoes 2</p>\n', '<p>\n	Shoes 2</p>\n', 'products_914_1443009418.jpg', '0', 2, '2015-09-23 17:41:58', 0, '0000-00-00 00:00:00'),
(237, 1, 10, 16, 51, 'Shoes 3', 'shoes-3', '0', 0.00, '<p>\n	Shoes 3</p>\n', '<p>\n	Shoes 3</p>\n', 'products_721_1443009443.jpg', '0', 2, '2015-09-23 17:42:23', 0, '0000-00-00 00:00:00'),
(238, 1, 10, 16, 51, 'Shoes 4', 'shoes-4', '0', 0.00, '<p>\n	Shoes 4</p>\n', '<p>\n	Shoes 4</p>\n', 'products_361_1443009466.jpg', '0', 2, '2015-09-23 17:42:46', 0, '0000-00-00 00:00:00'),
(239, 1, 10, 16, 52, 'Windcharm 1', 'windcharm-1', '0', 0.00, '<p>\n	Windcharm 1</p>\n', '<p>\n	Windcharm 1</p>\n', 'products_530_1443009661.jpg', '0', 2, '2015-09-23 17:46:01', 0, '0000-00-00 00:00:00'),
(240, 1, 4, 4, 36, 'Paper Threads', 'paper-threads', '0', 0.00, '', '', 'products_828_1449570066.jpg', '1', 2, '2015-09-23 19:54:33', 1, '2015-12-08 16:06:06'),
(241, 3, 13, 10, 53, 'Banarasi Silk Saree', 'banarasi-silk-saree', '0', 0.00, '<p>\r\n	Black with green border</p>\r\n', '<p>\r\n	Black with green border</p>\r\n', 'products_568_1449058277.jpg', '1', 2, '2015-09-23 20:07:44', 1, '2015-12-02 17:56:17'),
(242, 3, 13, 10, 53, 'JnSs (Subha)', 'jnss-subha-', '0', 0.00, '<div>\n	Color: Black with orange border</div>\n<div>\n	Material: Ciffon</div>\n<div>\n	Saree no. A-1323</div>\n', '<div>\n	Color: Black with orange border</div>\n<div>\n	Material: Ciffon</div>\n<div>\n	Saree no. A-1323</div>\n', 'products_728_1449124732.jpg', '1', 2, '2015-09-23 20:09:21', 1, '2015-12-03 12:23:52'),
(243, 3, 13, 10, 53, 'JnS Creap Silk', 'jns-creap-silk', '0', 0.00, '<p>\n	JnS Creap Silk</p>\n', '<p>\n	JnS Creap Silk</p>\n', 'products_63_1449204457.jpg', '1', 2, '2015-09-23 20:10:33', 1, '2015-12-04 10:32:37'),
(244, 3, 13, 10, 53, 'JnS Indian Ciffon', 'jns-indian-ciffon', '0', 0.00, '<p>\n	JnS Indian Ciffon</p>\n', '<p>\n	JnS Indian Ciffon</p>\n', 'products_456_1449205770.jpg', '1', 2, '2015-09-24 09:54:40', 1, '2015-12-04 10:54:30'),
(245, 3, 13, 10, 53, 'Heavy Saree', 'heavy-saree', '0', 0.00, '<p>\n	Heavy Saree</p>\n', '<p>\n	Heavy Saree</p>\n', 'products_735_1449205831.jpg', '1', 2, '2015-09-24 09:56:51', 1, '2015-12-04 10:55:31'),
(246, 3, 13, 10, 53, 'Heavy Saree 2', 'heavy-saree-2', '0', 0.00, '<p>\n	Heavy Saree 2</p>\n', '<p>\n	Heavy Saree 2</p>\n', 'products_633_1449205867.jpg', '1', 2, '2015-09-24 09:59:58', 1, '2015-12-04 10:56:07'),
(247, 3, 13, 10, 53, 'Jn (Subha)', 'jns-subha-', '0', 0.00, '<div>\n	Color: Red orange<br>\n	Material: Pure Georgette</div>\n', '<div>\n	Color: Red orange</div>\n<div>\n	Material: Pure Georgette</div>\n<div>\n	&nbsp;</div>\n', 'products_867_1449124767.jpg', '1', 2, '2015-09-24 10:02:46', 1, '2015-12-04 10:31:13'),
(248, 3, 13, 10, 53, 'Saree 1', 'saree-1', '0', 0.00, '<p>\n	Saree 1</p>\n', '<p>\n	Saree 1</p>\n', 'products_175_1449205075.jpg', '1', 2, '2015-09-24 10:04:18', 1, '2015-12-04 10:42:55'),
(249, 3, 13, 10, 53, 'Saree 2', 'saree-2', '0', 0.00, '<p>\n	Saree 2</p>\n', '<p>\n	Saree 2</p>\n', 'products_65_1449205092.jpg', '1', 2, '2015-09-24 10:05:34', 1, '2015-12-04 10:43:12'),
(250, 3, 13, 10, 53, 'Saree 3', 'saree-3', '0', 0.00, '<p>\n	Saree 3</p>\n', '<p>\n	Saree 3</p>\n', 'products_824_1449205113.jpg', '1', 2, '2015-09-24 10:06:15', 1, '2015-12-04 10:43:33'),
(251, 3, 13, 10, 53, 'Saree 4', 'saree-4', '0', 0.00, '<p>\n	Saree 4</p>\n', '<p>\n	Saree 4</p>\n', 'products_144_1449205139.jpg', '1', 2, '2015-09-24 10:15:35', 1, '2015-12-04 10:44:00'),
(252, 3, 13, 10, 53, 'Saree 5', 'saree-5', '0', 0.00, '<p>\n	Saree 5</p>\n', '<p>\n	Saree 5</p>\n', 'products_45_1449205154.jpg', '1', 2, '2015-09-24 10:16:01', 1, '2015-12-04 10:44:14'),
(253, 3, 13, 10, 53, 'JnS (Moon-Moon)', 'jns-moon-moon-', '0', 0.00, '<p>\n	JnS (Moon-Moon)</p>\n', '<p>\n	JnS (Moon-Moon)</p>\n', 'products_582_1449207998.jpg', '1', 2, '2015-09-24 10:18:36', 1, '2015-12-04 11:31:38'),
(254, 3, 13, 10, 53, 'JnS (Rakhi)', 'jns-rakhi-', '0', 0.00, '<div>\n	Color: Yellow</div>\n<div>\n	Materials: Tasari Silk</div>\n<div>\n	Saree no. R/144</div>\n', '<div>\n	Color: Yellow</div>\n<div>\n	Materials: Tasari Silk</div>\n<div>\n	Saree no. R/144</div>\n', 'products_508_1449208040.jpg', '1', 2, '2015-09-24 12:28:40', 1, '2015-12-04 11:32:20'),
(255, 3, 13, 10, 53, 'JnS (Vishal)', 'jns-vishal-', '0', 0.00, '<div>\r\n	Color: Black with red border</div>\r\n<div>\r\n	Saree no. 33215</div>\r\n<div>\r\n	&nbsp;</div>\r\n', '<div>\r\n	Color: Black with red border</div>\r\n<div>\r\n	Saree no. 33215</div>\r\n<div>\r\n	&nbsp;</div>\r\n', 'products_147_1449058424.jpg', '1', 2, '2015-09-24 12:29:57', 1, '2015-12-02 17:58:44'),
(256, 3, 13, 10, 53, 'JnSs', 'jnss', '0', 0.00, '<div>\n	Color: Royal blue with golden border</div>\n<div>\n	Material: Indian Ciffon</div>\n<div>\n	&nbsp;</div>\n', '<div>\n	Color: Royal blue with golden border</div>\n<div>\n	Material: Indian Ciffon</div>\n<div>\n	&nbsp;</div>\n', 'products_527_1449124980.jpg', '1', 2, '2015-09-24 12:31:09', 1, '2015-12-03 12:28:00'),
(257, 3, 13, 10, 53, 'JnS', 'jns', '0', 0.00, '<div>\n	Color: Black &amp; Red</div>\n<div>\n	Material: Indian ciffon</div>\n<div>\n	&nbsp;</div>\n', '<div>\n	Color: Black &amp; Red</div>\n<div>\n	Material: Indian ciffon</div>\n<div>\n	&nbsp;</div>\n', 'products_593_1449132606.jpg', '1', 2, '2015-09-24 12:32:31', 1, '2015-12-03 14:35:06'),
(258, 3, 13, 10, 53, 'JnS (Subha)', 'jns-subha-', '0', 0.00, '<div>\n	Color: Black &amp; Red</div>\n<div>\n	Material: Pure Georgette</div>\n<div>\n	Saree no. JDUIVA 17/4002</div>\n', '<div>\n	Color: Black &amp; Red</div>\n<div>\n	Material: Pure Georgette</div>\n<div>\n	Saree no. JDUIVA 17/4002</div>\n', 'products_489_1449133038.jpg', '1', 2, '2015-09-24 12:33:52', 1, '2015-12-03 14:42:18'),
(259, 3, 13, 10, 53, 'SVv', 'svv', '0', 0.00, '<div>\n	Color: Red with diamond golden border</div>\n<div>\n	Material: Indian ciffon</div>\n<div>\n	Saree no: 001</div>\n<div>\n	&nbsp;</div>\n', '<div>\n	Color: Red with diamond golden border</div>\n<div>\n	Material: Indian ciffon</div>\n<div>\n	Saree no: 001</div>\n<div>\n	&nbsp;</div>\n', 'products_558_1449133006.jpg', '1', 2, '2015-09-24 12:35:07', 1, '2015-12-03 14:41:46'),
(260, 3, 13, 10, 53, 'SV', 'sv', '0', 0.00, '<div>\r\n	Color: Red with golden border</div>\r\n<div>\r\n	Material: Indian ciffon</div>\r\n<div>\r\n	Saree no: 003</div>\r\n<div>\r\n	&nbsp;</div>\r\n', '<div>\r\n	Color: Red with golden border</div>\r\n<div>\r\n	Material: Indian ciffon</div>\r\n<div>\r\n	Saree no: 003</div>\r\n<div>\r\n	&nbsp;</div>\r\n', 'products_615_1449058347.jpg', '1', 2, '2015-09-24 12:35:49', 1, '2015-12-02 17:57:27'),
(261, 3, 13, 10, 53, 'Vishal IIFA', 'vishal-iifa', '0', 0.00, '<div>\n	Color: Grey and black</div>\n<div>\n	Material: Indian ciffon</div>\n<div>\n	Saree no. 2556</div>\n<div>\n	&nbsp;</div>\n', '<div>\n	Color: Grey and black</div>\n<div>\n	Material: Indian ciffon</div>\n<div>\n	Saree no. 2556</div>\n<div>\n	&nbsp;</div>\n', 'products_432_1449125090.jpg', '1', 2, '2015-09-24 12:36:47', 1, '2015-12-03 12:29:50'),
(262, 3, 13, 10, 53, 'Saree 6', 'saree-6', '0', 0.00, '<p>\n	Saree 6</p>\n', '<p>\n	Saree 6</p>\n', 'products_163_1449125053.jpg', '1', 2, '2015-09-24 12:37:24', 1, '2015-12-03 12:29:13'),
(263, 3, 13, 10, 53, 'New Sari 1', 'new-sari-1', '0', 0.00, '<p>\n	short description is featured products in the website.</p>\n', '<p>\n	product description</p>\n', 'products_375_1449125138.jpg', '1', 1, '2015-11-19 15:21:41', 1, '2015-12-04 10:53:32'),
(264, 3, 13, 10, 53, 'new saree 2', 'new-saree-2', '0', 0.00, '<p>\n	short description</p>\n', '<p>\n	description</p>\n', 'products_87_1449123313.jpg', '1', 31, '2015-11-19 15:22:37', 1, '2015-12-03 12:00:13'),
(267, 1, 8, 10, 18, 'Stripped stole', 'stripped-stole', '0', 0.00, '', '', 'products_461_1449652478.jpg', '1', 1, '2015-12-07 13:10:59', 1, '2015-12-09 14:59:38'),
(268, 1, 1, 13, 4, 'Earring 1', 'earring-1', '0', 0.00, '', '', 'products_58_1449562039.jpg', '1', 1, '2015-12-08 13:52:19', 1, '2015-12-08 14:46:24'),
(269, 1, 1, 13, 4, 'Earring 2', 'earring-2', '0', 0.00, '', '', 'products_145_1449562104.jpg', '1', 1, '2015-12-08 13:53:24', 1, '2015-12-08 14:46:34'),
(270, 1, 1, 13, 4, 'Earring 3', 'earring-3', '0', 0.00, '', '', 'products_385_1449562137.jpg', '1', 1, '2015-12-08 13:53:57', 1, '2015-12-08 14:46:46'),
(271, 1, 1, 13, 4, 'Earring 4', 'earring-4', '0', 0.00, '', '', 'products_205_1449562190.jpg', '1', 1, '2015-12-08 13:54:50', 1, '2015-12-08 14:47:04'),
(272, 1, 1, 13, 4, 'Earring 5', 'earring-5', '0', 0.00, '', '', 'products_468_1449562227.jpg', '1', 1, '2015-12-08 13:55:27', 1, '2015-12-08 14:47:17'),
(273, 1, 1, 13, 4, 'Earring 6', 'earring-6', '0', 0.00, '', '', 'products_944_1449562283.jpg', '1', 1, '2015-12-08 13:56:23', 1, '2015-12-08 14:47:36'),
(274, 1, 1, 13, 4, 'Earring 7', 'earring-7', '0', 0.00, '', '', 'products_11_1449562313.jpg', '1', 1, '2015-12-08 13:56:53', 1, '2015-12-08 14:47:49'),
(275, 1, 1, 13, 4, 'Earring 8', 'earring-8', '0', 0.00, '', '', 'products_595_1449562369.jpg', '1', 1, '2015-12-08 13:57:49', 1, '2015-12-08 14:48:00'),
(276, 1, 1, 13, 4, 'Earring 9', 'earring-9', '0', 0.00, '', '', 'products_56_1449562478.jpg', '1', 1, '2015-12-08 13:59:38', 1, '2015-12-08 14:48:11'),
(277, 1, 1, 13, 4, 'Earring 10', 'earring-10', '0', 0.00, '', '', 'products_825_1449562514.jpg', '1', 1, '2015-12-08 14:00:14', 1, '2015-12-08 14:48:24'),
(278, 1, 1, 13, 4, 'Earring 11', 'earring-11', '0', 0.00, '', '', 'products_527_1449562551.jpg', '1', 1, '2015-12-08 14:00:51', 1, '2015-12-08 14:48:59'),
(279, 1, 1, 13, 4, 'Earring 12', 'earring-12', '0', 0.00, '', '', 'products_751_1449562617.jpg', '1', 1, '2015-12-08 14:01:57', 1, '2015-12-08 14:49:11'),
(280, 1, 1, 13, 4, 'Earring 13', 'earring-13', '0', 0.00, '', '', 'products_204_1449562648.jpg', '1', 1, '2015-12-08 14:02:28', 1, '2015-12-08 14:49:22'),
(281, 1, 1, 13, 4, 'Earring 14', 'earring-14', '0', 0.00, '', '', 'products_908_1449562770.jpg', '1', 1, '2015-12-08 14:04:30', 1, '2015-12-08 14:48:44'),
(282, 1, 1, 13, 45, 'Flower ring', 'flower-ring', '0', 0.00, '', '', 'products_786_1449562878.jpg', '1', 1, '2015-12-08 14:06:19', 0, '0000-00-00 00:00:00'),
(283, 1, 1, 13, 56, 'Wire Ring', 'wire-ring', '0', 0.00, '', '', 'products_84_1449562914.jpg', '1', 1, '2015-12-08 14:06:54', 0, '0000-00-00 00:00:00'),
(284, 1, 1, 13, 56, 'Flower Ring', 'flower-ring', '0', 0.00, '', '', 'products_925_1449563019.jpg', '1', 1, '2015-12-08 14:08:39', 1, '2015-12-08 14:09:39'),
(285, 1, 1, 13, 42, 'Coaster Set', 'coaster-set', '0', 0.00, '', '', 'products_111_1449563214.jpg', '1', 1, '2015-12-08 14:11:54', 1, '2015-12-08 14:56:38'),
(286, 1, 1, 13, 22, 'Crocker Set', 'crocker-set', '0', 0.00, '', '', 'products_312_1449563261.jpg', '1', 1, '2015-12-08 14:12:41', 0, '0000-00-00 00:00:00'),
(287, 1, 1, 13, 22, 'Necklace and Earrings Set 1', 'necklace-and-earrings-set-1', '0', 0.00, '', '', 'products_991_1449563887.jpg', '1', 1, '2015-12-08 14:23:07', 1, '2015-12-08 14:42:55'),
(288, 1, 1, 13, 22, 'Necklace and Earrings Set 2', 'necklace-and-earrings-set-2', '0', 0.00, '', '', 'products_801_1449564117.jpg', '1', 1, '2015-12-08 14:26:57', 1, '2015-12-08 14:43:07'),
(291, 1, 1, 13, 22, 'Necklace and Earrings Set 3', 'necklace-and-earrings-set-3', '0', 0.00, '', '', 'products_244_1449564283.jpg', '1', 1, '2015-12-08 14:29:43', 1, '2015-12-08 14:43:26'),
(292, 1, 1, 13, 22, 'Necklace and Earrings Set 4', 'necklace-and-earrings-set-4', '0', 0.00, '', '', 'products_730_1449564322.jpg', '1', 1, '2015-12-08 14:30:22', 1, '2015-12-08 14:43:49'),
(293, 1, 1, 13, 22, 'Necklace and Earrings Set 5', 'necklace-and-earrings-set-5', '0', 0.00, '', '', 'products_503_1449564367.jpg', '1', 1, '2015-12-08 14:31:07', 1, '2015-12-08 14:44:01'),
(294, 1, 1, 13, 34, 'Necklace 1', 'necklace-1', '0', 0.00, '', '', 'products_254_1449564698.jpg', '1', 1, '2015-12-08 14:36:38', 0, '0000-00-00 00:00:00'),
(295, 1, 1, 13, 1, 'Necklace 1', 'necklace-1', '0', 0.00, '', '', 'products_709_1449564796.jpg', '1', 1, '2015-12-08 14:38:16', 0, '0000-00-00 00:00:00'),
(296, 1, 1, 13, 22, 'Necklace and Earrings Set 6', 'necklace-and-earrings-set-6', '0', 0.00, '', '', 'products_609_1449565526.jpg', '1', 1, '2015-12-08 14:50:27', 0, '0000-00-00 00:00:00'),
(297, 1, 1, 13, 22, 'Necklace and Earrings Set 7', 'necklace-and-earrings-set-7', '0', 0.00, '', '', 'products_5_1449565589.jpg', '1', 1, '2015-12-08 14:51:29', 0, '0000-00-00 00:00:00'),
(298, 1, 1, 13, 1, 'Net Chocker', 'net-chocker', '0', 0.00, '', '', 'products_319_1449565677.jpg', '1', 1, '2015-12-08 14:52:57', 0, '0000-00-00 00:00:00'),
(299, 1, 1, 13, 3, 'Bangles', 'bangles', '0', 0.00, '', '', 'products_966_1449565966.jpg', '1', 1, '2015-12-08 14:57:46', 0, '0000-00-00 00:00:00'),
(300, 1, 1, 13, 57, 'Bangles', 'bangles', '0', 0.00, '', '', 'products_451_1449566036.jpg', '1', 1, '2015-12-08 14:58:56', 0, '0000-00-00 00:00:00'),
(301, 1, 1, 13, 22, 'Necklace and Earrings Set 8', 'necklace-and-earrings-set-8', '0', 0.00, '', '', 'products_82_1449566123.jpg', '1', 1, '2015-12-08 15:00:23', 0, '0000-00-00 00:00:00'),
(302, 1, 1, 13, 22, 'Necklace and Earrings Set 9', 'necklace-and-earrings-set-9', '0', 0.00, '', '', 'products_221_1449566182.jpg', '1', 1, '2015-12-08 15:01:22', 0, '0000-00-00 00:00:00'),
(303, 1, 1, 13, 22, 'Necklace and Earrings Set 10', 'necklace-and-earrings-set-10', '0', 0.00, '', '', 'products_198_1449566397.jpg', '1', 1, '2015-12-08 15:04:57', 0, '0000-00-00 00:00:00'),
(304, 1, 1, 13, 22, 'Necklace and Earrings Set 11', 'necklace-and-earrings-set-11', '0', 0.00, '', '', 'products_791_1449566440.jpg', '1', 1, '2015-12-08 15:05:40', 0, '0000-00-00 00:00:00'),
(305, 1, 1, 13, 22, 'Necklace and Earrings Set 12', 'necklace-and-earrings-set-12', '0', 0.00, '', '', 'products_935_1449566515.jpg', '1', 1, '2015-12-08 15:06:55', 0, '0000-00-00 00:00:00'),
(306, 1, 1, 13, 22, 'Necklace and Earrings Set 13', 'necklace-and-earrings-set-13', '0', 0.00, '', '', 'products_458_1449566586.jpg', '1', 1, '2015-12-08 15:08:06', 0, '0000-00-00 00:00:00'),
(307, 1, 1, 13, 22, 'Necklace and Earrings Set 14', 'necklace-and-earrings-set-14', '0', 0.00, '', '', 'products_147_1449566643.jpg', '1', 1, '2015-12-08 15:09:03', 0, '0000-00-00 00:00:00'),
(308, 1, 1, 13, 22, 'Necklace and Earrings Set 15', 'necklace-and-earrings-set-15', '0', 0.00, '', '', 'products_389_1449566768.jpg', '1', 1, '2015-12-08 15:11:08', 0, '0000-00-00 00:00:00'),
(309, 1, 1, 13, 22, 'Necklace and Earrings Set 16', 'necklace-and-earrings-set-16', '0', 0.00, '', '', 'products_444_1449566831.jpg', '1', 1, '2015-12-08 15:12:11', 0, '0000-00-00 00:00:00'),
(311, 1, 1, 13, 22, 'Necklace and Earrings Set 17', 'necklace-and-earrings-set-17', '0', 0.00, '', '', 'products_459_1449566864.jpg', '1', 1, '2015-12-08 15:12:44', 0, '0000-00-00 00:00:00'),
(312, 1, 1, 13, 22, 'Necklace, Earrings and Bracelet Set 1', 'necklace-earrings-and-bracelet-set-1', '0', 0.00, '', '', 'products_41_1449566923.jpg', '1', 1, '2015-12-08 15:13:43', 1, '2015-12-08 15:15:22'),
(313, 1, 1, 13, 22, 'Necklace, Earrings and Bracelet Set 2', 'necklace-earrings-and-bracelet-set-2', '0', 0.00, '', '', 'products_569_1449566972.jpg', '1', 1, '2015-12-08 15:14:32', 1, '2015-12-08 15:15:50'),
(314, 1, 1, 13, 22, 'Band', 'band', '0', 0.00, '', '', 'products_321_1449567108.jpg', '0', 1, '2015-12-08 15:16:48', 0, '0000-00-00 00:00:00'),
(319, 1, 4, 4, 6, 'Three in One Box', 'three-in-one-box', '0', 0.00, '', '', 'products_712_1449641666.jpg', '1', 1, '2015-12-09 11:59:26', 0, '0000-00-00 00:00:00'),
(321, 1, 3, 6, 3, 'Plates', 'plates', '0', 0.00, '<p>\n	Disposable biodegradable plates made from the leaves of betel nut tree.</p>\n', '', 'products_153_1458560408.jpg', '1', 1, '2015-12-09 12:05:04', 34, '2016-03-31 10:31:10'),
(322, 1, 4, 4, 42, 'Coaster', 'coaster', '0', 0.00, '', '', 'products_625_1449642189.jpg', '1', 1, '2015-12-09 12:08:09', 0, '0000-00-00 00:00:00'),
(323, 1, 4, 4, 42, 'Hot Pot', 'hot-pot', '0', 0.00, '', '', 'products_997_1449642383.jpg', '1', 1, '2015-12-09 12:11:23', 0, '0000-00-00 00:00:00'),
(324, 1, 4, 4, 37, 'Ayurvedic Insence', 'ayurvedic-insence', '0', 0.00, '', '', 'products_648_1449642692.jpg', '0', 1, '2015-12-09 12:16:33', 0, '0000-00-00 00:00:00'),
(325, 1, 4, 4, 37, 'Rock Salt', 'rock-salt', '0', 0.00, '', '', 'products_879_1449642722.jpg', '1', 1, '2015-12-09 12:17:02', 0, '0000-00-00 00:00:00'),
(326, 1, 14, 6, 15, 'Honey 500g', 'honey-500g', '1', 500.00, '', '', 'products_846_1449644266.jpg', '1', 1, '2015-12-09 12:42:46', 1, '2016-07-20 15:02:16'),
(327, 1, 14, 6, 15, 'Honey 250g', 'honey-250g', '1', 251.00, '', '', 'products_211_1449644421.jpg', '1', 1, '2015-12-09 12:45:21', 1, '2016-07-20 15:03:21'),
(328, 1, 14, 6, 15, 'Honey (Buckwheat) 500g', 'honey-buckwheat-500g', '0', 0.00, '', '', 'products_434_1449644488.jpg', '1', 1, '2015-12-09 12:46:28', 0, '0000-00-00 00:00:00'),
(329, 1, 8, 10, 20, 'Hand Painted Stole', 'hand-painted-stole', '0', 0.00, '', '', 'products_541_1449652627.jpg', '1', 1, '2015-12-09 15:02:07', 0, '0000-00-00 00:00:00'),
(331, 1, 10, 16, 43, 'Owl Purse', 'owl-purse', '0', 0.00, '', '', 'products_966_1449739041.jpg', '1', 1, '2015-12-10 15:02:21', 0, '0000-00-00 00:00:00'),
(332, 1, 10, 16, 43, 'Heart Purse', 'heart-purse', '0', 0.00, '', '', 'products_673_1449739165.jpg', '1', 1, '2015-12-10 15:04:25', 0, '0000-00-00 00:00:00'),
(333, 1, 10, 16, 43, 'Fruit Purse', 'fruit-purse', '0', 0.00, '', '', 'products_648_1449739221.jpg', '1', 1, '2015-12-10 15:05:21', 0, '0000-00-00 00:00:00'),
(334, 1, 10, 16, 43, 'Three Flower Purse', 'three-flower-purse', '0', 0.00, '', '', 'products_744_1449739357.jpg', '1', 1, '2015-12-10 15:07:37', 0, '0000-00-00 00:00:00'),
(335, 1, 10, 16, 43, 'Round Purse', 'round-purse', '0', 0.00, '', '', 'products_6_1449739408.jpg', '1', 1, '2015-12-10 15:08:28', 0, '0000-00-00 00:00:00'),
(336, 1, 10, 16, 43, 'Petal Purse', 'petal-purse', '0', 0.00, '', '', 'products_248_1449739555.jpg', '1', 1, '2015-12-10 15:10:55', 0, '0000-00-00 00:00:00'),
(337, 1, 10, 16, 43, 'Round Petal Purse', 'round-petal-purse', '0', 0.00, '', '', 'products_851_1449739650.jpg', '1', 1, '2015-12-10 15:12:30', 0, '0000-00-00 00:00:00'),
(338, 1, 10, 16, 58, 'Mobile Case', 'mobile-case', '0', 0.00, '', '', 'products_369_1449739894.jpg', '1', 1, '2015-12-10 15:16:34', 0, '0000-00-00 00:00:00'),
(339, 1, 10, 16, 43, 'Zipper Purse', 'zipper-purse', '0', 0.00, '', '', 'products_162_1449739984.jpg', '1', 1, '2015-12-10 15:18:04', 0, '0000-00-00 00:00:00'),
(342, 1, 28, 16, 59, 'test1', 'test1', '0', 0.00, '', '', 'products_444_1450163574.jpg', '1', 1, '2015-12-15 11:44:46', 1, '2015-12-15 12:57:54'),
(343, 1, 28, 16, 59, 'test', 'test', '0', 0.00, '<p>\r\n	sdfds</p>\r\n', '<p>\r\n	sdfdsf</p>\r\n', 'products_408_1450161442.jpg', '1', 1, '2015-12-15 12:22:22', 0, '0000-00-00 00:00:00'),
(344, 1, 14, 3, 12, 'Bee Wax Candle', 'bee-wax-candle', '0', 0.00, '', '', 'products_359_1450178143.jpg', '1', 1, '2015-12-15 17:00:43', 0, '0000-00-00 00:00:00'),
(345, 1, 14, 3, 13, 'Bee Wax Cream', 'bee-wax-cream', '0', 0.00, '', '', 'products_610_1450178240.jpg', '1', 1, '2015-12-15 17:02:20', 1, '2015-12-15 17:04:58'),
(347, 1, 29, 17, 61, 'Thames International College', 'thames-international-college', '0', 0.00, '<p>\n	Courses in various feilds.</p>\n', '<p>\n	Courses in the following feilds:-</p>\n<ul>\n	<li>\n		Bachelors in Business Administration</li>\n	<li>\n		Bachelors in Information Management</li>\n	<li>\n		BA in Sociology and Rural Development</li>\n	<li>\n		BA in Social Work and Rural Development</li>\n	<li>\n		BA in Journalism, Mass Communication and Sociology</li>\n</ul>\n', 'products_243_1450764247.jpg', '1', 1, '2015-12-20 14:21:53', 1, '2015-12-22 11:49:07'),
(348, 1, 30, 3, 62, 'Black Tea (100 g)', 'black-tea-100-g-', '0', 0.00, '', '', 'products_606_1451477258.jpg', '1', 1, '2015-12-30 17:52:38', 0, '0000-00-00 00:00:00'),
(349, 1, 30, 3, 62, 'Black Tea', 'black-tea', '0', 0.00, '', '', 'products_703_1451477289.jpg', '1', 1, '2015-12-30 17:53:09', 0, '0000-00-00 00:00:00'),
(350, 1, 30, 3, 62, 'Green Tea Bags', 'green-tea-bags', '0', 0.00, '', '', 'products_41_1451477782.jpg', '1', 1, '2015-12-30 18:01:22', 0, '0000-00-00 00:00:00'),
(351, 1, 30, 3, 62, 'Masala Tea', 'masala-tea', '0', 0.00, '', '', 'products_841_1451477813.jpg', '1', 1, '2015-12-30 18:01:53', 0, '0000-00-00 00:00:00'),
(352, 1, 30, 3, 62, 'Nepal Organic Tea', 'nepal-organic-tea', '0', 0.00, '', '', 'products_153_1451477855.jpg', '1', 1, '2015-12-30 18:02:35', 0, '0000-00-00 00:00:00'),
(353, 1, 30, 3, 62, 'Organic Black Tea', 'organic-black-tea', '0', 0.00, '', '', 'products_634_1451477909.jpg', '1', 1, '2015-12-30 18:03:29', 0, '0000-00-00 00:00:00'),
(354, 1, 30, 3, 62, 'Organic Green Leaf Tea (100 g) 1', 'organic-green-leaf-tea-100-g-1', '0', 0.00, '', '', 'products_74_1451477979.jpg', '1', 1, '2015-12-30 18:04:39', 1, '2015-12-30 18:08:21'),
(355, 1, 30, 3, 62, 'Organic Green Tea (25 bags)', 'organic-green-tea-25-bags-', '0', 0.00, '', '', 'products_102_1451478018.jpg', '1', 1, '2015-12-30 18:05:18', 1, '2015-12-30 18:06:44'),
(356, 1, 30, 3, 62, 'Organic Green Tea (50 bags)', 'organic-green-tea-50-bags-', '0', 0.00, '', '', 'products_706_1451478079.jpg', '1', 1, '2015-12-30 18:06:19', 0, '0000-00-00 00:00:00'),
(357, 1, 30, 3, 62, 'Organic Green Leaf Tea (100 g) 2', 'organic-green-leaf-tea-100-g-2', '0', 0.00, '', '', 'products_532_1451478163.jpg', '1', 1, '2015-12-30 18:07:44', 1, '2015-12-30 18:08:34'),
(358, 1, 30, 3, 62, 'Organic Green Leaf Tea (100 g) 3', 'organic-green-leaf-tea-100-g-3', '0', 0.00, '', '', 'products_745_1451478264.jpg', '1', 1, '2015-12-30 18:09:24', 0, '0000-00-00 00:00:00'),
(359, 1, 30, 3, 62, 'Organic Green Leaf Tea (120 g)', 'organic-green-leaf-tea-120-g-', '0', 0.00, '', '', 'products_701_1451478332.jpg', '1', 1, '2015-12-30 18:10:32', 0, '0000-00-00 00:00:00'),
(360, 1, 3, 6, 3, 'Anarsa', 'anarsa', '1', 0.00, '<p>\n	Anarsa</p>\n', '<p>\n	Anarsa</p>\n', 'products_121_1458552592.jpg', '1', 34, '2016-03-21 15:14:52', 0, '0000-00-00 00:00:00'),
(361, 1, 3, 6, 3, 'Furandana', 'furandana', '0', 0.00, '', '', 'products_859_1458552895.jpg', '1', 34, '2016-03-21 15:19:55', 0, '0000-00-00 00:00:00'),
(362, 1, 3, 6, 3, 'Dry Tama', 'dry-tama', '0', 0.00, '', '', 'products_904_1458553025.jpg', '1', 34, '2016-03-21 15:22:05', 0, '0000-00-00 00:00:00'),
(363, 1, 3, 6, 3, 'Lapsi Powder', 'lapsi-powder', '0', 0.00, '<div style="color: rgb(33, 33, 33); font-family: wf_segoe-ui_normal, ''Segoe UI'', ''Segoe WP'', Tahoma, Arial, sans-serif; font-size: 15px;">\n	Lapsi powder good to use as a souring agent in food.</div>\n<div>\n	&nbsp;</div>\n', '<div style="color: rgb(33, 33, 33); font-family: wf_segoe-ui_normal, ''Segoe UI'', ''Segoe WP'', Tahoma, Arial, sans-serif; font-size: 15px;">\n	Lapsi powder good to use as a souring agent in food.</div>\n<div>\n	&nbsp;</div>\n', 'products_570_1458553191.jpg', '1', 34, '2016-03-21 15:24:51', 34, '2016-03-21 22:58:53'),
(364, 1, 3, 6, 3, 'Masala Laddoo', 'masala-laddoo', '0', 0.00, '<p>\n	<span style="color: rgb(33, 33, 33); font-family: wf_segoe-ui_normal, ''Segoe UI'', ''Segoe WP'', Tahoma, Arial, sans-serif; font-size: 15px;">Laddu or balls made with mung(pulse), sugar and dry fruits comes in packs of five and ten made only on orders of not less than half kilogram.</span></p>\n', '<p>\n	<span style="color: rgb(33, 33, 33); font-family: wf_segoe-ui_normal, ''Segoe UI'', ''Segoe WP'', Tahoma, Arial, sans-serif; font-size: 15px;">Laddu or balls made with mung(pulse), sugar and dry fruits comes in packs of five and ten made only on orders of not less than half kilogram</span></p>\n', 'products_664_1458553350.jpg', '1', 34, '2016-03-21 15:27:30', 34, '2016-03-21 22:50:54'),
(365, 1, 3, 6, 3, 'Sel Roti', 'sel-roti', '0', 0.00, '', '', 'products_647_1458553700.jpg', '1', 34, '2016-03-21 15:33:20', 0, '0000-00-00 00:00:00'),
(366, 1, 3, 6, 3, 'Small Dry Green Peas', 'small-dry-green-peas', '0', 0.00, '', '', 'products_187_1458553751.jpg', '1', 34, '2016-03-21 15:34:11', 0, '0000-00-00 00:00:00'),
(367, 1, 3, 6, 3, 'Small Peas Dal', 'small-peas-dal', '0', 0.00, '', '', 'products_369_1458553813.jpg', '1', 34, '2016-03-21 15:35:13', 0, '0000-00-00 00:00:00'),
(368, 1, 3, 6, 3, 'Teel Laddoo', 'teel-laddoo', '0', 0.00, '<p>\n	<span style="color: rgb(33, 33, 33); font-family: wf_segoe-ui_normal, ''Segoe UI'', ''Segoe WP'', Tahoma, Arial, sans-serif; font-size: 15px;">Teel Laddu is made with sesame seed and chaku in packs of half or one kilogram on order</span></p>\n', '<p>\n	<span style="color: rgb(33, 33, 33); font-family: wf_segoe-ui_normal, ''Segoe UI'', ''Segoe WP'', Tahoma, Arial, sans-serif; font-size: 15px;">Teel Laddu is made with sesame seed and chaku in packs of half or one kilogram on order</span></p>\n', 'products_552_1458555209.jpg', '1', 34, '2016-03-21 15:58:29', 34, '2016-03-21 22:52:59'),
(369, 1, 3, 6, 3, 'Timmur Powder', 'timmur-powder', '0', 0.00, '<p style="color: rgb(33, 33, 33); font-family: wf_segoe-ui_normal, ''Segoe UI'', ''Segoe WP'', Tahoma, Arial, sans-serif; font-size: 15px; margin: 0px; padding: 0px; border: 0px; vertical-align: baseline; word-wrap: break-word;">\n	<i>Timmur -&nbsp;</i>Nepali pepper,&nbsp;</p>\n<p style="color: rgb(33, 33, 33); font-family: wf_segoe-ui_normal, ''Segoe UI'', ''Segoe WP'', Tahoma, Arial, sans-serif; font-size: 15px; margin: 0px; padding: 0px; border: 0px; vertical-align: baseline; word-wrap: break-word;">\n	Timmur Is most commonly used spice in Nepali dishes like pickles, chutneys, lentils.&nbsp;It is often mistaken for&nbsp;Sichuan pepper which is reddish, whereas timur is dark brown.</p>\n<p style="color: rgb(33, 33, 33); font-family: wf_segoe-ui_normal, ''Segoe UI'', ''Segoe WP'', Tahoma, Arial, sans-serif; font-size: 15px; margin: 0px; padding: 0px; border: 0px; vertical-align: baseline; word-wrap: break-word;">\n	Available in 100 gm packets whole or in powder form. Also supply in bulk quantity.</p>\n<div>\n	&nbsp;</div>\n', '<p style="color: rgb(33, 33, 33); font-family: wf_segoe-ui_normal, ''Segoe UI'', ''Segoe WP'', Tahoma, Arial, sans-serif; font-size: 15px; margin: 0px; padding: 0px; border: 0px; vertical-align: baseline; word-wrap: break-word;">\n	<i>Timmur -&nbsp;</i>Nepali pepper,&nbsp;</p>\n<p style="color: rgb(33, 33, 33); font-family: wf_segoe-ui_normal, ''Segoe UI'', ''Segoe WP'', Tahoma, Arial, sans-serif; font-size: 15px; margin: 0px; padding: 0px; border: 0px; vertical-align: baseline; word-wrap: break-word;">\n	Timmur Is most commonly used spice in Nepali dishes like pickles, chutneys, lentils.&nbsp;It is often mistaken for&nbsp;Sichuan pepper which is reddish, whereas timur is dark brown.</p>\n<p style="color: rgb(33, 33, 33); font-family: wf_segoe-ui_normal, ''Segoe UI'', ''Segoe WP'', Tahoma, Arial, sans-serif; font-size: 15px; margin: 0px; padding: 0px; border: 0px; vertical-align: baseline; word-wrap: break-word;">\n	Available in 100 gm packets whole or in powder form. Also supply in bulk quantity.</p>\n', 'products_595_1458555362.jpg', '1', 34, '2016-03-21 16:01:02', 34, '2016-03-31 09:56:12'),
(370, 1, 4, 4, 35, 'Printed Envelop', 'printed-envelop', '0', 0.00, '', '', 'products_327_1458555806.jpg', '1', 34, '2016-03-21 16:08:26', 0, '0000-00-00 00:00:00'),
(371, 1, 4, 4, 35, 'Printed Envelop', 'printed-envelop', '0', 0.00, '', '', 'products_67_1458556003.jpg', '0', 34, '2016-03-21 16:11:43', 0, '0000-00-00 00:00:00'),
(372, 1, 4, 4, 6, 'Mandala Design Note Book', 'mandala-design-note-book', '0', 0.00, '', '', 'products_365_1458557721.jpg', '1', 34, '2016-03-21 16:40:21', 0, '0000-00-00 00:00:00'),
(373, 1, 4, 4, 6, 'Note Book', 'note-book', '0', 0.00, '', '', 'products_375_1458558783.jpg', '1', 34, '2016-03-21 16:58:03', 0, '0000-00-00 00:00:00'),
(375, 1, 4, 4, 6, 'Double Color Note Book', 'double-color-note-book', '0', 0.00, '', '', 'products_70_1458559144.jpg', '1', 34, '2016-03-21 17:04:04', 0, '0000-00-00 00:00:00'),
(376, 1, 4, 4, 6, 'Box', 'Box', '0', 0.00, '', '', 'products_764_1458559789.jpg', '1', 34, '2016-03-21 17:14:49', 0, '0000-00-00 00:00:00'),
(377, 1, 4, 4, 6, 'ST3 Writing Set', 'st3-writing-set', '0', 0.00, '', '', 'products_249_1458560148.jpg', '1', 34, '2016-03-21 17:20:48', 0, '0000-00-00 00:00:00'),
(378, 1, 4, 4, 6, 'Lokta Paper and Wool Cushion Cover', 'lokta-paper-and-wool-cushion-cover', '0', 0.00, '', '', 'products_345_1458560262.jpg', '1', 34, '2016-03-21 17:22:43', 0, '0000-00-00 00:00:00'),
(379, 1, 4, 4, 6, 'Writing Set', 'writing-set', '0', 0.00, '', '', 'products_545_1458560307.jpg', '1', 34, '2016-03-21 17:23:27', 0, '0000-00-00 00:00:00'),
(380, 1, 4, 4, 6, 'Gift Box', 'gift-box', '0', 0.00, '', '', 'products_721_1458560608.jpg', '1', 34, '2016-03-21 17:28:28', 0, '0000-00-00 00:00:00'),
(381, 1, 4, 4, 6, 'Gift Pouch', 'gift-pouch-', '0', 0.00, '', '', 'products_526_1458560632.jpg', '1', 34, '2016-03-21 17:28:53', 0, '0000-00-00 00:00:00'),
(382, 1, 4, 4, 6, 'Wine Box', 'wine-box', '0', 0.00, '', '', 'products_575_1458560866.jpg', '1', 34, '2016-03-21 17:32:46', 0, '0000-00-00 00:00:00'),
(383, 1, 4, 4, 6, 'Vegetable Dye Note Book', 'vegetable-dye-note-book', '0', 0.00, '', '', 'products_210_1458560944.jpg', '1', 34, '2016-03-21 17:34:04', 0, '0000-00-00 00:00:00'),
(385, 1, 4, 4, 6, 'Paper Thread Stool', 'paper-thread-stool', '0', 0.00, '', '', 'products_548_1458561572.jpg', '1', 34, '2016-03-21 17:44:32', 0, '0000-00-00 00:00:00'),
(386, 1, 4, 4, 6, 'Printed Paper Runners', 'printed-paper-runners', '0', 0.00, '', '', 'products_361_1458561669.jpg', '1', 34, '2016-03-21 17:46:09', 0, '0000-00-00 00:00:00'),
(387, 1, 2, 11, 2, 'Cardamon', 'cardamon', '0', 0.00, '', '', 'products_858_1458567530.jpg', '1', 34, '2016-03-21 19:23:50', 0, '0000-00-00 00:00:00'),
(388, 1, 2, 11, 2, 'SHS Masala Mix', 'shs-masala-mix', '0', 0.00, '', '', 'products_762_1458573410.jpg', '1', 34, '2016-03-21 21:01:50', 0, '0000-00-00 00:00:00'),
(390, 1, 2, 11, 2, 'Vegetable Curry Masala', 'vegetable-curry-masala', '0', 0.00, '', '', 'products_121_1458573924.jpg', '1', 34, '2016-03-21 21:10:24', 0, '0000-00-00 00:00:00'),
(391, 1, 2, 11, 2, 'Sea Food Curry Masala', 'sea-food-curry-masala', '0', 0.00, '', '', 'products_790_1458574214.jpg', '1', 34, '2016-03-21 21:15:14', 0, '0000-00-00 00:00:00'),
(392, 1, 2, 11, 2, 'Tea Masala', 'tea-masala', '0', 0.00, '', '', 'products_57_1458574517.jpg', '1', 34, '2016-03-21 21:20:17', 0, '0000-00-00 00:00:00'),
(394, 1, 2, 11, 2, 'Chicken Curry Masala', 'chicken-curry-masala', '0', 0.00, '', '', 'products_888_1458574750.jpg', '1', 34, '2016-03-21 21:24:10', 0, '0000-00-00 00:00:00'),
(395, 1, 2, 11, 2, 'Chicken Curry Masala', 'chicken-curry-masala-', '0', 0.00, '', '', 'products_213_1458575308.jpg', '1', 34, '2016-03-21 21:33:28', 0, '0000-00-00 00:00:00'),
(396, 1, 2, 11, 2, 'Chilly', 'chilly', '0', 0.00, '', '', 'products_47_1458575652.jpg', '1', 34, '2016-03-21 21:39:12', 0, '0000-00-00 00:00:00'),
(397, 1, 2, 11, 2, 'Cinnamom', 'cinnamom', '0', 0.00, '', '', 'products_659_1458575724.jpg', '1', 34, '2016-03-21 21:40:24', 0, '0000-00-00 00:00:00'),
(398, 1, 2, 11, 2, 'Corriander', 'corriander', '0', 0.00, '', '', 'products_212_1458575773.jpg', '1', 34, '2016-03-21 21:41:13', 0, '0000-00-00 00:00:00'),
(399, 1, 2, 11, 2, 'Cumin', 'cumin', '0', 0.00, '', '', 'products_51_1458575828.jpg', '1', 34, '2016-03-21 21:42:08', 0, '0000-00-00 00:00:00'),
(400, 1, 2, 11, 2, 'Garlic', 'garlic', '0', 0.00, '', '', 'products_163_1458575872.jpg', '1', 34, '2016-03-21 21:42:52', 0, '0000-00-00 00:00:00'),
(401, 1, 2, 11, 2, 'Ginger', 'ginger', '0', 0.00, '', '', 'products_876_1458575925.jpg', '1', 34, '2016-03-21 21:43:45', 0, '0000-00-00 00:00:00'),
(402, 1, 2, 11, 2, 'Mustard', 'mustard', '0', 0.00, '', '', 'products_703_1458575979.jpg', '1', 34, '2016-03-21 21:44:39', 0, '0000-00-00 00:00:00'),
(403, 1, 2, 11, 2, 'Turmeric', 'turmeric-', '0', 0.00, '', '', 'products_828_1458576040.jpg', '1', 34, '2016-03-21 21:45:40', 0, '0000-00-00 00:00:00'),
(404, 1, 2, 11, 2, 'Pancha Furna', 'pancha-furna', '0', 0.00, '', '', 'products_441_1458576149.jpg', '1', 34, '2016-03-21 21:47:29', 0, '0000-00-00 00:00:00'),
(405, 1, 31, 3, 53, 'Silk Saree', 'silk-saree', '0', 0.00, '', '', 'products_222_1458579252.jpg', '1', 34, '2016-03-21 22:39:12', 34, '2016-03-31 04:57:00'),
(406, 1, 31, 3, 53, 'Silk Saree', 'silk-saree', '0', 0.00, '', '', 'products_256_1458579396.jpg', '1', 34, '2016-03-21 22:41:36', 34, '2016-03-31 04:57:25'),
(407, 1, 31, 3, 23, 'Blue Silk Saree', 'blue-silk-saree-', '0', 0.00, '', '', 'products_565_1458747086.jpg', '1', 34, '2016-03-23 21:16:26', 0, '0000-00-00 00:00:00'),
(408, 1, 31, 3, 23, 'Red Silk Saree', 'red-silk-saree', '0', 0.00, '', '', 'products_126_1458747233.jpg', '1', 34, '2016-03-23 21:18:53', 0, '0000-00-00 00:00:00'),
(409, 1, 31, 3, 23, 'Silk Saree', 'silk-saree', '0', 0.00, '', '', 'products_144_1458747597.jpg', '1', 34, '2016-03-23 21:24:57', 0, '0000-00-00 00:00:00'),
(410, 1, 31, 3, 23, 'Silk Saree with  Golden Border', 'silk-saree-with-golden-border', '0', 0.00, '', '', 'products_55_1458747704.jpg', '1', 34, '2016-03-23 21:26:44', 0, '0000-00-00 00:00:00'),
(411, 1, 31, 3, 23, 'Silk Saree', 'silk-saree', '0', 0.00, '', '', 'products_598_1458748540.jpg', '1', 34, '2016-03-23 21:40:40', 0, '0000-00-00 00:00:00'),
(412, 1, 31, 3, 23, 'Printed Saree', 'printed-saree', '0', 0.00, '', '', 'products_740_1458748839.jpg', '1', 34, '2016-03-23 21:45:39', 0, '0000-00-00 00:00:00'),
(413, 1, 31, 3, 23, 'Chiffon Saree with Border', 'chiffon-saree-with-border', '0', 0.00, '', '', 'products_218_1458749097.jpg', '1', 34, '2016-03-23 21:49:57', 0, '0000-00-00 00:00:00');
INSERT INTO `tbl_products` (`id`, `site_id`, `enterprise_id`, `enterprise_category_id`, `product_category_id`, `product_name`, `product_alias`, `show_product_price`, `product_price`, `product_short_description`, `product_description`, `product_cover_image`, `status`, `created_by`, `created_date`, `updated_by`, `updated_date`) VALUES
(414, 1, 29, 17, 61, 'Bachelor in Business Administration', 'bachelor-in-business-administration', '0', 0.00, '<p>\n	<strong>Bachelor in Business Administration</strong><br />\n	&nbsp;</p>\n<p>\n	<strong>Program Overview</strong></p>\n<p>\n	The business environment is changing all the time. While you cannot predict the future, you can certainly be prepared for it. Organizations increasingly need managers with a broad range of skills, who understand various areas of business, and know how to get the most from their resources. Employers are looking for people with the intellectual and interpersonal skills that will help them contribute to innovation in the workplace. They require the capacity to think critically, communicate clearly, and solve complex problems.</p>\n<p>\n	Thames Bachelor in Business Administration will give you a well-rounded business education to make you a more versatile and employable graduate. On this program, you will learn and study how businesses perform and acquire the fundamental skills required to adapt and succeed in a competitive graduate jobs market.</p>\n', '', 'products_833_1458833576.jpg', '1', 34, '2016-03-24 21:17:56', 0, '0000-00-00 00:00:00'),
(415, 1, 29, 17, 61, 'Bachelor in Information Management', 'bachelor-in-information-management', '0', 0.00, '', '<p>\n	<strong>Bachelor in Information Management</strong><br />\n	&nbsp;</p>\n<p>\n	<strong>Program Overview</strong></p>\n<p>\n	As the business environment becomes increasingly global and information-centric, the need has increased for graduates who can understand and use technology that gathers and provides information, who are able to distil and recognize patterns in that information, and who can apply those analyses to achieve business objectives.</p>\n<p>\n	Bachelor in Information Management will give you a well-rounded information management education to make you a more versatile and employable graduate. Today employers are looking for people with the intellectual and interpersonal skills that will help them contribute to innovation in the workplace. On this program, you will learn and study how businesses perform and acquire the fundamental skills required to adapt and succeed in a competitive graduate jobs market.</p>\n', 'products_966_1458834142.jpg', '1', 34, '2016-03-24 21:27:22', 0, '0000-00-00 00:00:00'),
(416, 1, 29, 17, 61, 'BA in Social Work & Rural Development', 'ba-in-social-work-rural-development', '0', 0.00, '', '<p>\n	<strong>BA in Social Work &amp; Rural Development</strong></p>\n<p>\n	<strong>Program Overview</strong></p>\n<p>\n	The recent decades have witnessed a massive upsurge of the voluntary sector in both the developing and the developed world. In the realm of this phenomenon, the need for the human resources that have pragmatic skill to understand and work upon the challenges of this is immense.</p>\n<p>\n	BA in Social Work and Rural Development will give you a well-rounded education to make you a more versatile social work and development practitioner. The program facilitates students in understanding the nature of the rural world through the activities of the voluntary sector. On this program, the theories and principles of social work are integrated with that of rural development, providing you with in depth knowledge of social challenges in the developing world.</p>\n<p>\n	&nbsp;</p>\n', 'products_664_1458835462.jpg', '1', 34, '2016-03-24 21:49:22', 0, '0000-00-00 00:00:00'),
(417, 1, 29, 17, 61, 'BA in Sociology & Rural Development', 'ba-in-sociology-rural-development', '0', 0.00, '', '<p>\n	<strong>BA in Sociology &amp; Rural Development</strong></p>\n<p>\n	<strong>Program Overview</strong></p>\n<p>\n	Education in Sociology and Rural Development will open doors for variety of career opportunities, ranging from public administration to politics to development sector.</p>\n<p>\n	Thames BA in Sociology and Rural Development is a 3-year (6 semester) program. The program is offered by School of Social Sciences in association with Faculty of Humanities and Social Sciences, Tribhuvan University. Students are required to complete 90 credit hours of course work and practicum training.&nbsp;</p>\n<p>\n	Students are also required to appear for 14 course examination which will lead to a degree from Tribhuvan University</p>\n<p>\n	&nbsp;</p>\n', 'products_84_1458835603.jpg', '1', 34, '2016-03-24 21:51:43', 0, '0000-00-00 00:00:00'),
(418, 1, 29, 17, 61, 'BA in Journalism, Mass Communication & Sociology', 'ba-in-journalism-mass-communication-sociology', '0', 0.00, '', '<table align="center" border="0" cellpadding="0" cellspacing="0" style="line-height:15px;" width="980">\n	<tbody>\n		<tr>\n			<td>\n				<strong>BA in Journalism, Mass Communication &amp; Sociology</strong>\n				<p>\n					With the increase in the number of media outlets, the demand for trained journalists is ever increasing. Moreover, you&rsquo;ll find them practicing strategic communication as they work in advertising, public relations and marketing along with areas such as development, health care, politics and entertainment.</p>\n				<p>\n					Thames BA in Journalism, Mass Communication and Sociology is a 3-year (6 semester) program. The program is offered by School of Social Sciences in association with Faculty of Humanities and Social Sciences, Tribhuvan University. Students are required to complete 90 credit hours of course work and practicum training.&nbsp;</p>\n				<p>\n					Students are also required to appear for 14 course examinationsthat will lead to a degree from Tribhuvan University</p>\n				<p>\n					The program is designed in reference with the UNESCO&rsquo;s Model Curricula for Journalism Education.</p>\n				<p>\n					&nbsp;</p>\n				<p>\n					&nbsp;</p>\n			</td>\n		</tr>\n	</tbody>\n</table>\n<p>\n	&nbsp;</p>\n', 'products_537_1458835994.jpg', '1', 34, '2016-03-24 21:58:14', 0, '0000-00-00 00:00:00'),
(419, 22, 32, 17, 63, 'AMTIX', 'amtix', '0', 0.00, '<p>\n	AMTIX is a first of its kind theatre ticketing system in Nepal presented by the talented team of Amnil Tech developers. Whether you are a classic single screen theatre or an ultra-modern multiplex, AMTIX can be custom-tailored to suit your unique business requirements.&nbsp;</p>\n', '<div>\n	AMTIX is a first of its kind theatre ticketing system in Nepal presented by the talented team of Amnil Tech developers. Whether you are a classic single screen theatre or an ultra-modern multiplex, AMTIX can be custom-tailored to suit your unique business requirements. It provides a complete automation of theatre business encompassing both in-house operations and audience presentation.</div>\n<div>\n	&nbsp;</div>\n<div>\n	For the unencumbered audience experience, AMTIX consists of dynamic key features for presenting individual movie details and scheduling, ticket pricing, seat availability and pricing, and membership club points and discounts. For in-house operations, AMTIX focuses on efficiency and accuracy in dynamic systems of sales tracking and forecast, voucher sales, food inventory and sales tracking, employee monitoring and evaluation, and MFID card system.</div>\n<div>\n	&nbsp;</div>\n<div>\n	<strong>Features:</strong><br />\n	&nbsp;</div>\n<ol>\n	<li>\n		<strong>Cutting edge technology:</strong></li>\n</ol>\n<ul>\n	<li>\n		Complete automation of theatre business including sales and taxes, and in-house technical operations.</li>\n	<li>\n		Versatile adaptability and affordable transition of the system for both single screen as well as multiplex theatres.</li>\n	<li>\n		Individual platforms connected to the mother system allowing independent operations for every department including administration, sales, operations, retail, and online portals, while updating the mother system in current time.</li>\n	<li>\n		Independent platforms for ticket and concession sales.</li>\n	<li>\n		Facilitates easy and secure financial transactions with all forms of payment including cash, credit/debit card, and online transaction.</li>\n	<li>\n		Tailor made online portal allowing the secure integration of multiple online banking payment options.</li>\n</ul>\n<div>\n	&nbsp;</div>\n<div>\n	<strong>&nbsp; &nbsp; &nbsp; &nbsp; 2. Hassle-free operation for the management:</strong></div>\n<ul>\n	<li>\n		Easy to use movie scheduling.</li>\n	<li>\n		Accurate and dynamic pricing changes automatically generated by the system to reflect the price changes contingent upon movies as well as days of the week.</li>\n	<li>\n		Taxation on tickets and foods dynamically set as per government rules and regulations.</li>\n	<li>\n		In system design to adopt and compute loyalty programs, membership points, and promotional vouchers for long term customer relation.</li>\n	<li>\n		Generate financial reports of different sales categories with a push of a button.</li>\n	<li>\n		Sophisticated forecasting capabilities on sales comparison, market trends, occupancy percentage, and so on.</li>\n</ul>\n<div>\n	&nbsp;</div>\n', 'products_455_1459140342.jpg', '1', 1, '2016-03-28 10:30:42', 1, '2016-03-28 10:43:42'),
(420, 22, 32, 17, 63, 'Pharma Solutions', 'pharma-solutions', '0', 0.00, '<p>\n	Pharma Solution is designed to consolidate daily operations of various departments within a pharmaceutical company and streamlines the standard workflow of tasks, specifically concerning the tracking of product batches.&nbsp;</p>\n', '<div>\n	Pharma Solution is designed to consolidate daily operations of various departments within a pharmaceutical company and streamlines the standard workflow of tasks, specifically concerning the tracking of product batches. It keeps track of documents and inter-process communication between departments during various stages of batch processing, and makes it possible for your company to generate current and up-to-date report on progress and order/production cycles within and between various departments. This introduces accuracy and efficiency in the process, and eliminates costly errors for your company.</div>\n<div>\n	&nbsp;</div>\n<div>\n	<strong>Features:</strong><br />\n	&nbsp;</div>\n<ul>\n	<li>\n		Automated Raw Material/ Packaging Material order, shortfall and store processing</li>\n	<li>\n		Batch planning and process data recording</li>\n	<li>\n		ERP data exchange via LAN, WAN or intranet</li>\n	<li>\n		Production control, production data management and reconciliation of resources</li>\n	<li>\n		Trigger for material deliveries according to the pull principle</li>\n	<li>\n		Generation of complete Batch Manufacturing Record (BMR) as per Department of Drug Administration (DDA) standard</li>\n	<li>\n		Reduction in paper output: up to 50% in number of pages, up to 40% in entries, up to 40% in document creation/revision time, and up to 25% in number of documents</li>\n	<li>\n		Reduction in review time: up to 80% in documentation/procedural errors, and up to 70% in review cycle time</li>\n</ul>\n<div>\n	&nbsp;</div>\n', 'products_304_1459140710.jpg', '1', 1, '2016-03-28 10:36:50', 0, '0000-00-00 00:00:00'),
(421, 22, 32, 17, 63, 'Medico', 'medico', '0', 0.00, '<p>\n	Designed with attention to the specifics of working relationship between pharmaceutical companies and medical representatives, MEDICO is a modern, comprehensive and versatile reporting tool that collects and processes information on human and non-human components of pharmaceuticals industry in a user friendly and industry specific formats.</p>\n', '<div>\n	Designed with attention to the specifics of working relationship between pharmaceutical companies and medical representatives, MEDICO is a modern, comprehensive and versatile reporting tool that collects and processes information on human and non-human components of pharmaceuticals industry in a user friendly and industry specific formats. These data can include daily visits by representatives to doctors, chemists, primary and secondary sales, warehouse product inventory, overdue invoices and so on.</div>\n<div>\n	In addition, it bridges the communication gap between corporate headquarters and medical representatives located in remote areas. The data tracking also keeps the updates in the market and company current; thus, keeping the medical representatives and the managers informed with the latest data at all times.</div>\n<div>\n	Along with eliminating the tedious task of repetitive form filing, manual data processing, and potential clerical mistakes, MEDICO introduces efficiency, accuracy and time saving measures. It is a must for your company needs.</div>\n<div>\n	&nbsp;</div>\n<div>\n	<strong>Features:</strong><br />\n	&nbsp;</div>\n<ul>\n	<li>\n		Complete database of doctors, medical institutes, stockiest, retailers and medical representatives</li>\n	<li>\n		Area categorization made possible for cities, districts, zones or even state level as per applicable in different country</li>\n	<li>\n		Daily/Monthly Tour Plan Scheduling for medical representatives</li>\n	<li>\n		Online Daily Call Report</li>\n	<li>\n		Leave Management</li>\n	<li>\n		Tracking of primary and secondary sales</li>\n	<li>\n		Travelling and Daily Allowances auto calculation</li>\n	<li>\n		Chemist order management and processing</li>\n	<li>\n		Physician sample of medicine stock management</li>\n</ul>\n<div>\n	&nbsp;</div>\n', 'products_866_1459140892.jpg', '1', 1, '2016-03-28 10:39:52', 1, '2016-03-28 10:42:38'),
(422, 22, 32, 17, 63, 'College MIS', 'college-mis', '0', 0.00, '<p>\n	CIMS is an application software for academic information management designed with simplicity of application and affordability of cost in mind.&nbsp;</p>\n', '<div>\n	CIMS is an application software for academic information management designed with simplicity of application and affordability of cost in mind. It processes daily operation and administration for educational institutions. Whether you are a primary institution with selective enrollment or a higher institution with broader scope, CIMS can be effortlessly adopted to manage your academic information.</div>\n<div>\n	&nbsp;</div>\n<div>\n	<strong>Features:</strong><br />\n	&nbsp;</div>\n<ul>\n	<li>\n		Complete generation of batches and courses</li>\n	<li>\n		Student details entry</li>\n	<li>\n		Students attendance recording</li>\n	<li>\n		Scheduling examination, recording scores obtained and generation of mark sheet</li>\n	<li>\n		Back paper management</li>\n	<li>\n		Library Management System</li>\n	<li>\n		Financial Report and all basic reports</li>\n	<li>\n		Generation of Character certificate</li>\n</ul>\n<div>\n	&nbsp;</div>\n', 'products_315_1459141030.jpg', '1', 1, '2016-03-28 10:42:10', 0, '0000-00-00 00:00:00'),
(423, 1, 34, 19, 68, 'landscape', 'landscape', '0', 0.00, '', '', 'products_35_1459182089.jpg', '1', 34, '2016-03-28 22:06:29', 0, '0000-00-00 00:00:00'),
(424, 1, 34, 19, 71, 'bouquet', 'bouquet', '0', 0.00, '', '', 'products_503_1459215340.jpg', '1', 34, '2016-03-29 07:20:40', 34, '2016-03-29 07:23:05'),
(425, 1, 34, 19, 71, 'Award Winner', 'award-winner-', '0', 0.00, '', '', 'products_122_1459215554.jpg', '1', 34, '2016-03-29 07:24:14', 0, '0000-00-00 00:00:00'),
(426, 1, 34, 19, 71, 'Car', 'car', '0', 0.00, '', '', 'products_461_1459215613.jpg', '1', 34, '2016-03-29 07:25:13', 0, '0000-00-00 00:00:00'),
(427, 1, 34, 19, 71, 'Wedding', 'wedding', '0', 0.00, '', '', 'products_311_1459215664.jpg', '1', 34, '2016-03-29 07:26:04', 0, '0000-00-00 00:00:00'),
(428, 1, 34, 19, 69, 'Farm', 'farm', '0', 0.00, '', '', 'products_46_1459215879.jpg', '1', 34, '2016-03-29 07:29:39', 0, '0000-00-00 00:00:00'),
(429, 1, 34, 19, 69, 'Processing', 'processing', '0', 0.00, '', '', 'products_952_1459216314.jpg', '1', 34, '2016-03-29 07:36:54', 0, '0000-00-00 00:00:00'),
(430, 1, 33, 20, 23, 'Dress', 'dress-', '0', 0.00, '', '', 'products_757_1459216657.jpg', '1', 34, '2016-03-29 07:42:37', 34, '2016-03-29 07:54:50'),
(432, 1, 33, 20, 64, 'lehenga 2', 'lehenga-2', '0', 0.00, '', '', 'products_510_1459217941.jpg', '1', 34, '2016-03-29 08:04:01', 0, '0000-00-00 00:00:00'),
(433, 1, 33, 20, 64, 'Lehenga 1', 'lehenga-1', '0', 0.00, '', '', 'products_169_1459218027.jpg', '1', 34, '2016-03-29 08:05:27', 0, '0000-00-00 00:00:00'),
(434, 1, 33, 20, 64, 'Bridal Lehenga', 'bridal-lehenga-', '0', 0.00, '', '', 'products_33_1459218954.jpg', '1', 34, '2016-03-29 08:20:54', 34, '2016-03-29 08:22:27'),
(435, 1, 33, 20, 72, 'multi colored blouse', 'multi-colored-blouse', '0', 0.00, '', '', 'products_456_1459219515.jpg', '1', 34, '2016-03-29 08:30:15', 0, '0000-00-00 00:00:00'),
(436, 1, 33, 20, 72, 'Golden Border Blouse', 'golden-border-blouse', '0', 0.00, '', '', 'products_395_1459219699.jpg', '1', 34, '2016-03-29 08:33:19', 0, '0000-00-00 00:00:00'),
(437, 1, 33, 20, 72, 'Front Embroidery Blouse', 'front-embroidery-blouse', '0', 0.00, '', '', 'products_790_1459219855.jpg', '1', 34, '2016-03-29 08:35:55', 0, '0000-00-00 00:00:00'),
(438, 1, 33, 20, 64, 'Lehenga with long kurti', 'lehenga-with-long-kurti', '0', 0.00, '', '', 'products_761_1459219927.jpg', '1', 34, '2016-03-29 08:37:07', 0, '0000-00-00 00:00:00'),
(439, 1, 33, 20, 64, 'lehenga 4', 'lehenga-4', '0', 0.00, '', '', 'products_956_1459220014.jpg', '1', 34, '2016-03-29 08:38:34', 0, '0000-00-00 00:00:00'),
(440, 1, 33, 20, 73, 'Anarkali Kurta', 'anarkali-kurta', '0', 0.00, '', '', 'products_394_1459221350.jpg', '1', 34, '2016-03-29 09:00:50', 0, '0000-00-00 00:00:00'),
(441, 1, 33, 20, 72, 'Blouse with string design', 'blouse-with-string-design-', '0', 0.00, '', '', 'products_528_1459221634.jpg', '1', 34, '2016-03-29 09:05:34', 0, '0000-00-00 00:00:00'),
(442, 1, 33, 20, 53, 'Blue hand worked Saree', 'blue-hand-worked-saree', '0', 0.00, '', '', 'products_766_1459221857.jpg', '1', 34, '2016-03-29 09:09:17', 0, '0000-00-00 00:00:00'),
(443, 1, 33, 20, 73, 'Mulli Colored Kurta with net design', 'mulli-colored-kurta-with-net-design', '0', 0.00, '', '', 'products_152_1459221978.jpg', '1', 34, '2016-03-29 09:11:18', 0, '0000-00-00 00:00:00'),
(444, 1, 37, 13, 56, 'Ruby and diamonds', 'ruby-and-diamonds', '0', 0.00, '', '', 'products_924_1459293129.jpg', '1', 34, '2016-03-30 04:57:09', 0, '0000-00-00 00:00:00'),
(445, 1, 37, 13, 4, 'Diamond Earrings', 'diamond-earrings', '0', 0.00, '', '', 'products_932_1459293244.jpg', '1', 34, '2016-03-30 04:59:04', 0, '0000-00-00 00:00:00'),
(446, 1, 37, 13, 1, 'Diamond Sets', 'diamond-sets', '1', 500.00, '', '', 'products_880_1459293460.jpg', '1', 34, '2016-03-30 05:02:40', 1, '2016-07-20 18:20:56'),
(447, 1, 37, 13, 48, 'Hairpin', 'hairpin', '0', 0.00, '', '', 'products_771_1459293644.jpg', '1', 34, '2016-03-30 05:05:44', 0, '0000-00-00 00:00:00'),
(448, 1, 37, 13, 56, 'Ganesh', 'ganesh', '0', 0.00, '', '', 'products_893_1459293760.jpg', '1', 34, '2016-03-30 05:07:40', 0, '0000-00-00 00:00:00'),
(449, 1, 37, 13, 57, 'Bangles', 'bangles', '0', 0.00, '', '', 'products_744_1459293883.jpg', '1', 34, '2016-03-30 05:09:43', 0, '0000-00-00 00:00:00'),
(450, 1, 37, 13, 19, 'Diamond tops', 'diamond-tops', '0', 0.00, '', '', 'products_687_1459294024.jpg', '1', 34, '2016-03-30 05:12:04', 0, '0000-00-00 00:00:00'),
(451, 1, 37, 13, 75, 'Diamond Lockets', 'diamond-lockets', '0', 0.00, '', '', 'products_481_1459294150.jpg', '1', 34, '2016-03-30 05:14:10', 0, '0000-00-00 00:00:00'),
(452, 1, 36, 17, 76, 'Bachelor of Travel and Tourism Management (BTTM)', 'bachelor-of-travel-and-tourism-management-bttm-', '0', 0.00, '', '<p>\n	<span style="color: rgb(119, 119, 119); font-family: ''Source Sans Pro'', Arial, Tahoma, sans-serif; font-size: 14px; line-height: 23px;">The Bachelor of Travel and Tourism Management (BTTM) is a Four years&rsquo; full time semester system course designed to produce professional human resource for the dynamically growing travel and tourism sector of Nepal. Upon completion of the course, the student will be able to handle international tourist service operations including, handling, managing and planning tour, trek and rafting programs; domestic and international air ticketing; appreciate tourism development planning; implement sustainable tourism management policies; and be able to purser further advanced course in travel and tourism management.</span></p>\n', 'products_409_1459299517.jpg', '1', 34, '2016-03-30 06:43:37', 0, '0000-00-00 00:00:00'),
(453, 1, 36, 17, 76, 'Bachelor of Hotel Management (BHM)', 'bachelor-of-hotel-management-bhm-', '0', 0.00, '<p style="margin-bottom: 1em; margin-top: 0px; color: rgb(119, 119, 119); font-family: ''Source Sans Pro'', Arial, Tahoma, sans-serif; font-size: 14px; line-height: 23px; text-align: justify;">\n	Hotel Management is a four years full time semester system program ideal for students with an international drive, entrepreneurial flair, commercial insight and a service-minded approach. In addition to management skills, considerable attention is being paid to professional skills and theory in order to help you develop the right attitude for the industry.</p>\n<p style="margin-bottom: 1em; margin-top: 0px; color: rgb(119, 119, 119); font-family: ''Source Sans Pro'', Arial, Tahoma, sans-serif; font-size: 14px; line-height: 23px; text-align: justify;">\n	<strong>OBJECTIVES</strong></p>\n', '', 'products_146_1459299807.jpg', '1', 34, '2016-03-30 06:48:27', 0, '0000-00-00 00:00:00'),
(454, 1, 36, 17, 76, 'Master of Travel & Tourism Management (MTTM)', 'master-of-travel-tourism-management-mttm-', '0', 0.00, '<p>\n	<span style="color: rgb(119, 119, 119); font-family: ''Source Sans Pro'', Arial, Tahoma, sans-serif; font-size: 14px; line-height: 23px;">The Master of Tourism Management is a two year full time course designed at enhancing the knowledge of tourism operation,products, managerial and management skills with a deeper understanding for the professionals already working in the industry but who do not possess a collective and an in depth knowledge of tourism and its wider horizons that spread across the globe. It aims to be globally savvy with the changing global market trends in marketing, operations and other professionalized skills.</span></p>\n', '<h5 style="color: rgb(51, 51, 51); margin: 12px 0px; line-height: 22px; font-size: 16px; font-family: ''Source Sans Pro'', Arial, Tahoma, sans-serif;">\n	Specialization Areas:</h5>\n<ol style="margin: 0px 0px 1em 1em; padding-right: 0px; padding-left: 0px; list-style-position: inside; color: rgb(119, 119, 119); font-family: ''Source Sans Pro'', Arial, Tahoma, sans-serif; font-size: 14px; line-height: 23px;">\n	<li style="list-style-position: outside; margin-left: 20px; list-style-type: decimal;">\n		Airlines&nbsp; Management</li>\n	<li style="list-style-position: outside; margin-left: 20px; list-style-type: decimal;">\n		Tourism Entrepreneurship</li>\n	<li style="list-style-position: outside; margin-left: 20px; list-style-type: decimal;">\n		International Tourism</li>\n	<li style="list-style-position: outside; margin-left: 20px; list-style-type: decimal;">\n		Event &amp; Conference</li>\n	<li style="list-style-position: outside; margin-left: 20px; list-style-type: decimal;">\n		Hotel Operation Management</li>\n	<li style="list-style-position: outside; margin-left: 20px; list-style-type: decimal;">\n		Tourism Product Development</li>\n	<li style="list-style-position: outside; margin-left: 20px; list-style-type: decimal;">\n		Public Relations &amp; Promotion</li>\n</ol>\n<h5 style="color: rgb(51, 51, 51); margin: 12px 0px; line-height: 22px; font-size: 16px; font-family: ''Source Sans Pro'', Arial, Tahoma, sans-serif;">\n	Key Features:</h5>\n<ol style="margin: 0px 0px 1em 1em; padding-right: 0px; padding-left: 0px; list-style-position: inside; color: rgb(119, 119, 119); font-family: ''Source Sans Pro'', Arial, Tahoma, sans-serif; font-size: 14px; line-height: 23px;">\n	<li style="list-style-position: outside; margin-left: 20px; list-style-type: decimal;">\n		Advance Tourism Management Degree</li>\n	<li style="list-style-position: outside; margin-left: 20px; list-style-type: decimal;">\n		Highly Job Oriented course</li>\n	<li style="list-style-position: outside; margin-left: 20px; list-style-type: decimal;">\n		Commitment of highly experienced Facilities</li>\n	<li style="list-style-position: outside; margin-left: 20px; list-style-type: decimal;">\n		Semester system program</li>\n	<li style="list-style-position: outside; margin-left: 20px; list-style-type: decimal;">\n		Worldwide acceptability with affordable fee</li>\n	<li style="list-style-position: outside; margin-left: 20px; list-style-type: decimal;">\n		Only College offering MTTM</li>\n</ol>\n', 'products_253_1459300060.jpg', '1', 34, '2016-03-30 06:52:40', 0, '0000-00-00 00:00:00'),
(455, 1, 38, 3, 77, 'Light collection', 'light-collection', '0', 0.00, '', '', 'products_445_1459302634.jpg', '1', 34, '2016-03-30 07:35:34', 0, '0000-00-00 00:00:00'),
(456, 1, 38, 3, 77, 'Hanging Lights', 'hanging-lights', '0', 0.00, '', '', 'products_70_1459302891.jpg', '1', 34, '2016-03-30 07:39:51', 0, '0000-00-00 00:00:00'),
(457, 1, 38, 3, 77, 'Ceiling Attached Lights', 'ceiling-attached-lights', '0', 0.00, '', '', 'products_581_1459302971.jpg', '1', 34, '2016-03-30 07:41:11', 0, '0000-00-00 00:00:00'),
(458, 1, 38, 3, 78, 'Bluetooth Shower', 'bluetooth-shower', '0', 0.00, '', '', 'products_291_1459303067.jpg', '1', 34, '2016-03-30 07:42:47', 0, '0000-00-00 00:00:00'),
(459, 1, 38, 3, 79, 'Paints', 'paints', '0', 0.00, '', '', 'products_312_1459303167.jpg', '1', 34, '2016-03-30 07:44:27', 34, '2016-03-30 07:53:31'),
(460, 1, 38, 3, 77, 'One Door Solution', 'one-door-solution', '0', 0.00, '', '', 'products_446_1459305233.jpg', '1', 34, '2016-03-30 08:18:53', 0, '0000-00-00 00:00:00'),
(461, 1, 40, 3, 80, 'sunglasses', 'sunglasses', '0', 0.00, '', '', 'products_420_1459307714.jpg', '1', 34, '2016-03-30 09:00:14', 0, '0000-00-00 00:00:00'),
(462, 1, 40, 3, 80, 'Sunglass 1', 'sunglass-1', '0', 0.00, '', '', 'products_389_1459307769.jpg', '1', 34, '2016-03-30 09:01:09', 0, '0000-00-00 00:00:00'),
(463, 1, 40, 3, 80, 'Sunglass 2', 'sunglass-2', '0', 0.00, '', '', 'products_857_1459308349.jpg', '1', 34, '2016-03-30 09:10:49', 34, '2016-04-01 03:49:20'),
(464, 1, 40, 3, 80, 'Sunglass 3', 'sunglass-3', '0', 0.00, '', '', 'products_605_1459308528.jpg', '1', 34, '2016-03-30 09:13:48', 0, '0000-00-00 00:00:00'),
(465, 1, 40, 3, 80, 'Sunglasses', 'sunglasses', '0', 0.00, '', '', 'products_984_1459308637.jpg', '1', 34, '2016-03-30 09:15:37', 0, '0000-00-00 00:00:00'),
(466, 1, 14, 6, 15, 'Different Types of Honey', 'different-types-of-honey', '0', 0.00, '', '', 'products_293_1459309819.jpg', '1', 34, '2016-03-30 09:35:19', 0, '0000-00-00 00:00:00'),
(467, 1, 14, 6, 15, 'Honey and Beeswax Products', 'honey-and-beeswax-products', '0', 0.00, '', '', 'products_497_1459309894.jpg', '1', 34, '2016-03-30 09:36:34', 0, '0000-00-00 00:00:00'),
(468, 1, 14, 6, 15, 'Honey with Walnut', 'honey-with-walnut', '0', 0.00, '', '', 'products_338_1459309944.jpg', '1', 34, '2016-03-30 09:37:24', 0, '0000-00-00 00:00:00'),
(469, 1, 14, 6, 15, 'Bee hives in the farm', 'bee-hives-in-the-farm', '0', 0.00, '', '', 'products_789_1459310001.jpg', '1', 34, '2016-03-30 09:38:21', 0, '0000-00-00 00:00:00'),
(470, 1, 14, 6, 15, 'Exhibition', 'exhibition', '0', 0.00, '', '', 'products_605_1459310075.jpg', '1', 34, '2016-03-30 09:39:35', 0, '0000-00-00 00:00:00'),
(471, 1, 14, 6, 15, 'Plants', 'plants', '0', 0.00, '<p>\n	Honey Comes from different plants.</p>\n', '', 'products_775_1459310237.jpg', '1', 34, '2016-03-30 09:42:17', 0, '0000-00-00 00:00:00'),
(472, 1, 14, 6, 15, 'Equipments', 'equipments', '0', 0.00, '', '', 'products_242_1459310374.jpg', '1', 34, '2016-03-30 09:44:34', 0, '0000-00-00 00:00:00'),
(473, 1, 8, 10, 81, 'Shawl', 'shawl', '0', 0.00, '<p>\n	<span style="color: rgb(71, 71, 71); font-family: Arial, Helvetica, sans-serif; line-height: 19px;">This traditional pattern weaving is done on outdoor wood and bamboo treadle looms by the skilful and inventive- Limbu and Rai women of Eastern Nepal. The origin of the dhaka is obscure the fine texture of Dhaka cloth suggests similarities to the farmous &ldquo;Dhaka muslin.&rdquo; The sound of the Nepali word for thread &ldquo;dhago&rdquo; or for cover &ldquo;dhaknu&rdquo; are also similar to Dhaka.</span></p>\n', '', 'products_307_1459386719.jpg', '1', 34, '2016-03-31 06:56:59', 0, '0000-00-00 00:00:00'),
(474, 1, 8, 10, 82, 'Top', 'top', '0', 0.00, '', '', 'products_60_1459387066.jpg', '1', 34, '2016-03-31 07:02:46', 0, '0000-00-00 00:00:00'),
(475, 1, 8, 10, 20, 'Allo Shawl', 'allo-shawl', '0', 0.00, '', '', 'products_280_1459387208.jpg', '1', 34, '2016-03-31 07:05:08', 0, '0000-00-00 00:00:00'),
(476, 1, 8, 10, 83, 'Men''s Wear', 'men-s-wear', '0', 0.00, '', '', 'products_78_1459387403.jpg', '1', 34, '2016-03-31 07:08:23', 34, '2016-03-31 07:13:39'),
(477, 1, 8, 10, 83, 'Women''s Wear', 'women-s-wear', '0', 0.00, '', '', 'products_997_1459387460.jpg', '1', 34, '2016-03-31 07:09:20', 0, '0000-00-00 00:00:00'),
(478, 1, 3, 6, 3, 'Mungh Titaura', 'mungh-titaura', '0', 0.00, '<div style="color: rgb(33, 33, 33); font-family: wf_segoe-ui_normal, ''Segoe UI'', ''Segoe WP'', Tahoma, Arial, sans-serif; font-size: 15px;">\n	&nbsp;<span style="word-wrap: break-word;">A &nbsp;popular Nepali dish made from sun-dried</span><span style="word-wrap: break-word;">&nbsp;yellow lentil paste&nbsp;</span></div>\n<div style="color: rgb(33, 33, 33); font-family: wf_segoe-ui_normal, ''Segoe UI'', ''Segoe WP'', Tahoma, Arial, sans-serif; font-size: 15px;">\n	Recipe :-&nbsp;provided in packet</div>\n', '', 'products_74_1459391699.jpg', '1', 34, '2016-03-31 08:19:59', 0, '0000-00-00 00:00:00'),
(481, 1, 3, 6, 3, 'Masaura', 'masaura', '0', 0.00, '<div style="color: rgb(33, 33, 33); font-family: wf_segoe-ui_normal, ''Segoe UI'', ''Segoe WP'', Tahoma, Arial, sans-serif; font-size: 15px;">\n	&nbsp;<span style="word-wrap: break-word;">A &nbsp;popular Nepali dish made from sun-dried</span><span style="word-wrap: break-word;">&nbsp;black lentil paste and minced vegetables</span></div>\n<div style="color: rgb(33, 33, 33); font-family: wf_segoe-ui_normal, ''Segoe UI'', ''Segoe WP'', Tahoma, Arial, sans-serif; font-size: 15px;">\n	&nbsp;Recipe :- provided in packet</div>\n', '', 'products_917_1459397551.jpg', '1', 34, '2016-03-31 09:57:31', 0, '0000-00-00 00:00:00'),
(482, 1, 3, 6, 3, 'Gogi', 'gogi', '0', 0.00, '<p>\n	<span style="color: rgb(33, 33, 33); font-family: wf_segoe-ui_normal, ''Segoe UI'', ''Segoe WP'', Tahoma, Arial, sans-serif; font-size: 15px;">Gogi a sweet savory filled with dry fruits, khuwa and mung comes in packs of five or ten, made only on order&nbsp;</span></p>\n', '', 'products_71_1459397636.jpg', '1', 34, '2016-03-31 09:58:56', 0, '0000-00-00 00:00:00'),
(483, 1, 3, 6, 3, 'Churpi', 'churpi', '0', 0.00, '<p>\n	<span style="color: rgb(33, 33, 33); font-family: wf_segoe-ui_normal, ''Segoe UI'', ''Segoe WP'', Tahoma, Arial, sans-serif; font-size: 15px;">Churpi is very popular hard cheese exported as &quot;Dog Chew&quot; to Europe and U.S. Available in bulk, preferred lot 1000 to 2000 kilogram. Also available in smaller lots.</span></p>\n', '', 'products_677_1459397746.jpg', '1', 34, '2016-03-31 10:00:46', 0, '0000-00-00 00:00:00'),
(484, 1, 3, 6, 3, 'Himalayan Herb Jwano', 'himalayan-herb-jwano', '0', 0.00, '<p style="color: rgb(33, 33, 33); font-family: wf_segoe-ui_normal, ''Segoe UI'', ''Segoe WP'', Tahoma, Arial, sans-serif; font-size: 15px; margin: 0px; padding: 0px; border: 0px; vertical-align: baseline; word-wrap: break-word;">\n	Himalayan Herb Jwano Is an aromatic dried leaf garlic,&nbsp;virtually unknown outside the Himalayan region. &nbsp; It is found wild throughout many regions of Nepal.&nbsp; The dried leaves are fried in ghee to develop their flavor and&nbsp;used as a tempering spice to flavor&nbsp;<i>daals,&nbsp;</i>vegetables, salads, and pickles. Available in 50 gm packets. Also supplying in large quantity.</p>\n<div>\n	&nbsp;</div>\n', '', 'products_195_1459397834.jpg', '1', 34, '2016-03-31 10:02:14', 0, '0000-00-00 00:00:00'),
(485, 1, 3, 6, 3, 'Jwano Masala', 'jwano-masala', '0', 0.00, '<div style="color: rgb(33, 33, 33); font-family: wf_segoe-ui_normal, ''Segoe UI'', ''Segoe WP'', Tahoma, Arial, sans-serif; font-size: 15px;">\n	Jwano Masala a rich traditional powder for making soup, especially given to nursing mothers. However is also very good for drinking during cold, body aches.</div>\n<div>\n	&nbsp;</div>\n', '', 'products_955_1459398082.jpg', '1', 34, '2016-03-31 10:06:22', 0, '0000-00-00 00:00:00'),
(486, 1, 7, 15, 14, 'Yak Milk Soap', 'yak-milk-soap', '0', 0.00, '<p>\n	An exotic soap made from Yak Milk(Nak Milk), Red Clay and Honey is very good for skin. Yak milk comes all the way from high himalayas, directly benefitting the local peasants. Yak milk is a moisturizer to the skin as it contains the highest percentage of fat among all the animal&#39;s milk. Red Clay acts as a natural exfoliant.</p>\n', '', 'products_622_1459401106.jpg', '1', 34, '2016-03-31 10:56:46', 0, '0000-00-00 00:00:00'),
(487, 1, 7, 15, 14, 'Mint Soap', 'mint-soap', '0', 0.00, '<p>\n	This Mint Soap gives the soothing fresh feeling to the bath.</p>\n', '', 'products_273_1459401344.jpg', '1', 34, '2016-03-31 11:00:44', 0, '0000-00-00 00:00:00'),
(488, 1, 7, 15, 14, 'Rose Soap', 'rose-soap', '0', 0.00, '<p>\n	This body soap has a deep and luxurious floral aroma of himalayan herbs that has rejuvenating properties to relieve dryness, inflammation, heat and itching of the skin.</p>\n', '', 'products_961_1459401535.jpg', '1', 34, '2016-03-31 11:03:55', 0, '0000-00-00 00:00:00'),
(489, 1, 7, 15, 14, 'Neem Soap', 'neem-soap', '0', 0.00, '<p>\n	Neem leaf and neem oil are excellent skin care ingredients. They improve general skin health and immunity and combat bacterial infections as they have insecticidal properties.</p>\n<p>\n	&nbsp;</p>\n', '', 'products_612_1459401691.jpg', '1', 34, '2016-03-31 11:06:31', 0, '0000-00-00 00:00:00'),
(490, 1, 7, 15, 14, 'Honey Soap', 'honey-soap', '0', 0.00, '<p>\n	This soap gives perfect skin care for all types of skin.&nbsp; Honey is naturally antibacterial and is great for acne treatment and prevention.</p>\n<p>\n	&nbsp;</p>\n', '', 'products_575_1459401777.jpg', '1', 34, '2016-03-31 11:07:57', 0, '0000-00-00 00:00:00'),
(491, 1, 7, 15, 14, 'Aloe Vera Soap', 'aloe-vera-soap', '0', 0.00, '<p>\n	This soap is fantastic for skin. It soothes sunburns, heals wounds, improves infections, acne, yeast, eczema, and other skin irritations.</p>\n<p>\n	&nbsp;</p>\n', '', 'products_108_1459401919.jpg', '1', 34, '2016-03-31 11:10:19', 0, '0000-00-00 00:00:00'),
(492, 1, 7, 15, 14, 'Orange Soap', 'orange-soap', '0', 0.00, '<p>\n	Organic Orange Peel Soap is flavoured with blend of citrus group essential oils.</p>\n<p>\n	This Soap is good for mature and sensitive skin and is effective&nbsp; toner.</p>\n<p>\n	&nbsp;</p>\n', '', 'products_935_1459402466.jpg', '1', 34, '2016-03-31 11:11:59', 34, '2016-03-31 11:19:26'),
(493, 1, 7, 15, 14, 'Divine Soap', 'divine-soap', '0', 0.00, '<p>\n	This soap contains five nectars known as &ldquo;Panchamrit&rdquo; (Panch-five, Amrit-nectars or Divine Drink). Panchamrit contains five nectars naming cow&rsquo;s milk, ghee, sugar, curd and honey. In Hinduism Gods are given ritualistic bath with the Panchamrit. This soap gives you the divine bath and provides you with the physical&nbsp; and&nbsp; spiritual&nbsp; purifications.</p>\n<p>\n	&nbsp;</p>\n', '', 'products_275_1459402100.jpg', '1', 34, '2016-03-31 11:13:20', 0, '0000-00-00 00:00:00'),
(494, 1, 7, 15, 14, 'Gift Pack 1', 'gift-pack-1', '0', 0.00, '<p>\n	Individual Soap can be packed as the gift pack.</p>\n', '', 'products_380_1459402234.jpg', '1', 34, '2016-03-31 11:15:34', 0, '0000-00-00 00:00:00'),
(495, 1, 7, 15, 14, 'Gift Pack 2', 'gift-pack-2', '0', 0.00, '<p>\n	Different kinds of packing is done according to the buyer&#39;s choice.</p>\n<p>\n	&nbsp;</p>\n', '', 'products_78_1459402315.jpg', '1', 34, '2016-03-31 11:16:55', 0, '0000-00-00 00:00:00'),
(496, 1, 7, 15, 14, 'Gift Pack 3', 'gift-pack-3', '0', 0.00, '<p>\n	Soaps are also made in different shapes and sizes.</p>\n', '', 'products_931_1459402393.jpg', '1', 34, '2016-03-31 11:18:14', 0, '0000-00-00 00:00:00'),
(497, 1, 7, 15, 14, 'Gift Pack', 'gift-pack', '0', 0.00, '<p>\n	Aloe Vera soap in Gift Pack.</p>\n', '', 'products_200_1459402531.jpg', '1', 34, '2016-03-31 11:20:31', 0, '0000-00-00 00:00:00'),
(498, 1, 7, 15, 14, 'Gift Packs', 'gift-packs', '0', 0.00, '<p>\n	Gift packs of different varieties of soaps are made. All the packing is handmade from the nepali lokta paper.</p>\n', '', 'products_696_1459402640.jpg', '1', 34, '2016-03-31 11:22:20', 0, '0000-00-00 00:00:00'),
(499, 1, 7, 15, 14, 'Assorted Soaps', 'assorted-soaps', '0', 0.00, '', '', 'products_624_1459402706.jpg', '1', 34, '2016-03-31 11:23:26', 0, '0000-00-00 00:00:00'),
(500, 22, 32, 17, 61, 'Branding', 'branding', '0', 0.00, '<p>\n	Branding - a means by which you show yourself as the one and only provider of a solution to the problems or needs.</p>\n', '<div>\n	Branding - a means by which you show yourself as the one and only provider of a solution to the problems or needs. It is not only about getting to your target market over your competitions but a brand could be a name, term, sign, symbol, logo, design or a blend of these components that make your products or services stand out.</div>\n<div>\n	<strong>If you choose us, you will get:</strong></div>\n<ol>\n	<li>\n		Assertive brand message</li>\n	<li>\n		Unforgettable visual identity</li>\n	<li>\n		Interactive, natural website</li>\n	<li>\n		ROI-driven marketing strategy</li>\n</ol>\n<div>\n	<strong>A few branding we have done for:</strong></div>\n<ul>\n	<li>\n		Quest Travels &amp; Hospitality Solutions</li>\n	<li>\n		Deurali TV</li>\n</ul>\n', 'products_690_1459418169.jpg', '1', 1, '2016-03-31 15:41:09', 0, '0000-00-00 00:00:00'),
(501, 22, 32, 17, 61, 'Mobile Application', 'mobile-application', '0', 0.00, '<p>\n	The use of smartphones has skyrocketed among the masses. With this, the increase in mobile apps is obvious.</p>\n', '<div>\n	The use of smartphones has skyrocketed among the masses. With this, the increase in mobile apps is obvious. To fulfill your enterprise needs, you need effective apps.Don&#39;t let your ideas just stay ideas. We help materialize those ideas in the form of imposing mobile apps. We are a team of young, non-hierarchical and collegial culture that thrives in new ideas and challenges. We offer multiple solutions for iOS, Android, Windows and many more.</div>\n<div>\n	We are the choice of these illustrious clients:<br />\n	&nbsp;</div>\n<div>\n	Kathmandu College of Management</div>\n<div>\n	Download links:</div>\n<div>\n	<a href="https://play.google.com/store/apps/details?id=com.amnil.kcm&amp;hl=en">Android</a>: (<a href="https://play.google.com/store/apps/details?id=com.amnil.kcm&amp;hl=en">https://play.google.com/store/apps/details?id=com.amnil.kcm&amp;hl=en</a>)</div>\n<div>\n	<a href="https://itunes.apple.com/np/app/kcm-app/id1045501327?mt=8">iOS</a>: (<a href="https://itunes.apple.com/np/app/kcm-app/id1045501327?mt=8">https://itunes.apple.com/np/app/kcm-app/id1045501327?mt=8</a>)</div>\n<div>\n	&nbsp;</div>\n<div>\n	KOSHiNFO</div>\n<div>\n	Download links:</div>\n<div>\n	<a href="https://play.google.com/store/apps/details?id=com.ionicframework.icimod.koshinfo&amp;hl=en">Android</a>: (<a href="https://play.google.com/store/apps/details?id=com.ionicframework.icimod.koshinfo&amp;hl=en">https://play.google.com/store/apps/details?id=com.ionicframework.icimod.koshinfo&amp;hl=en</a>)</div>\n<div>\n	<a href="https://itunes.apple.com/np/app/koshinfo/id1012908966?mt=8">iOS</a>: (<a href="https://itunes.apple.com/np/app/koshinfo/id1012908966?mt=8">https://itunes.apple.com/np/app/koshinfo/id1012908966?mt=8</a>)</div>\n<div>\n	&nbsp;</div>\n<div>\n	Fcube Cinemas</div>\n<div>\n	Download links:</div>\n<div>\n	<a href="https://play.google.com/store/apps/details?id=com.mobile.fcube&amp;hl=en">Android</a>: (<a href="https://play.google.com/store/apps/details?id=com.mobile.fcube&amp;hl=en">https://play.google.com/store/apps/details?id=com.mobile.fcube&amp;hl=en</a>)</div>\n<div>\n	<a href="https://itunes.apple.com/np/app/fcube-cinemas/id892689976?mt=8">iOS</a>: (<a href="https://itunes.apple.com/np/app/fcube-cinemas/id892689976?mt=8">https://itunes.apple.com/np/app/fcube-cinemas/id892689976?mt=8</a>)</div>\n', 'products_364_1459419237.jpg', '1', 1, '2016-03-31 15:58:58', 1, '2016-03-31 16:05:24'),
(502, 22, 32, 17, 61, 'Desktop Application', 'desktop-application', '0', 0.00, '<p>\n	Desktop Application in simple words is, a computer software program used to achieve a diversity of tasks.&nbsp;</p>\n', '<div>\n	Desktop Application in simple words is, a computer software program used to achieve a diversity of tasks. A desktop application helps your company&#39;s day to day operations simple and easy, which in return saves time and money.At Amnil, ranging from desktop, client-server and web-based applications for enterprise solutions, we develop all types of desktop applications using the latest advancements in technology.</div>\n<div>\n	Some of are satisfied clients are:<br />\n	&nbsp;</div>\n<div>\n	Nepal Pharmaceuticals Lab Pvt. Ltd. &ndash; Pharma Solutions</div>\n<div>\n	Quest Pharmaceuticals &ndash; Pharma Solutions</div>\n<div>\n	MAN</div>\n<div>\n	Fcube Cinemas - AMTIX</div>\n<div>\n	Q&rsquo;s Cinemas - AMTIX</div>\n', 'products_621_1459419802.jpg', '1', 1, '2016-03-31 16:08:22', 0, '0000-00-00 00:00:00'),
(503, 22, 32, 17, 61, 'Websites & Applications', 'websites-applications', '0', 0.00, '<p>\n	We at Amnil, tailor your website and application exactly the way your business works.</p>\n', '<div>\n	We at Amnil, tailor your website and application exactly the way your business works. It is fundamental to make a website and application mobile friendly, with the extensive use of portable devices these days. Our team of usability experts, graphic designers, and veteran front-end professionals will make sure your website and application looks and works great &mdash; no matter the screen size or resolution.</div>\n<div>\n	A few of our clients:</div>\n<div>\n	&nbsp;</div>\n<div>\n	Quest &nbsp;Pharmaceuticals &ndash; Medico</div>\n<div>\n	<a href="http://www.dietnepal.com/">Diet Nepal</a></div>\n<div>\n	<a href="http://goodlifebiscuits.com/">Goodlife Biscuits</a></div>\n<div>\n	<a href="http://kcm.edu.np/">Kathamandu</a><a href="http://kcm.edu.np/"> College of Management</a></div>\n<div>\n	<a href="http://can.gov.np/">Legislature Parliament of Nepal</a></div>\n', 'products_617_1459420191.jpg', '1', 1, '2016-03-31 16:14:51', 0, '0000-00-00 00:00:00'),
(504, 22, 32, 17, 61, 'Digital Marketing', 'digital-marketing', '0', 0.00, '<p>\n	Digital marketing is the promotion of products or brands in the digital world.</p>\n', '<div>\n	Digital marketing is the promotion of products or brands in the digital world. Digital marketing differs from traditional marketing in that where we can analyze marketing campaigns and understand what is working and what isn&rsquo;t &ndash; typically in real time.</div>\n<div>\n	We help you market digitally through different mediums, namely:</div>\n<div>\n	&nbsp;</div>\n<ol>\n	<li>\n		Social Networking</li>\n	<li>\n		Branding</li>\n	<li>\n		Graphic Design<br />\n		<span style="color: inherit; font-size: inherit;">-&nbsp;KUSOM</span>\n		<div>\n			- Standard Chartered Bank</div>\n		<div>\n			- GSO</div>\n		<div>\n			- Quest&nbsp;Pharmaceuticals</div>\n	</li>\n	<li>\n		Web Presence</li>\n	<li>\n		Search Engine Optimization</li>\n</ol>\n<div>\n	Some brand we are working with:</div>\n<ul>\n	<li>\n		Yamaha Nepal</li>\n	<li>\n		NIC ASIA BANK</li>\n	<li>\n		Thai Airways Nepal</li>\n	<li>\n		The North Face Nepal</li>\n	<li>\n		Botanique USA</li>\n</ul>\n<div>\n	&nbsp;</div>\n', 'products_852_1459420446.jpg', '1', 1, '2016-03-31 16:19:06', 1, '2016-03-31 16:21:08'),
(505, 22, 32, 17, 61, 'UX Design', 'ux-design', '0', 0.00, '<p>\n	User experience design (UXD, UED or XD) is the process of enhancing user satisfaction by improving the usability, accessibility and pleasure provided in the interaction between the user and the product.</p>\n', '<div>\n	User experience design (UXD, UED or XD) is the process of enhancing user satisfaction by improving the usability, accessibility and pleasure provided in the interaction between the user and the product.</div>\n<div>\n	At Amnil, we are hard working in giving the most beautiful, functional applications as well as making the usability more better. We believe that, every aspect that makes an impact to the end user is a part of the design procedure. We design interfaces that are useful, usable, appealing and affordable as per our clients&rsquo; specific situations.</div>\n<div>\n	Some of our works are for:<br />\n	&nbsp;</div>\n<ul>\n	<li>\n		Yamaha Nepal</li>\n	<li>\n		Tech + Art</li>\n</ul>\n', 'products_789_1459420722.jpg', '1', 1, '2016-03-31 16:23:42', 1, '2016-03-31 16:24:48'),
(506, 22, 32, 17, 61, 'Business Process Consulting', 'business-process-consulting', '0', 0.00, '<p>\n	The success of a business depends on having the right strategy.</p>\n', '<div>\n	The success of a business depends on having the right strategy. But only having a strategy is like a wish in the right direction, the strategy needs to be executed effectively. The most vital way to execute is, efficient business processes.</div>\n<div>\n	Having weak business processes is a waste of time and money, and a high chance of a negative impact on products and service quality. This can also effect the motivation in even the hardest working individual. This is where our business process improvement consulting capability and experience can help.<br />\n	&nbsp;</div>\n<div>\n	We have done consulting for:</div>\n<ul>\n	<li>\n		Nepal Oil Corporation (NOC)</li>\n</ul>\n', 'products_252_1459421166.jpg', '1', 1, '2016-03-31 16:31:06', 1, '2016-03-31 16:50:24'),
(507, 22, 32, 17, 61, 'Print Media', 'print-media', '0', 0.00, '<p>\n	We know, to make a difference you need to be different.&nbsp;</p>\n', '<p>\n	We know, to make a difference you need to be different. At Amnil, we take time to listen to our customer&#39;s experience, spontaneous ideas and feedback to deliver what the market needs.</p>\n<p>\n	We have made a yearly calender for Grand Shikhar Overseas (GSO).</p>\n', 'products_309_1459422480.jpg', '1', 1, '2016-03-31 16:53:00', 0, '0000-00-00 00:00:00'),
(508, 1, 42, 1, 33, 'timur chop', 'timur-chop', '0', 0.00, '', '', 'products_272_1464056769.jpg', '1', 34, '2016-05-24 08:11:09', 0, '0000-00-00 00:00:00'),
(509, 1, 42, 1, 33, 'Timur Chop with Salad', 'timur-chop-with-salad-', '0', 0.00, '<p>\n	Timur Chop goes very well with Salad like cucumber and carrots.</p>\n', '', 'products_358_1464057500.jpg', '1', 34, '2016-05-24 08:23:20', 0, '0000-00-00 00:00:00'),
(510, 1, 42, 1, 33, 'Timur chop with Noodles', 'timur-chop-with-noodles', '0', 0.00, '', '', 'products_358_1464057926.jpg', '1', 34, '2016-05-24 08:30:26', 0, '0000-00-00 00:00:00'),
(511, 1, 42, 1, 33, 'Timur chop with Sadheko Aalu', 'timur-chop-with-sadheko-aalu', '0', 0.00, '', '', 'products_262_1464058037.jpg', '1', 34, '2016-05-24 08:32:17', 34, '2016-05-24 08:34:32'),
(512, 1, 42, 1, 33, 'Timur Chop with Momos', 'timur-chop-with-momos', '0', 0.00, '', '', 'products_421_1464058273.jpg', '1', 34, '2016-05-24 08:36:13', 0, '0000-00-00 00:00:00'),
(513, 1, 42, 1, 33, 'Timur Chop with Chicken', 'timur-chop-with-chicken', '0', 0.00, '', '', 'products_723_1464058610.jpg', '1', 34, '2016-05-24 08:41:50', 0, '0000-00-00 00:00:00'),
(514, 1, 42, 1, 33, 'Timur Chop with Noodles', 'timur-chop-with-noodles', '0', 0.00, '', '', 'products_788_1464058725.jpg', '1', 34, '2016-05-24 08:43:45', 0, '0000-00-00 00:00:00'),
(515, 10, 14, 6, 9, 'sukrabar', 'sukrabar', '0', 0.00, '<p>\r\n	asdf</p>\r\n', '<p>\r\n	sadfasdf</p>\r\n', 'products_880_1468841558.jpg', '1', 1, '2016-07-18 17:17:38', 0, '0000-00-00 00:00:00'),
(516, 1, 37, 13, 1, 'Neck Less', 'neck-less', '1', 20.00, '', '', 'products_462_1469016857.jpg', '1', 1, '2016-07-20 17:59:17', 0, '0000-00-00 00:00:00');

-- --------------------------------------------------------

--
-- Table structure for table `tbl_product_categories`
--

CREATE TABLE `tbl_product_categories` (
  `id` int(11) NOT NULL,
  `site_id` int(11) NOT NULL,
  `product_category_name` varchar(255) NOT NULL,
  `product_category_alias` varchar(255) NOT NULL,
  `product_category_image` varchar(255) NOT NULL,
  `product_category_description` text NOT NULL,
  `status` enum('1','0') NOT NULL,
  `created_by` int(11) NOT NULL,
  `created_date` datetime NOT NULL,
  `updated_by` int(11) NOT NULL,
  `updated_date` datetime NOT NULL
) ENGINE=InnoDB DEFAULT CHARSET=utf8;

--
-- Dumping data for table `tbl_product_categories`
--

INSERT INTO `tbl_product_categories` (`id`, `site_id`, `product_category_name`, `product_category_alias`, `product_category_image`, `product_category_description`, `status`, `created_by`, `created_date`, `updated_by`, `updated_date`) VALUES
(1, 1, 'Necklace', 'necklace', '', '', '1', 1, '2015-07-07 13:56:18', 1, '2015-07-07 16:08:12'),
(2, 1, 'Spices', 'spices', '', '', '1', 1, '2015-07-07 15:21:57', 0, '0000-00-00 00:00:00'),
(3, 1, 'MAHI Food', 'mahi-food', '', '', '1', 1, '2015-07-07 15:52:51', 0, '0000-00-00 00:00:00'),
(4, 1, 'Earrings', 'earrings', '', '', '1', 1, '2015-07-07 16:08:56', 0, '0000-00-00 00:00:00'),
(5, 1, 'Bracelet', 'bracelet', '', '', '1', 1, '2015-07-07 16:09:04', 0, '0000-00-00 00:00:00'),
(6, 1, 'Papercraft', 'papercraft', '', '', '1', 1, '2015-07-07 16:27:45', 0, '0000-00-00 00:00:00'),
(7, 1, 'Nagarik', 'nagarik', '', '', '1', 1, '2015-07-07 17:20:49', 0, '0000-00-00 00:00:00'),
(8, 1, 'Republica', 'republica', '', '', '1', 1, '2015-07-07 17:21:01', 0, '0000-00-00 00:00:00'),
(9, 1, 'Sukrabar', 'sukrabar', '', '', '1', 1, '2015-07-07 17:21:12', 0, '0000-00-00 00:00:00'),
(10, 1, 'Paschimeli', 'paschimeli', '', '', '1', 1, '2015-07-07 17:21:43', 0, '0000-00-00 00:00:00'),
(11, 1, 'Purweli', 'purweli', '', '', '1', 1, '2015-07-07 17:21:51', 0, '0000-00-00 00:00:00'),
(12, 1, 'Candle', 'candle', '', '', '1', 1, '2015-07-07 18:08:27', 0, '0000-00-00 00:00:00'),
(13, 1, 'Cream', 'cream', '', '', '1', 1, '2015-07-07 18:08:35', 0, '0000-00-00 00:00:00'),
(14, 1, 'Soap', 'soap', '', '', '1', 1, '2015-07-07 18:08:46', 0, '0000-00-00 00:00:00'),
(15, 1, 'Honey', 'honey', '', '', '1', 1, '2015-07-07 18:08:54', 0, '0000-00-00 00:00:00'),
(16, 1, 'Mat', 'mat', '', '', '1', 1, '2015-07-08 11:46:44', 0, '0000-00-00 00:00:00'),
(17, 1, 'Short Dress', 'short-dress', '', '', '1', 1, '2015-07-08 11:47:06', 0, '0000-00-00 00:00:00'),
(18, 1, 'Stole', 'stole', '', '', '1', 1, '2015-07-08 11:47:28', 0, '0000-00-00 00:00:00'),
(19, 1, 'Top', 'top', '', '', '1', 1, '2015-07-08 11:47:49', 0, '0000-00-00 00:00:00'),
(20, 1, 'Shawl', 'shawl', '', '', '1', 1, '2015-07-08 11:57:34', 0, '0000-00-00 00:00:00'),
(21, 1, 'Long Dress', 'long-dress', '', '', '1', 1, '2015-07-08 11:59:47', 0, '0000-00-00 00:00:00'),
(22, 1, 'Set', 'set', '', '', '1', 1, '2015-07-08 12:18:46', 0, '0000-00-00 00:00:00'),
(23, 1, 'Dress', 'dress', '', '', '1', 1, '2015-07-08 12:19:16', 0, '0000-00-00 00:00:00'),
(24, 1, 'Sleeveless', 'sleeveless', '', '', '1', 1, '2015-07-08 12:19:35', 0, '0000-00-00 00:00:00'),
(25, 1, 'Sweater', 'sweater', '', '', '1', 1, '2015-07-08 12:19:46', 0, '0000-00-00 00:00:00'),
(26, 1, 'Full Sleeve', 'full-sleeve', '', '', '1', 1, '2015-07-08 12:20:00', 0, '0000-00-00 00:00:00'),
(27, 1, 'High Neck', 'high-neck', '', '', '1', 1, '2015-07-08 12:20:17', 0, '0000-00-00 00:00:00'),
(28, 1, 'Male', 'male', '', '', '1', 1, '2015-07-08 12:35:20', 0, '0000-00-00 00:00:00'),
(29, 1, 'Female', 'female', '', '', '1', 1, '2015-07-08 12:35:35', 0, '0000-00-00 00:00:00'),
(30, 1, 'Plants and Flowers', 'plants-and-flowers', '', '', '1', 1, '2015-07-13 17:09:57', 0, '0000-00-00 00:00:00'),
(31, 1, 'Hats', 'hats', '', '', '1', 1, '2015-07-21 15:51:45', 0, '0000-00-00 00:00:00'),
(32, 1, 'Stuffed Toys', 'stuffed-toys', '', '', '1', 1, '2015-07-21 15:51:57', 0, '0000-00-00 00:00:00'),
(33, 1, 'Pickle', 'pickle', '', '', '1', 1, '2015-08-05 08:58:22', 0, '0000-00-00 00:00:00'),
(34, 1, 'Notebook', 'notebook', '', '', '1', 1, '2015-08-25 15:11:00', 0, '0000-00-00 00:00:00'),
(35, 1, 'Envelope', 'envelope', '', '', '1', 1, '2015-08-25 15:11:42', 0, '0000-00-00 00:00:00'),
(36, 1, 'Threads', 'threads', '', '', '1', 1, '2015-08-25 15:11:58', 1, '2015-12-08 16:06:32'),
(37, 1, 'Miscellaneous', 'miscellaneous', '', '', '1', 1, '2015-08-25 15:12:26', 0, '0000-00-00 00:00:00'),
(38, 1, 'Hood', 'hood', '', '', '1', 1, '2015-08-25 15:53:04', 0, '0000-00-00 00:00:00'),
(39, 1, 'Muffler', 'muffler', '', '', '1', 1, '2015-08-25 15:53:29', 0, '0000-00-00 00:00:00'),
(40, 1, 'Pullover', 'pullover', '', '', '1', 1, '2015-08-25 15:53:55', 0, '0000-00-00 00:00:00'),
(41, 1, 'Woollen Cap', 'woollen-cap', '', '', '1', 1, '2015-08-25 15:54:54', 0, '0000-00-00 00:00:00'),
(42, 1, 'Coaster', 'coaster', '', '', '1', 1, '2015-08-25 16:00:24', 0, '0000-00-00 00:00:00'),
(43, 1, 'Purse', 'purse', '', '', '1', 1, '2015-08-25 16:11:02', 0, '0000-00-00 00:00:00'),
(44, 1, 'Napkin Box', 'napkin-box', '', '', '1', 1, '2015-08-25 16:55:46', 0, '0000-00-00 00:00:00'),
(45, 1, 'Scarf', 'scarf', '', '', '1', 2, '2015-08-31 14:31:00', 0, '0000-00-00 00:00:00'),
(46, 1, 'Christmas Ornaments', 'christmas-ornaments', '', '', '1', 2, '2015-09-04 14:41:53', 0, '0000-00-00 00:00:00'),
(47, 1, 'Easter Products', 'easter-products', '', '', '1', 2, '2015-09-04 14:42:09', 0, '0000-00-00 00:00:00'),
(48, 1, 'Hair Accesories', 'hair-accesories', '', '', '1', 2, '2015-09-04 14:42:25', 0, '0000-00-00 00:00:00'),
(49, 1, 'Mat', 'mat', '', '', '1', 2, '2015-09-04 14:42:35', 0, '0000-00-00 00:00:00'),
(50, 1, 'Pillow', 'pillow', '', '', '1', 2, '2015-09-04 14:42:51', 0, '0000-00-00 00:00:00'),
(51, 1, 'Shoes', 'shoes', '', '', '1', 2, '2015-09-04 14:43:04', 0, '0000-00-00 00:00:00'),
(52, 1, 'Windcharm', 'windcharm', '', '', '1', 2, '2015-09-04 14:43:20', 0, '0000-00-00 00:00:00'),
(53, 1, 'Saree', 'saree', '', '', '1', 2, '2015-09-23 20:03:54', 0, '0000-00-00 00:00:00'),
(54, 1, 'Broach', 'broach', '', '', '1', 1, '2015-12-07 15:10:07', 0, '0000-00-00 00:00:00'),
(55, 1, 'Clips', 'clips', '', '', '1', 1, '2015-12-07 15:14:56', 0, '0000-00-00 00:00:00'),
(56, 1, 'Rings', 'rings', '', '', '1', 1, '2015-12-08 14:05:28', 0, '0000-00-00 00:00:00'),
(57, 1, 'Bangles', 'bangles', '', '', '1', 1, '2015-12-08 14:58:05', 0, '0000-00-00 00:00:00'),
(58, 1, 'Accessories', 'accessories', '', '', '1', 1, '2015-12-10 15:15:32', 0, '0000-00-00 00:00:00'),
(59, 1, 'Test', 'test', '', '', '1', 1, '2015-12-14 14:30:43', 0, '0000-00-00 00:00:00'),
(60, 1, 'Test2', 'test2', '', '', '1', 1, '2015-12-14 15:56:17', 0, '0000-00-00 00:00:00'),
(61, 1, 'Services', 'services', '', '', '1', 1, '2015-12-20 14:17:29', 0, '0000-00-00 00:00:00'),
(62, 1, 'Tea', 'tea', '', '', '1', 1, '2015-12-30 15:16:15', 0, '0000-00-00 00:00:00'),
(63, 1, 'Software', 'software', '', '', '1', 1, '2016-03-28 10:14:50', 0, '0000-00-00 00:00:00'),
(64, 1, 'Lehenga', 'lehenga', '', '', '1', 34, '2016-03-28 17:20:04', 0, '0000-00-00 00:00:00'),
(65, 1, 'Saree', 'saree', '', '', '1', 34, '2016-03-28 17:20:32', 0, '0000-00-00 00:00:00'),
(66, 1, 'Embroidery', 'embroidery', '', '', '1', 34, '2016-03-28 17:21:05', 0, '0000-00-00 00:00:00'),
(67, 1, 'Flowers', 'flowers', '', '', '1', 34, '2016-03-28 17:33:03', 0, '0000-00-00 00:00:00'),
(68, 1, 'landscape', 'landscape', '', '', '1', 34, '2016-03-28 17:36:16', 0, '0000-00-00 00:00:00'),
(69, 1, 'farm', 'farm', '', '', '1', 34, '2016-03-28 17:36:41', 0, '0000-00-00 00:00:00'),
(70, 1, 'export', 'export', '', '', '1', 34, '2016-03-28 17:37:09', 0, '0000-00-00 00:00:00'),
(71, 1, 'decoration', 'decoration', '', '', '1', 34, '2016-03-28 17:37:33', 0, '0000-00-00 00:00:00'),
(72, 1, 'Blouse', 'blouse', '', '', '1', 34, '2016-03-29 08:24:55', 0, '0000-00-00 00:00:00'),
(73, 1, 'Kurta', 'kurta', '', '', '1', 34, '2016-03-29 08:59:47', 0, '0000-00-00 00:00:00'),
(74, 1, 'Hairpin', 'hairpin', '', '', '1', 34, '2016-03-30 05:03:48', 0, '0000-00-00 00:00:00'),
(75, 1, 'Lockets', 'lockets', '', '', '1', 34, '2016-03-30 05:13:18', 0, '0000-00-00 00:00:00'),
(76, 1, 'Education and training', 'education-and-training', '', '', '1', 34, '2016-03-30 06:40:35', 0, '0000-00-00 00:00:00'),
(77, 1, 'lights', 'lights', '', '', '1', 34, '2016-03-30 07:27:52', 0, '0000-00-00 00:00:00'),
(78, 1, 'Bathroom', 'bathroom', '', '', '1', 34, '2016-03-30 07:28:14', 0, '0000-00-00 00:00:00'),
(79, 1, 'Paintings', 'paintings', '', '', '1', 34, '2016-03-30 07:28:43', 0, '0000-00-00 00:00:00'),
(80, 1, 'Spectacles', 'spectacles', '', '', '1', 34, '2016-03-30 08:38:27', 0, '0000-00-00 00:00:00'),
(81, 1, 'Dhaka', 'dhaka', '', '', '1', 34, '2016-03-31 06:52:32', 0, '0000-00-00 00:00:00'),
(82, 1, 'Allo', 'allo', '', '', '1', 34, '2016-03-31 06:53:04', 0, '0000-00-00 00:00:00'),
(83, 1, 'Pashmina', 'pashmina', '', '', '1', 34, '2016-03-31 06:53:39', 0, '0000-00-00 00:00:00');

-- --------------------------------------------------------

--
-- Table structure for table `tbl_product_count`
--

CREATE TABLE `tbl_product_count` (
  `id` int(11) NOT NULL,
  `product_id` int(11) DEFAULT NULL,
  `view_count` int(11) DEFAULT NULL
) ENGINE=InnoDB DEFAULT CHARSET=utf8;

--
-- Dumping data for table `tbl_product_count`
--

INSERT INTO `tbl_product_count` (`id`, `product_id`, `view_count`) VALUES
(1, 1, 852),
(3, 3, 967),
(4, 4, 661),
(5, 5, 245),
(6, 6, 659),
(7, 7, 260),
(8, 8, 226),
(9, 9, 233),
(10, 10, 234),
(11, 11, 266),
(12, 12, 807),
(13, 13, 183),
(14, 14, 588),
(15, 15, 459),
(16, 16, 240),
(17, 17, 235),
(18, 18, 294),
(19, 19, 159),
(20, 20, 748),
(21, 21, 189),
(22, 22, 910),
(23, 23, 334),
(25, 25, 133),
(26, 26, 237),
(27, 27, 251),
(28, 28, 261),
(29, 29, 270),
(31, 31, 472),
(32, 32, 453),
(33, 33, 337),
(34, 34, 216),
(35, 35, 194),
(36, 36, 68),
(37, 37, 180),
(38, 38, 29),
(39, 39, 519),
(40, 40, 201),
(41, 41, 205),
(42, 42, 375),
(43, 43, 556),
(44, 44, 142),
(45, 45, 355),
(46, 46, 210),
(47, 47, 197),
(48, 48, 298),
(49, 49, 123),
(50, 50, 139),
(51, 51, 252),
(52, 52, 152),
(53, 53, 363),
(54, 54, 260),
(55, 55, 255),
(56, 56, 249),
(57, 57, 223),
(58, 58, 143),
(59, 59, 85),
(60, 60, 39),
(61, 61, 441),
(62, 62, 505),
(63, 63, 151),
(64, 64, 149),
(65, 65, 135),
(66, 66, 65),
(67, 67, 42),
(68, 68, 53),
(69, 69, 132),
(70, 70, 45),
(71, 71, 177),
(72, 72, 162),
(73, 73, 94),
(74, 74, 41),
(75, 75, 62),
(76, 76, 152),
(77, 77, 163),
(78, 78, 98),
(79, 79, 77),
(80, 80, 190),
(81, 81, 116),
(82, 82, 73),
(83, 83, 105),
(84, 84, 42),
(85, 85, 41),
(86, 86, 101),
(87, 87, 82),
(88, 88, 85),
(89, 89, 96),
(90, 90, 101),
(91, 91, 90),
(92, 92, 94),
(93, 93, 106),
(94, 94, 91),
(95, 95, 75),
(96, 96, 145),
(97, 97, 94),
(98, 98, 142),
(99, 99, 150),
(101, 101, 140),
(102, 102, 215),
(103, 103, 198),
(104, 104, 184),
(105, 105, 217),
(106, 106, 202),
(108, 108, 204),
(115, 115, 146),
(117, 117, 201),
(118, 118, 158),
(119, 119, 183),
(120, 120, 214),
(121, 121, 216),
(122, 122, 198),
(123, 123, 109),
(124, 124, 119),
(125, 125, 110),
(126, 126, 168),
(127, 127, 121),
(128, 128, 130),
(129, 129, 99),
(130, 130, 97),
(131, 131, 105),
(132, 132, 89),
(133, 133, 140),
(134, 134, 102),
(135, 135, 97),
(136, 136, 108),
(137, 137, 141),
(138, 138, 92),
(139, 139, 138),
(140, 140, 78),
(141, 141, 89),
(142, 142, 99),
(143, 143, 96),
(144, 144, 169),
(146, 146, 88),
(147, 147, 109),
(148, 148, 101),
(149, 149, 88),
(150, 150, 136),
(151, 151, 151),
(152, 152, 167),
(153, 153, 109),
(154, 154, 156),
(155, 155, 120),
(156, 156, 167),
(157, 157, 164),
(158, 158, 154),
(159, 159, 102),
(160, 160, 102),
(161, 161, 107),
(162, 162, 149),
(163, 163, 155),
(164, 164, 123),
(165, 165, 250),
(166, 166, 127),
(167, 167, 171),
(168, 168, 126),
(169, 169, 159),
(170, 170, 109),
(172, 172, 148),
(173, 173, 131),
(174, 174, 90),
(175, 175, 72),
(176, 176, 110),
(177, 177, 97),
(178, 178, 88),
(179, 179, 97),
(180, 180, 100),
(181, 181, 106),
(182, 182, 108),
(183, 183, 94),
(184, 184, 95),
(185, 185, 92),
(186, 186, 101),
(187, 187, 94),
(188, 188, 95),
(189, 189, 102),
(190, 190, 99),
(191, 191, 93),
(192, 192, 110),
(193, 193, 101),
(194, 194, 89),
(195, 195, 100),
(196, 196, 196),
(197, 197, 203),
(198, 198, 212),
(199, 199, 199),
(200, 200, 183),
(201, 201, 187),
(202, 202, 215),
(203, 203, 196),
(204, 204, 212),
(205, 205, 208),
(206, 206, 227),
(207, 207, 194),
(208, 208, 199),
(209, 209, 223),
(210, 210, 160),
(211, 211, 158),
(212, 212, 170),
(213, 213, 161),
(214, 214, 155),
(215, 215, 171),
(216, 216, 163),
(217, 217, 158),
(218, 218, 170),
(219, 219, 100),
(220, 220, 99),
(221, 221, 99),
(222, 222, 88),
(223, 223, 148),
(224, 224, 96),
(225, 225, 96),
(226, 226, 95),
(227, 227, 95),
(228, 228, 87),
(229, 229, 90),
(230, 230, 85),
(231, 231, 89),
(232, 232, 113),
(233, 233, 106),
(234, 234, 97),
(235, 235, 85),
(236, 236, 82),
(237, 237, 104),
(238, 238, 88),
(239, 239, 94),
(240, 240, 151),
(241, 241, 78),
(242, 242, 73),
(243, 243, 56),
(244, 244, 66),
(245, 245, 50),
(246, 246, 68),
(247, 247, 62),
(248, 248, 58),
(249, 249, 68),
(250, 250, 63),
(251, 251, 74),
(252, 252, 66),
(253, 253, 51),
(254, 254, 85),
(255, 255, 69),
(256, 256, 76),
(257, 257, 61),
(258, 258, 82),
(259, 259, 118),
(260, 260, 92),
(261, 261, 108),
(262, 262, 123),
(263, 263, 93),
(264, 264, 47),
(267, 267, 133),
(268, 268, 149),
(269, 269, 156),
(270, 270, 152),
(271, 271, 141),
(272, 272, 137),
(273, 273, 158),
(274, 274, 143),
(275, 275, 153),
(276, 276, 143),
(277, 277, 156),
(278, 278, 155),
(279, 279, 157),
(280, 280, 144),
(281, 281, 140),
(282, 282, 209),
(283, 283, 169),
(284, 284, 155),
(285, 285, 153),
(286, 286, 159),
(287, 287, 141),
(288, 288, 152),
(289, 289, 0),
(290, 290, 0),
(291, 291, 154),
(292, 292, 158),
(293, 293, 152),
(294, 294, 195),
(295, 295, 157),
(296, 296, 147),
(297, 297, 161),
(298, 298, 238),
(299, 299, 194),
(300, 300, 139),
(301, 301, 152),
(302, 302, 150),
(303, 303, 162),
(304, 304, 151),
(305, 305, 174),
(306, 306, 178),
(307, 307, 154),
(308, 308, 170),
(309, 309, 172),
(311, 311, 169),
(312, 312, 150),
(313, 313, 150),
(314, 314, 149),
(315, 315, 0),
(316, 316, 0),
(317, 317, 0),
(318, 318, 0),
(319, 319, 153),
(321, 321, 205),
(322, 322, 154),
(323, 323, 129),
(324, 324, 133),
(325, 325, 149),
(326, 326, 145),
(327, 327, 156),
(328, 328, 156),
(329, 329, 139),
(331, 331, 128),
(332, 332, 182),
(333, 333, 147),
(334, 334, 137),
(335, 335, 123),
(336, 336, 133),
(337, 337, 131),
(338, 338, 150),
(339, 339, 153),
(342, 342, 0),
(343, 343, 0),
(344, 344, 155),
(345, 345, 125),
(347, 347, 130),
(348, 348, 138),
(349, 349, 138),
(350, 350, 142),
(351, 351, 212),
(352, 352, 224),
(353, 353, 209),
(354, 354, 212),
(355, 355, 209),
(356, 356, 224),
(357, 357, 222),
(358, 358, 224),
(359, 359, 230),
(360, 360, 120),
(361, 361, 115),
(362, 362, 127),
(363, 363, 128),
(364, 364, 119),
(365, 365, 120),
(366, 366, 109),
(367, 367, 102),
(368, 368, 97),
(369, 369, 135),
(370, 370, 95),
(371, 371, 66),
(372, 372, 125),
(373, 373, 112),
(375, 375, 105),
(376, 376, 105),
(377, 377, 112),
(378, 378, 120),
(379, 379, 101),
(380, 380, 112),
(381, 381, 110),
(382, 382, 110),
(383, 383, 112),
(385, 385, 113),
(386, 386, 102),
(387, 387, 120),
(388, 388, 127),
(390, 390, 122),
(391, 391, 122),
(392, 392, 121),
(394, 394, 102),
(395, 395, 107),
(396, 396, 109),
(397, 397, 120),
(398, 398, 133),
(399, 399, 125),
(400, 400, 132),
(401, 401, 137),
(402, 402, 138),
(403, 403, 125),
(404, 404, 139),
(405, 405, 130),
(406, 406, 123),
(407, 407, 113),
(408, 408, 114),
(409, 409, 72),
(410, 410, 130),
(411, 411, 112),
(412, 412, 128),
(413, 413, 118),
(414, 414, 118),
(415, 415, 127),
(416, 416, 120),
(417, 417, 127),
(418, 418, 167),
(419, 419, 105),
(420, 420, 104),
(421, 421, 108),
(422, 422, 106),
(423, 423, 107),
(424, 424, 98),
(425, 425, 96),
(426, 426, 106),
(427, 427, 97),
(428, 428, 100),
(429, 429, 99),
(430, 430, 106),
(432, 432, 139),
(433, 433, 95),
(434, 434, 97),
(435, 435, 107),
(436, 436, 107),
(437, 437, 97),
(438, 438, 87),
(439, 439, 98),
(440, 440, 93),
(441, 441, 99),
(442, 442, 99),
(443, 443, 101),
(444, 444, 97),
(445, 445, 105),
(446, 446, 107),
(447, 447, 160),
(448, 448, 91),
(449, 449, 85),
(450, 450, 94),
(451, 451, 96),
(452, 452, 109),
(453, 453, 89),
(454, 454, 101),
(455, 455, 100),
(456, 456, 137),
(457, 457, 94),
(458, 458, 103),
(459, 459, 94),
(460, 460, 90),
(461, 461, 109),
(462, 462, 100),
(463, 463, 130),
(464, 464, 93),
(465, 465, 86),
(466, 466, 102),
(467, 467, 86),
(468, 468, 108),
(469, 469, 112),
(470, 470, 106),
(471, 471, 104),
(472, 472, 102),
(473, 473, 162),
(474, 474, 111),
(475, 475, 113),
(476, 476, 115),
(477, 477, 108),
(478, 478, 120),
(481, 481, 116),
(482, 482, 99),
(483, 483, 111),
(484, 484, 153),
(485, 485, 121),
(486, 486, 105),
(487, 487, 115),
(488, 488, 102),
(489, 489, 100),
(490, 490, 107),
(491, 491, 119),
(492, 492, 108),
(493, 493, 106),
(494, 494, 104),
(495, 495, 108),
(496, 496, 102),
(497, 497, 111),
(498, 498, 96),
(499, 499, 145),
(500, 500, 136),
(501, 501, 124),
(502, 502, 135),
(503, 503, 134),
(504, 504, 144),
(505, 505, 124),
(506, 506, 172),
(507, 507, 127),
(508, 508, 95),
(509, 509, 88),
(510, 510, 84),
(511, 511, 99),
(512, 512, 99),
(513, 513, 88),
(514, 514, 103),
(515, 515, 12),
(516, 516, 6);

-- --------------------------------------------------------

--
-- Table structure for table `tbl_product_enquiry`
--

CREATE TABLE `tbl_product_enquiry` (
  `id` int(11) NOT NULL,
  `enterprise_id` int(11) DEFAULT NULL,
  `product_id` int(11) DEFAULT NULL,
  `customer_name` varchar(255) NOT NULL,
  `email` varchar(255) NOT NULL,
  `contact_number` varchar(255) NOT NULL,
  `message` text NOT NULL,
  `enquiry_date` datetime NOT NULL
) ENGINE=InnoDB DEFAULT CHARSET=utf8;

--
-- Dumping data for table `tbl_product_enquiry`
--

INSERT INTO `tbl_product_enquiry` (`id`, `enterprise_id`, `product_id`, `customer_name`, `email`, `contact_number`, `message`, `enquiry_date`) VALUES
(1, 13, 264, 'samjhana joshi', 'samjhana@amniltech.com', '12345678990', 'test enquiry', '2015-11-24 15:18:23'),
(2, 4, 240, 'samjhana joshi', 'samjhana@amniltech.com', '12345678990', 'fdsa afdasfa fadsf', '2015-11-24 15:18:23'),
(13, 2, 176, 'test sub domain email', 'test@gmail.com', '', 'test sub domain email', '2015-11-27 10:56:27'),
(14, 2, 176, 'test sub domain email', 'test@gmail.com', '', 'test sub domain email', '2015-11-27 10:57:08'),
(15, 2, 176, 'test sub domain email', 'test@gmail.com', '', 'test sub domain email', '2015-11-27 10:59:23'),
(16, 2, 176, 'test sub domain email', 'test@gmail.com', '', 'test sub domain email', '2015-11-27 10:59:39'),
(17, 2, 176, 'test sub domain email', 'test@gmail.com', '', 'test sub domain email', '2015-11-27 11:01:21'),
(18, 2, 176, 'test sub domain email', 'test@gmail.com', '', 'test sub domain email', '2015-11-27 11:03:07'),
(19, 2, 176, 'test sub domain email', 'test@gmail.com', '', 'test sub domain email', '2015-11-27 11:16:43'),
(20, 2, 176, 'test sub domain email', 'test@gmail.com', '', 'test test test', '2015-11-27 11:22:59'),
(21, 13, 259, 'rojeena shrestha', 'rojeena@amniltech.com', '9841768922', 'this is test.', '2015-12-02 18:04:14'),
(22, 13, 264, 'rojeena shrestha', 'rojeena@amniltech.com', '9849077333', 'AM testing sunitas enquiry form', '2015-12-03 15:26:37'),
(23, 13, 264, 'rojeena shrestha', 'rojeena@amniltech.com', '9849077333', 'AM testing sunitas enquiry form', '2015-12-03 15:29:22'),
(24, 13, 264, 'rojeena shrestha', 'rojeena@amniltech.com', '9849077333', 'AM testing sunitas enquiry form', '2015-12-03 15:29:30'),
(25, 13, 264, 'rojeena shrestha', 'rshrestha92@gmail.com', '9849077333', 'AM testing sunitas enquiry form', '2015-12-03 15:30:20'),
(26, 13, 264, 'rojeena', 'rojeena@amniltech.com', '9849077333', 'test', '2015-12-03 15:35:02'),
(27, 13, 264, 'rojeena', 'rojeena@amniltech.com', '9849077333', 'test', '2015-12-03 15:51:14'),
(28, 9, 59, 'rojeena', 'rojeena@amniltech.com', '9841763553', 'hellooooooo', '2015-12-03 15:52:31'),
(29, 9, 59, 'rojeena', 'rojeena@amniltech.com', '9841763553', 'hellooooooo', '2015-12-03 15:52:48'),
(30, 9, 59, 'rojeena', 'rojeena@amniltech.com', '9849077333', 'testing', '2015-12-03 16:00:25'),
(31, 13, 241, 'rojeena', 'rojeena@amniltech.com', '9841763886', 'test', '2015-12-03 16:14:47'),
(32, 13, 241, 'rojeena', 'rojeena@amniltech.com', '9841763886', 'test', '2015-12-03 16:20:54'),
(33, 13, 243, 'rojeena', 'rojeena@amniltech.com', '9841763886', 'testing', '2015-12-03 16:26:45'),
(34, 13, 243, 'dfd', 'fdf@gmail.com', '', 'df', '2015-12-03 16:51:43'),
(35, 13, 243, 'asd', 'asd@gmail.com', '9841763886', 'asd', '2015-12-03 16:54:19'),
(36, 13, 243, 'asd', 'asd@gmail.com', '123', 'asd', '2015-12-03 16:56:51'),
(37, 13, 247, 'asd', 'asd@amniltech.com', '123', 'asd', '2015-12-03 17:13:50'),
(38, 13, 247, 'asdfasd', 'asdf@asdfa.com', '', 'adfasdfa', '2015-12-03 17:16:26'),
(39, 13, 241, 'anup', 'anup@email.com', '1234567489', 'test', '2015-12-03 18:18:51'),
(40, 12, 346, 'rojeena shrestha', 'rshrestha92@gmail.com', '9841763886', 'testing', '2015-12-16 18:01:25'),
(41, 8, 329, 'anoop', 'anoop@amniltech.com', '9813931341', 'this is test enquire', '2015-12-30 17:19:20'),
(42, 12, 200, 'anoop', 'anoop@amniltech.com', '9813931341', 'this is test enquire', '2015-12-30 17:22:45'),
(43, 14, 344, 'rojeena', 'rojeena@amniltech.com', '9841763886', 'this candle in amazing.', '2015-12-31 09:38:41'),
(44, 14, 344, 'rojeena', 'rojeena@amniltech.com', '9841763886', 'this candle in amazing.', '2015-12-31 09:42:40'),
(45, 14, 344, 'rojeena', 'rojeena@amniltech.com', '9841763886', 'this candle in amazing.', '2015-12-31 09:45:09'),
(46, 10, 332, 'Rojeena', 'rojeena@amniltech.com', '123456789', 'test', '2016-01-11 17:29:27'),
(47, 12, 209, 'darshana', 'darshanashrestha@hotmail.com', '9851005853', 'this is a test message', '2016-02-01 22:11:30'),
(48, 4, 324, 'darshana shrestha ', 'darshanashrestha@hotmail.com', '9851005853', '10 packets of incence', '2016-02-07 12:19:43'),
(49, 8, 151, 'darshana shrestha', 'darshanashrestha@hotmail.com', '9851005853', 'i want 2pc of diamond stole in white ', '2016-02-07 14:04:14'),
(50, 3, 165, 'darshana', 'darshanashrestha@hotmail.com', '9851005853', 'i want 3 packets of lapsi candy', '2016-03-28 18:00:33'),
(51, 3, 362, 'darshana shrestha', 'darshanashrestha@hotmail.com', '9851005853', 'I want 200 grms of dried tama', '2016-03-29 10:45:14'),
(52, 7, 41, 'rojeena', 'rojeena@amniltech.com', '123456789', 'gfhgf', '2016-03-29 11:13:34'),
(53, 3, 362, 'darshana shrestha', 'darshanashrestha@hotmail.com', '9851005853', 'testing email.', '2016-03-29 11:22:52'),
(54, 4, 29, 'darshana shrestha', 'darshanashrestha@hotmail.com', '9851005853', 'testing', '2016-03-29 11:27:58'),
(55, 4, 381, 'darshana shrestha', 'darshanashrestha@hotmail.com', '9851005853', 'testing', '2016-03-29 11:35:07'),
(56, 14, 344, 'darshana', 'darshanashrestha@hotmail.com', '9851005853', 'testing', '2016-03-29 11:44:10'),
(57, 34, 423, 'kamran haider ', 'k.haider7272@gmail.com', '9870206241', 'i m interest to buy please give me rate', '2016-04-04 01:47:44'),
(58, 5, 32, 'Clemens Kunze', 'clemenskunze@gmail.com', '', 'To whom it may concern,\n\nI will move flats within Patan (close to Durba Square) soon and would like to make a subscription for the Republica. Can you help with this, how much does it cost, what do you need from me and at which time in the morning is the delivery?\n\nThank you for your reply!\n\nBest regards,\nClemens Kunze', '2016-04-04 09:22:36'),
(59, 42, 508, 'Laxmi krishna shrestha', 'd3laxmi@gmail.com', '9851179682', 'I need 3 packs of hot chilly.Can you deliver it in Satdobato,Lalitpur? Call me.', '2016-05-28 16:02:42'),
(60, 42, 508, 'Daniel Shrestha', 'danieshrestha@gmail.com', '9851179682', 'Please send three packs of hot chilly at Satdobato,Lalitpur. Call me.', '2016-05-28 16:07:03'),
(61, 42, 508, 'Daniel Shrestha', 'danieshrestha@gmail.com', '9851179682', 'Please send three packs of hot chilly at Satdobato,Lalitpur. Call me.', '2016-05-28 16:07:24'),
(62, 5, 32, 'srijana Thapa', 'srijanathapa05@gmail.com', '9849964854', 'i wann to subscribe republica  ', '2016-05-28 17:20:40'),
(63, 42, 508, 'Laxmi Krishna Shrestha', 'd3laxmi@gmail.com', '9851179682', 'We need 3 bottle hot Nepali Timoor ko achar. How to buy. Pls cal me. ', '2016-06-20 12:05:28'),
(64, 42, 508, 'Laxmi Krishna Shrestha', 'd3laxmi@gmail.com', '9851179682', 'We need 3 bottle hot Nepali Timoor ko achar. How to buy. Pls cal me. ', '2016-06-20 12:05:56'),
(65, 42, 508, 'Laxmi Krishna Shrestha', 'd3laxmi@gmail.com', '9851179682', 'We need 3 bottle hot Nepali Timoor ko achar. How to buy. Pls cal me. ', '2016-06-20 12:06:12'),
(66, 42, 508, 'Laxmi Krishna Shrestha', 'd3laxmi@gmail.com', '9851179682', 'We need 3 bottle hot Nepali Timoor ko achar. How to buy. Pls cal me. ', '2016-06-20 12:06:20'),
(67, 1, 121, 'Suprava Sharma', 'anupakhanal123@gmail.com', '', 'Hello, I liked the clip presented here. Please let me know how can i buy it.', '2016-06-29 17:07:10'),
(68, 7, 490, 'Dipika Lalchan', 'dipika3@gmail.com', '014444340', 'Will this soap make my skin as smooth as honey? Can you also mention the price of the honey soap?', '2016-07-08 13:34:03');

-- --------------------------------------------------------

--
-- Table structure for table `tbl_product_images`
--

CREATE TABLE `tbl_product_images` (
  `id` int(11) NOT NULL,
  `products_id` int(11) DEFAULT NULL,
  `product_image` varchar(255) NOT NULL,
  `product_image_title` varchar(255) NOT NULL,
  `product_image_description` text NOT NULL,
  `status` enum('1','0') NOT NULL,
  `created_by` int(11) NOT NULL,
  `created_date` datetime NOT NULL,
  `updated_by` int(11) NOT NULL,
  `updated_date` datetime NOT NULL
) ENGINE=InnoDB DEFAULT CHARSET=utf8;

--
-- Dumping data for table `tbl_product_images`
--

INSERT INTO `tbl_product_images` (`id`, `products_id`, `product_image`, `product_image_title`, `product_image_description`, `status`, `created_by`, `created_date`, `updated_by`, `updated_date`) VALUES
(26, 52, 'products_678_1443012863.jpg', '', '', '1', 2, '2015-09-23 18:39:27', 0, '0000-00-00 00:00:00'),
(51, 214, 'products_422_1444381105.jpg', '', '', '1', 2, '2015-10-09 14:43:27', 0, '0000-00-00 00:00:00'),
(62, 267, 'products_820_1449473342.jpg', '', '', '1', 1, '2015-12-07 13:14:09', 1, '2015-12-09 15:00:35'),
(63, 267, 'products_400_1449473339.jpg', '', '', '1', 1, '2015-12-07 13:14:09', 1, '2015-12-09 15:00:35'),
(64, 267, 'products_799_1449473338.jpg', '', '', '1', 1, '2015-12-07 13:14:09', 1, '2015-12-09 15:00:35'),
(83, 6, 'products_189_1449477377.jpg', '', '', '1', 1, '2015-12-07 14:21:20', 1, '2015-12-07 14:22:30'),
(84, 6, 'products_528_1449477374.jpg', '', '', '1', 1, '2015-12-07 14:21:20', 1, '2015-12-07 14:22:30'),
(87, 280, 'products_57_1449562709.jpg', '', '', '1', 1, '2015-12-08 14:03:33', 0, '0000-00-00 00:00:00'),
(88, 280, 'products_119_1449562707.jpg', '', '', '1', 1, '2015-12-08 14:03:33', 0, '0000-00-00 00:00:00'),
(89, 314, 'products_623_1449567132.jpg', '', '', '1', 1, '2015-12-08 15:17:15', 0, '0000-00-00 00:00:00'),
(90, 314, 'products_683_1449567130.jpg', '', '', '1', 1, '2015-12-08 15:17:15', 0, '0000-00-00 00:00:00'),
(93, 321, 'products_685_1449642044.jpg', '', '', '1', 1, '2015-12-09 12:05:52', 34, '2016-03-21 17:25:45'),
(95, 321, 'products_309_1449642042.jpg', '', '', '1', 1, '2015-12-09 12:05:52', 34, '2016-03-21 17:25:45'),
(96, 321, 'products_778_1449642041.jpg', '', '', '1', 1, '2015-12-09 12:05:52', 34, '2016-03-21 17:25:45'),
(97, 321, 'products_44_1449642039.jpg', '', '', '1', 1, '2015-12-09 12:05:52', 34, '2016-03-21 17:25:45'),
(98, 322, 'products_31_1449642235.jpg', '', '', '1', 1, '2015-12-09 12:08:59', 0, '0000-00-00 00:00:00'),
(99, 322, 'products_18_1449642234.jpg', '', '', '1', 1, '2015-12-09 12:08:59', 0, '0000-00-00 00:00:00'),
(100, 322, 'products_22_1449642230.jpg', '', '', '1', 1, '2015-12-09 12:08:59', 0, '0000-00-00 00:00:00'),
(101, 36, 'products_367_1449647126.jpg', '', '', '1', 1, '2015-12-09 13:30:30', 0, '0000-00-00 00:00:00'),
(102, 36, 'products_765_1449647125.jpg', '', '', '1', 1, '2015-12-09 13:30:30', 0, '0000-00-00 00:00:00'),
(106, 47, 'products_280_1449651600.jpg', '', '', '1', 1, '2015-12-09 14:45:03', 0, '0000-00-00 00:00:00'),
(107, 47, 'products_544_1449651597.jpg', '', '', '1', 1, '2015-12-09 14:45:03', 0, '0000-00-00 00:00:00'),
(108, 144, 'products_549_1449651714.jpg', '', '', '1', 1, '2015-12-09 14:47:13', 1, '2015-12-09 14:49:18'),
(109, 144, 'products_186_1449651712.jpg', '', '', '1', 1, '2015-12-09 14:47:13', 1, '2015-12-09 14:49:18'),
(110, 144, 'products_252_1449651853.jpg', '', '', '1', 1, '2015-12-09 14:49:18', 0, '0000-00-00 00:00:00'),
(111, 151, 'products_985_1449651955.jpg', '', '', '1', 1, '2015-12-09 14:50:58', 1, '2015-12-09 14:57:26'),
(112, 151, 'products_395_1449651954.jpg', '', '', '1', 1, '2015-12-09 14:50:58', 1, '2015-12-09 14:57:26'),
(113, 151, 'products_420_1449651952.jpg', '', '', '1', 1, '2015-12-09 14:50:58', 1, '2015-12-09 14:57:26'),
(114, 151, 'products_545_1449651950.jpg', '', '', '1', 1, '2015-12-09 14:50:58', 1, '2015-12-09 14:57:26'),
(115, 267, 'products_925_1449652528.jpg', '', '', '1', 1, '2015-12-09 15:00:35', 0, '0000-00-00 00:00:00'),
(116, 329, 'products_759_1449652706.jpg', '', '', '1', 1, '2015-12-09 15:03:28', 0, '0000-00-00 00:00:00'),
(117, 329, 'products_322_1449652703.jpg', '', '', '1', 1, '2015-12-09 15:03:28', 0, '0000-00-00 00:00:00'),
(118, 126, 'products_353_1449652986.jpg', '', '', '1', 1, '2015-12-09 15:08:09', 0, '0000-00-00 00:00:00'),
(119, 126, 'products_174_1449652985.jpg', '', '', '1', 1, '2015-12-09 15:08:09', 0, '0000-00-00 00:00:00'),
(120, 126, 'products_54_1449652983.jpg', '', '', '1', 1, '2015-12-09 15:08:09', 0, '0000-00-00 00:00:00'),
(122, 197, 'products_782_1449654647.jpg', '', '', '1', 1, '2015-12-09 15:35:51', 1, '2015-12-09 15:36:01'),
(123, 197, 'products_706_1449654645.jpg', '', '', '1', 1, '2015-12-09 15:35:51', 1, '2015-12-09 15:36:01'),
(124, 201, 'products_464_1449655122.jpg', '', '', '1', 1, '2015-12-09 15:43:46', 0, '0000-00-00 00:00:00'),
(125, 201, 'products_940_1449655118.jpg', '', '', '1', 1, '2015-12-09 15:43:47', 0, '0000-00-00 00:00:00'),
(126, 204, 'products_88_1449655390.jpg', '', '', '1', 1, '2015-12-09 15:48:13', 0, '0000-00-00 00:00:00'),
(127, 204, 'products_937_1449655377.jpg', '', '', '1', 1, '2015-12-09 15:48:14', 0, '0000-00-00 00:00:00'),
(128, 209, 'products_577_1449655743.jpg', '', '', '1', 1, '2015-12-09 15:54:06', 0, '0000-00-00 00:00:00'),
(129, 209, 'products_544_1449655740.jpg', '', '', '1', 1, '2015-12-09 15:54:06', 0, '0000-00-00 00:00:00'),
(130, 206, 'products_140_1449655996.jpg', '', '', '1', 1, '2015-12-09 15:58:18', 0, '0000-00-00 00:00:00'),
(131, 206, 'products_44_1449655993.jpg', '', '', '1', 1, '2015-12-09 15:58:18', 0, '0000-00-00 00:00:00'),
(132, 208, 'products_244_1449656167.jpg', '', '', '1', 1, '2015-12-09 16:01:18', 0, '0000-00-00 00:00:00'),
(133, 208, 'products_62_1449656162.jpg', '', '', '1', 1, '2015-12-09 16:01:18', 0, '0000-00-00 00:00:00'),
(134, 331, 'products_113_1449739080.jpg', '', '', '1', 1, '2015-12-10 15:03:05', 0, '0000-00-00 00:00:00'),
(135, 331, 'products_977_1449739078.jpg', '', '', '1', 1, '2015-12-10 15:03:05', 0, '0000-00-00 00:00:00'),
(136, 335, 'products_629_1449739449.jpg', '', '', '1', 1, '2015-12-10 15:09:12', 1, '2015-12-10 15:09:26'),
(137, 335, 'products_991_1449739445.jpg', '', '', '1', 1, '2015-12-10 15:09:12', 1, '2015-12-10 15:09:26'),
(138, 336, 'products_276_1449739599.jpg', '', '', '1', 1, '2015-12-10 15:11:43', 0, '0000-00-00 00:00:00'),
(139, 336, 'products_407_1449739596.jpg', '', '', '1', 1, '2015-12-10 15:11:43', 0, '0000-00-00 00:00:00'),
(140, 337, 'products_538_1449739684.jpg', '', '', '1', 1, '2015-12-10 15:14:57', 0, '0000-00-00 00:00:00'),
(141, 337, 'products_373_1449739682.jpg', '', '', '1', 1, '2015-12-10 15:14:57', 0, '0000-00-00 00:00:00'),
(142, 338, 'products_626_1449739917.jpg', '', '', '1', 1, '2015-12-10 15:17:00', 0, '0000-00-00 00:00:00'),
(143, 338, 'products_168_1449739915.jpg', '', '', '1', 1, '2015-12-10 15:17:00', 0, '0000-00-00 00:00:00'),
(144, 344, 'products_404_1450178183.jpg', '', '', '1', 1, '2015-12-15 17:01:26', 0, '0000-00-00 00:00:00'),
(145, 344, 'products_252_1450178181.jpg', '', '', '1', 1, '2015-12-15 17:01:26', 0, '0000-00-00 00:00:00'),
(146, 370, 'products_584_1458557110.jpg', ' Red Printed Envelop', '', '1', 34, '2016-03-21 16:31:35', 34, '2016-03-21 16:34:57'),
(147, 370, 'products_908_1458557310.jpg', 'White Printed Envelop', '', '1', 34, '2016-03-21 16:34:37', 34, '2016-03-21 16:34:57'),
(148, 370, 'products_646_1458557309.jpg', 'White Printed Envelop', '', '1', 34, '2016-03-21 16:34:37', 34, '2016-03-21 16:34:57'),
(161, 373, 'products_258_1458558930.jpg', 'Note Book', '', '1', 34, '2016-03-21 17:01:02', 34, '2016-03-21 17:42:14'),
(162, 373, 'products_185_1458559279.jpg', '', '', '1', 34, '2016-03-21 17:06:20', 34, '2016-03-21 17:42:14'),
(163, 375, 'products_219_1458559273.jpg', 'Double Color Note Book', '', '1', 34, '2016-03-21 17:07:15', 34, '2016-03-21 17:07:32'),
(164, 375, 'products_91_1458559272.jpg', 'Double Color Note Book', '', '1', 34, '2016-03-21 17:07:15', 34, '2016-03-21 17:07:32'),
(165, 375, 'products_535_1458559271.jpg', 'Double Color Note Book', '', '1', 34, '2016-03-21 17:07:15', 34, '2016-03-21 17:07:32'),
(166, 372, 'products_973_1458559332.jpg', '', '', '1', 34, '2016-03-21 17:07:50', 0, '0000-00-00 00:00:00'),
(167, 376, 'products_826_1458560039.jpg', 'Flower Box', '', '1', 34, '2016-03-21 17:20:08', 0, '0000-00-00 00:00:00'),
(168, 376, 'products_982_1458560038.jpg', 'Three in One Box', '', '1', 34, '2016-03-21 17:20:08', 0, '0000-00-00 00:00:00'),
(169, 377, 'products_263_1458560175.jpg', '', '', '1', 34, '2016-03-21 17:21:21', 0, '0000-00-00 00:00:00'),
(170, 378, 'products_820_1458560313.jpg', 'Recycled Paper and Wool Cushion Cover', '', '1', 34, '2016-03-21 17:24:25', 0, '0000-00-00 00:00:00'),
(171, 378, 'products_584_1458560309.jpg', 'Recycled Paper and Wool Cushion Cover', '', '1', 34, '2016-03-21 17:24:25', 0, '0000-00-00 00:00:00'),
(172, 378, 'products_366_1458560303.jpg', 'Lokta Paper and Wool Cushion Cover', '', '1', 34, '2016-03-21 17:24:25', 0, '0000-00-00 00:00:00'),
(173, 379, 'products_988_1458560402.jpg', '', '', '1', 34, '2016-03-21 17:25:28', 0, '0000-00-00 00:00:00'),
(174, 379, 'products_655_1458560399.jpg', '', '', '1', 34, '2016-03-21 17:25:28', 0, '0000-00-00 00:00:00'),
(175, 379, 'products_440_1458560398.jpg', '', '', '1', 34, '2016-03-21 17:25:28', 0, '0000-00-00 00:00:00'),
(176, 379, 'products_550_1458560398.jpg', '', '', '1', 34, '2016-03-21 17:25:28', 0, '0000-00-00 00:00:00'),
(177, 379, 'products_303_1458560396.jpg', '', '', '1', 34, '2016-03-21 17:25:28', 0, '0000-00-00 00:00:00'),
(178, 321, 'products_823_1458560439.jpg', '', '', '1', 34, '2016-03-21 17:25:45', 0, '0000-00-00 00:00:00'),
(179, 321, 'products_232_1458560437.jpg', '', '', '1', 34, '2016-03-21 17:25:45', 0, '0000-00-00 00:00:00'),
(180, 380, 'products_675_1458560652.jpg', '', '', '1', 34, '2016-03-21 17:29:25', 34, '2016-03-21 17:32:36'),
(181, 380, 'products_9_1458560648.jpg', '', '', '1', 34, '2016-03-21 17:29:25', 34, '2016-03-21 17:32:36'),
(182, 380, 'products_983_1458560647.jpg', '', '', '1', 34, '2016-03-21 17:29:25', 34, '2016-03-21 17:32:36'),
(183, 380, 'products_884_1458560646.jpg', '', '', '1', 34, '2016-03-21 17:29:25', 34, '2016-03-21 17:32:36'),
(185, 380, 'products_643_1458560635.jpg', '', '', '1', 34, '2016-03-21 17:29:25', 34, '2016-03-21 17:32:36'),
(186, 381, 'products_905_1458560724.jpg', '', '', '1', 34, '2016-03-21 17:30:32', 34, '2016-03-21 17:30:57'),
(187, 381, 'products_81_1458560723.jpg', '', '', '1', 34, '2016-03-21 17:30:32', 34, '2016-03-21 17:30:57'),
(188, 373, 'products_730_1458561353.jpg', 'Tie Dye Note Book', '', '1', 34, '2016-03-21 17:42:14', 0, '0000-00-00 00:00:00'),
(189, 373, 'products_874_1458561352.jpg', 'Tie Dye Note Book', '', '1', 34, '2016-03-21 17:42:14', 0, '0000-00-00 00:00:00'),
(190, 373, 'products_424_1458561281.jpg', 'Flower Note Book', '', '1', 34, '2016-03-21 17:42:14', 0, '0000-00-00 00:00:00'),
(191, 373, 'products_779_1458561280.jpg', 'Flower Note Book', '', '1', 34, '2016-03-21 17:42:14', 0, '0000-00-00 00:00:00'),
(192, 388, 'products_416_1458573670.jpg', 'Masala Mix 1', '', '1', 34, '2016-03-21 21:07:33', 34, '2016-03-21 21:07:51'),
(193, 388, 'products_372_1458573667.jpg', 'Masala Mix 2', '', '1', 34, '2016-03-21 21:07:33', 34, '2016-03-21 21:07:51'),
(194, 388, 'products_469_1458573664.jpg', 'Masala Mix 3', '', '1', 34, '2016-03-21 21:07:33', 34, '2016-03-21 21:07:51'),
(195, 390, 'products_480_1458573974.jpg', 'Vegetable Curry Masala', '', '1', 34, '2016-03-21 21:11:37', 0, '0000-00-00 00:00:00'),
(196, 391, 'products_842_1458574254.jpg', 'Sea Food Curry Masala', '', '1', 34, '2016-03-21 21:16:12', 0, '0000-00-00 00:00:00'),
(197, 394, 'products_64_1458574813.jpg', 'Chicken Masala', '', '1', 34, '2016-03-21 21:26:05', 34, '2016-03-21 21:26:28'),
(199, 395, 'products_503_1458575435.jpg', '', '', '1', 34, '2016-03-21 21:35:43', 0, '0000-00-00 00:00:00'),
(200, 395, 'products_170_1458575432.jpg', '', '', '1', 34, '2016-03-21 21:35:43', 0, '0000-00-00 00:00:00'),
(201, 395, 'products_407_1458575427.jpg', '', '', '1', 34, '2016-03-21 21:35:43', 0, '0000-00-00 00:00:00'),
(202, 407, 'products_516_1458747297.jpg', '', '', '1', 34, '2016-03-23 21:20:11', 0, '0000-00-00 00:00:00'),
(203, 407, 'products_124_1458747294.jpg', '', '', '1', 34, '2016-03-23 21:20:11', 0, '0000-00-00 00:00:00'),
(204, 407, 'products_761_1458747289.jpg', '', '', '1', 34, '2016-03-23 21:20:11', 0, '0000-00-00 00:00:00'),
(205, 410, 'products_307_1458747871.jpg', '', '', '1', 34, '2016-03-23 21:29:45', 0, '0000-00-00 00:00:00'),
(206, 410, 'products_446_1458747868.jpg', '', '', '1', 34, '2016-03-23 21:29:45', 0, '0000-00-00 00:00:00'),
(207, 410, 'products_769_1458747863.jpg', '', '', '1', 34, '2016-03-23 21:29:45', 0, '0000-00-00 00:00:00'),
(208, 410, 'products_547_1458747860.jpg', '', '', '1', 34, '2016-03-23 21:29:45', 0, '0000-00-00 00:00:00'),
(209, 410, 'products_889_1458747855.jpg', '', '', '1', 34, '2016-03-23 21:29:45', 0, '0000-00-00 00:00:00'),
(210, 410, 'products_282_1458747852.jpg', '', '', '1', 34, '2016-03-23 21:29:45', 0, '0000-00-00 00:00:00'),
(211, 410, 'products_794_1458747849.jpg', '', '', '1', 34, '2016-03-23 21:29:45', 0, '0000-00-00 00:00:00'),
(212, 410, 'products_776_1458747846.jpg', '', '', '1', 34, '2016-03-23 21:29:45', 0, '0000-00-00 00:00:00'),
(213, 411, 'products_20_1458748694.jpg', '', '', '1', 34, '2016-03-23 21:43:28', 0, '0000-00-00 00:00:00'),
(214, 411, 'products_376_1458748691.jpg', '', '', '1', 34, '2016-03-23 21:43:28', 0, '0000-00-00 00:00:00'),
(215, 411, 'products_645_1458748685.jpg', '', '', '1', 34, '2016-03-23 21:43:28', 0, '0000-00-00 00:00:00'),
(216, 411, 'products_785_1458748680.jpg', '', '', '1', 34, '2016-03-23 21:43:28', 0, '0000-00-00 00:00:00'),
(217, 411, 'products_850_1458748672.jpg', '', '', '1', 34, '2016-03-23 21:43:28', 0, '0000-00-00 00:00:00'),
(218, 411, 'products_306_1458748667.jpg', '', '', '1', 34, '2016-03-23 21:43:28', 0, '0000-00-00 00:00:00'),
(219, 411, 'products_960_1458748660.jpg', '', '', '1', 34, '2016-03-23 21:43:28', 0, '0000-00-00 00:00:00'),
(220, 411, 'products_187_1458748658.jpg', '', '', '1', 34, '2016-03-23 21:43:28', 0, '0000-00-00 00:00:00'),
(221, 411, 'products_978_1458748653.jpg', '', '', '1', 34, '2016-03-23 21:43:28', 0, '0000-00-00 00:00:00'),
(222, 412, 'products_961_1458748902.jpg', '', '', '1', 34, '2016-03-23 21:46:51', 0, '0000-00-00 00:00:00'),
(223, 412, 'products_49_1458748898.jpg', '', '', '1', 34, '2016-03-23 21:46:51', 0, '0000-00-00 00:00:00'),
(224, 413, 'products_606_1458749199.jpg', '', '', '1', 34, '2016-03-23 21:52:00', 0, '0000-00-00 00:00:00'),
(225, 413, 'products_389_1458749195.jpg', '', '', '1', 34, '2016-03-23 21:52:00', 0, '0000-00-00 00:00:00'),
(226, 413, 'products_204_1458749192.jpg', '', '', '1', 34, '2016-03-23 21:52:00', 0, '0000-00-00 00:00:00'),
(227, 413, 'products_90_1458749188.jpg', '', '', '1', 34, '2016-03-23 21:52:00', 0, '0000-00-00 00:00:00'),
(228, 413, 'products_449_1458749185.jpg', '', '', '1', 34, '2016-03-23 21:52:00', 0, '0000-00-00 00:00:00'),
(229, 413, 'products_479_1458749183.jpg', '', '', '1', 34, '2016-03-23 21:52:00', 0, '0000-00-00 00:00:00'),
(230, 423, 'products_732_1459182236.jpg', '', '', '1', 34, '2016-03-28 22:09:02', 0, '0000-00-00 00:00:00'),
(231, 423, 'products_623_1459182229.jpg', '', '', '1', 34, '2016-03-28 22:09:02', 0, '0000-00-00 00:00:00'),
(232, 423, 'products_993_1459182222.jpg', '', '', '1', 34, '2016-03-28 22:09:02', 0, '0000-00-00 00:00:00'),
(233, 423, 'products_492_1459182218.jpg', '', '', '1', 34, '2016-03-28 22:09:02', 0, '0000-00-00 00:00:00'),
(234, 423, 'products_548_1459182212.jpg', '', '', '1', 34, '2016-03-28 22:09:02', 0, '0000-00-00 00:00:00'),
(235, 427, 'products_396_1459215701.jpg', '', '', '1', 34, '2016-03-29 07:26:51', 0, '0000-00-00 00:00:00'),
(236, 428, 'products_270_1459215988.jpg', '', '', '1', 34, '2016-03-29 07:31:45', 0, '0000-00-00 00:00:00'),
(237, 428, 'products_661_1459215987.jpg', '', '', '1', 34, '2016-03-29 07:31:45', 0, '0000-00-00 00:00:00'),
(238, 428, 'products_487_1459215985.jpg', '', '', '1', 34, '2016-03-29 07:31:45', 0, '0000-00-00 00:00:00'),
(239, 428, 'products_772_1459215984.jpg', '', '', '1', 34, '2016-03-29 07:31:45', 0, '0000-00-00 00:00:00'),
(240, 428, 'products_501_1459215983.jpg', '', '', '1', 34, '2016-03-29 07:31:45', 0, '0000-00-00 00:00:00'),
(241, 428, 'products_985_1459215982.jpg', '', '', '1', 34, '2016-03-29 07:31:45', 0, '0000-00-00 00:00:00'),
(242, 428, 'products_764_1459215980.jpg', '', '', '1', 34, '2016-03-29 07:31:45', 0, '0000-00-00 00:00:00'),
(243, 428, 'products_206_1459215979.jpg', '', '', '1', 34, '2016-03-29 07:31:45', 0, '0000-00-00 00:00:00'),
(244, 428, 'products_623_1459215978.jpg', '', '', '1', 34, '2016-03-29 07:31:45', 0, '0000-00-00 00:00:00'),
(245, 428, 'products_851_1459215976.jpg', '', '', '1', 34, '2016-03-29 07:31:45', 0, '0000-00-00 00:00:00'),
(246, 428, 'products_376_1459215975.jpg', '', '', '1', 34, '2016-03-29 07:31:45', 0, '0000-00-00 00:00:00'),
(247, 428, 'products_875_1459215973.jpg', '', '', '1', 34, '2016-03-29 07:31:45', 0, '0000-00-00 00:00:00'),
(248, 428, 'products_108_1459215971.jpg', '', '', '1', 34, '2016-03-29 07:31:45', 0, '0000-00-00 00:00:00'),
(249, 428, 'products_447_1459215968.jpg', '', '', '1', 34, '2016-03-29 07:31:45', 0, '0000-00-00 00:00:00'),
(250, 429, 'products_861_1459216366.jpg', 'Bulbs', '', '1', 34, '2016-03-29 07:39:18', 0, '0000-00-00 00:00:00'),
(251, 429, 'products_418_1459216366.jpg', 'Ready for export', '', '1', 34, '2016-03-29 07:39:18', 0, '0000-00-00 00:00:00'),
(252, 429, 'products_71_1459216364.jpg', 'Ready for export', '', '1', 34, '2016-03-29 07:39:18', 0, '0000-00-00 00:00:00'),
(253, 429, 'products_680_1459216363.jpg', 'Processing', '', '1', 34, '2016-03-29 07:39:18', 0, '0000-00-00 00:00:00'),
(254, 429, 'products_20_1459216362.jpg', '', '', '1', 34, '2016-03-29 07:39:18', 0, '0000-00-00 00:00:00'),
(255, 429, 'products_283_1459216361.jpg', '', '', '1', 34, '2016-03-29 07:39:18', 0, '0000-00-00 00:00:00'),
(256, 429, 'products_97_1459216360.jpg', '', '', '1', 34, '2016-03-29 07:39:18', 0, '0000-00-00 00:00:00'),
(257, 429, 'products_906_1459216357.jpg', '', '', '1', 34, '2016-03-29 07:39:18', 0, '0000-00-00 00:00:00'),
(258, 430, 'products_775_1459217329.jpg', '', '', '1', 34, '2016-03-29 07:53:57', 0, '0000-00-00 00:00:00'),
(259, 430, 'products_337_1459217327.jpg', '', '', '1', 34, '2016-03-29 07:53:57', 0, '0000-00-00 00:00:00'),
(260, 435, 'products_633_1459219720.jpg', '', '', '1', 34, '2016-03-29 08:33:44', 34, '2016-03-29 09:07:06'),
(261, 436, 'products_273_1459219756.jpg', '', '', '1', 34, '2016-03-29 08:34:28', 0, '0000-00-00 00:00:00'),
(262, 440, 'products_917_1459221383.jpg', '', '', '1', 34, '2016-03-29 09:01:29', 34, '2016-03-29 09:08:10'),
(263, 435, 'products_479_1459221714.jpg', '', '', '1', 34, '2016-03-29 09:07:06', 0, '0000-00-00 00:00:00'),
(264, 435, 'products_4_1459221714.jpg', '', '', '1', 34, '2016-03-29 09:07:06', 0, '0000-00-00 00:00:00'),
(265, 440, 'products_484_1459221784.jpg', '', '', '1', 34, '2016-03-29 09:08:10', 0, '0000-00-00 00:00:00'),
(266, 449, 'products_473_1459294346.jpg', 'Diamond Bangles', '', '1', 34, '2016-03-30 05:17:44', 0, '0000-00-00 00:00:00'),
(267, 452, 'products_310_1459300749.jpg', '', '', '1', 34, '2016-03-30 07:04:13', 0, '0000-00-00 00:00:00'),
(268, 452, 'products_250_1459300747.jpg', '', '', '1', 34, '2016-03-30 07:04:13', 0, '0000-00-00 00:00:00'),
(269, 459, 'products_412_1459303233.jpg', '', '', '1', 34, '2016-03-30 07:47:06', 0, '0000-00-00 00:00:00'),
(270, 459, 'products_667_1459303231.jpg', '', '', '1', 34, '2016-03-30 07:47:06', 0, '0000-00-00 00:00:00'),
(271, 456, 'products_420_1459303440.jpg', '', '', '1', 34, '2016-03-30 07:49:12', 0, '0000-00-00 00:00:00'),
(272, 456, 'products_258_1459303438.jpg', '', '', '1', 34, '2016-03-30 07:49:12', 0, '0000-00-00 00:00:00'),
(273, 456, 'products_675_1459303437.jpg', '', '', '1', 34, '2016-03-30 07:49:12', 0, '0000-00-00 00:00:00'),
(274, 456, 'products_16_1459303435.jpg', '', '', '1', 34, '2016-03-30 07:49:12', 0, '0000-00-00 00:00:00'),
(275, 457, 'products_532_1459303539.jpg', '', '', '1', 34, '2016-03-30 07:50:48', 0, '0000-00-00 00:00:00'),
(276, 457, 'products_815_1459303536.jpg', '', '', '1', 34, '2016-03-30 07:50:48', 0, '0000-00-00 00:00:00'),
(277, 470, 'products_552_1459310310.jpg', '', '', '1', 34, '2016-03-30 09:43:39', 0, '0000-00-00 00:00:00'),
(278, 470, 'products_439_1459310308.jpg', '', '', '1', 34, '2016-03-30 09:43:39', 0, '0000-00-00 00:00:00'),
(279, 473, 'products_347_1459386991.jpg', '', '', '1', 34, '2016-03-31 07:01:40', 0, '0000-00-00 00:00:00'),
(280, 474, 'products_915_1459387105.jpg', '', '', '1', 34, '2016-03-31 07:03:32', 0, '0000-00-00 00:00:00'),
(281, 476, 'products_715_1459387562.jpg', '', '', '1', 34, '2016-03-31 07:11:07', 0, '0000-00-00 00:00:00'),
(282, 476, 'products_379_1459387560.jpg', '', '', '1', 34, '2016-03-31 07:11:07', 0, '0000-00-00 00:00:00'),
(283, 477, 'products_739_1459387620.jpg', 'Wrap Dress', '', '1', 34, '2016-03-31 07:12:22', 0, '0000-00-00 00:00:00'),
(284, 477, 'products_32_1459387617.jpg', 'Long Dress', '', '1', 34, '2016-03-31 07:12:22', 0, '0000-00-00 00:00:00'),
(285, 499, 'products_399_1459402877.jpg', '', '', '1', 34, '2016-03-31 11:26:29', 0, '0000-00-00 00:00:00'),
(286, 488, 'products_496_1459402985.jpg', '', '', '1', 34, '2016-03-31 11:28:15', 0, '0000-00-00 00:00:00'),
(287, 510, 'products_460_1464058848.jpg', '', '', '1', 34, '2016-05-24 08:45:56', 0, '0000-00-00 00:00:00'),
(288, 510, 'products_150_1464058846.jpg', '', '', '1', 34, '2016-05-24 08:45:56', 0, '0000-00-00 00:00:00'),
(289, 511, 'products_859_1464058976.jpg', '', '', '1', 34, '2016-05-24 08:48:14', 0, '0000-00-00 00:00:00'),
(290, 511, 'products_872_1464058972.jpg', '', '', '1', 34, '2016-05-24 08:48:14', 0, '0000-00-00 00:00:00'),
(291, 515, 'products_165_1468841573.jpg', 'sdf', '', '1', 1, '2016-07-18 17:17:55', 1, '2016-07-18 17:18:01');

-- --------------------------------------------------------

--
-- Table structure for table `tbl_product_rate`
--

CREATE TABLE `tbl_product_rate` (
  `id` int(11) NOT NULL,
  `ip_address` varchar(255) NOT NULL,
  `enterprise_id` int(11) NOT NULL,
  `product_id` int(11) DEFAULT NULL,
  `email` varchar(255) NOT NULL,
  `rate` float NOT NULL,
  `rate_date` datetime NOT NULL
) ENGINE=InnoDB DEFAULT CHARSET=utf8;

--
-- Dumping data for table `tbl_product_rate`
--

INSERT INTO `tbl_product_rate` (`id`, `ip_address`, `enterprise_id`, `product_id`, `email`, `rate`, `rate_date`) VALUES
(1, '110.44.119.46', 1, 1, 'animesh@amniltech.com', 4.5, '2015-07-09 13:33:19'),
(2, '110.44.119.46', 1, 1, 'test@yest.com', 5, '2015-07-09 13:35:51'),
(3, '110.44.119.76', 12, 196, 'anoop@amniltech.com', 4, '2015-10-26 13:11:06'),
(4, '110.44.119.76', 12, 196, 'animesh@amniltech.com', 5, '2015-10-26 13:15:32'),
(5, '127.0.0.1', 2, 176, 'test@gmail.com', 1.5, '2015-11-27 11:34:43'),
(6, '127.0.0.1', 13, 241, 'anoop@amniltech.com', 2.5, '2015-12-02 18:05:58'),
(7, '110.44.119.202', 13, 241, 'anup@test.com', 5, '2015-12-03 18:18:26'),
(8, '43.245.84.39', 7, 41, 'rojeena@amniltech.com', 4, '2015-12-31 09:39:38'),
(9, '43.245.84.39', 14, 328, 'rojeena@amniltech.com', 4.5, '2015-12-31 09:51:34'),
(10, '45.64.160.87', 1, 122, 'pyakurelpabitra@gmail.com', 5, '2016-01-01 14:30:30'),
(11, '110.44.117.44', 10, 332, 'rojeena@amniltech.com', 3.5, '2016-01-11 17:29:58'),
(12, '49.244.11.211', 8, 151, 'darshanashrestha@hotmail.com', 0, '2016-02-01 22:13:47'),
(13, '45.64.160.66', 4, 240, 'darshanashrestha@hotmail.com', 0, '2016-02-07 12:32:29'),
(14, '45.64.160.66', 3, 26, 'darshanashrestha@hotmail.com', 2.5, '2016-02-07 13:19:01'),
(15, '120.89.109.145', 1, 298, 'pyakurelpabitra@gmail.com', 5, '2016-02-15 22:58:19'),
(16, '113.199.154.17', 3, 165, 'nepalarati@hotmail.com', 3, '2016-03-23 17:17:49'),
(17, '113.199.154.17', 4, 378, 'nepalarati@hotmail.Com', 4, '2016-03-23 17:25:03'),
(18, '43.245.85.38', 32, 419, 'dipak@hotmal.com', 4.5, '2016-03-30 18:30:45'),
(19, '113.199.247.148', 1, 274, 'pyakurelpabitra@gmail.com', 5, '2016-06-29 12:54:06'),
(20, '113.199.247.148', 37, 445, 'pyakurelpabitra@gmail.com', 5, '2016-06-29 12:56:37'),
(21, '113.199.247.148', 37, 444, 'pyakurelpabitra@gmail.com', 0, '2016-06-29 12:57:50'),
(22, '113.199.158.143', 7, 496, 'pyakurelpabitra@gmail.com', 5, '2016-06-30 16:53:55'),
(23, '113.199.158.143', 7, 488, 'pyakurelpabitra@gmail.com', 5, '2016-06-30 16:56:24'),
(24, '45.64.162.49', 7, 491, 'dipika3@gmail.com', 3.5, '2016-07-08 13:26:41'),
(25, '45.64.162.49', 7, 486, 'dipika3@gmail.com', 4.5, '2016-07-08 13:30:12');

-- --------------------------------------------------------

--
-- Table structure for table `tbl_product_review`
--

CREATE TABLE `tbl_product_review` (
  `id` int(11) NOT NULL,
  `ip_address` varchar(255) NOT NULL,
  `enterprise_id` int(11) DEFAULT NULL,
  `product_id` int(11) DEFAULT NULL,
  `customer_name` varchar(255) NOT NULL,
  `email` varchar(255) NOT NULL,
  `review` text NOT NULL,
  `review_date` datetime NOT NULL
) ENGINE=InnoDB DEFAULT CHARSET=utf8;

--
-- Dumping data for table `tbl_product_review`
--

INSERT INTO `tbl_product_review` (`id`, `ip_address`, `enterprise_id`, `product_id`, `customer_name`, `email`, `review`, `review_date`) VALUES
(1, '192.168.88.136', 13, 264, 'samjhana joshi', 'samjhana@amniltech.com', 'this is just the test review.', '0000-00-00 00:00:00'),
(2, '192.168.88.136', 4, 240, 'samjhana joshi', 'samjhana@amniltech.com', 'another test review', '0000-00-00 00:00:00'),
(3, '127.0.0.1', 2, 176, 'test sub domain', 'test@gmail.com', 'review test', '2015-11-27 11:34:43'),
(4, '127.0.0.1', 13, 241, 'naoop', 'anoop@amniltech.com', 'hello', '2015-12-02 18:05:58'),
(5, '110.44.119.202', 13, 241, 'anup', 'anup@test.com', 'nice', '2015-12-03 18:18:26'),
(6, '43.245.84.39', 7, 41, 'Rojeena Shrestha', 'rojeena@amniltech.com', 'This soap is amazing', '2015-12-31 09:39:38'),
(7, '43.245.84.39', 14, 328, 'Rojeena Shrestha', 'rojeena@amniltech.com', 'nice honey', '2015-12-31 09:51:34'),
(8, '45.64.160.87', 1, 122, 'Pabitra Ghimire', 'pyakurelpabitra@gmail.com', 'Nice product. I have used.', '2016-01-01 14:30:30'),
(9, '110.44.117.44', 10, 332, 'Rojeena Shrestha', 'rojeena@amniltech.com', 'Very Cute!!!!!', '2016-01-11 17:29:58'),
(10, '49.244.11.211', 8, 151, 'Darshana Shrestha', 'darshanashrestha@hotmail.com', ' A perfect gift from Nepal ', '2016-02-01 22:13:47'),
(11, '45.64.160.66', 4, 240, 'darshana', 'darshanashrestha@hotmail.com', 'very innovative....', '2016-02-07 12:32:29'),
(12, '45.64.160.66', 3, 26, 'darshana', 'darshanashrestha@hotmail.com', 'good taste', '2016-02-07 13:19:01'),
(13, '120.89.109.145', 1, 298, 'Pabitra Ghimire', 'pyakurelpabitra@gmail.com', 'Nice Necklace. Liked it', '2016-02-15 22:58:19'),
(14, '113.199.154.17', 3, 165, 'arati nepal', 'nepalarati@hotmail.com', 'Very very tasty', '2016-03-23 17:17:49'),
(15, '113.199.154.17', 4, 378, 'arati Nepal ', 'nepalarati@hotmail.Com', 'Good product', '2016-03-23 17:25:03'),
(16, '43.245.85.38', 32, 419, 'Dipak Thapa', 'dipak@hotmal.com', 'I like this software.\n', '2016-03-30 18:30:45'),
(17, '113.199.247.148', 1, 274, 'pabitra', 'pyakurelpabitra@gmail.com', 'Designed beautifully', '2016-06-29 12:54:06'),
(18, '113.199.247.148', 37, 445, 'Pabitra', 'pyakurelpabitra@gmail.com', 'Eager to no the cost', '2016-06-29 12:56:37'),
(19, '113.199.247.148', 37, 444, 'Pabitra', 'pyakurelpabitra@gmail.com', 'Great combination of Diamond with Ruby.', '2016-06-29 12:57:50'),
(20, '113.199.158.143', 7, 496, 'Subash', 'pyakurelpabitra@gmail.com', 'Eager to know the description of this product with cost.', '2016-06-30 16:53:55'),
(21, '113.199.158.143', 7, 488, 'Samriddhi', 'pyakurelpabitra@gmail.com', 'Does it beautify me like rose?? And what is the cost??', '2016-06-30 16:56:24'),
(22, '45.64.162.49', 7, 491, 'Dipika Lalchan', 'dipika3@gmail.com', 'no harmful chemicals added, naturally best.', '2016-07-08 13:26:41'),
(23, '45.64.162.49', 7, 486, 'Dipika Lalchan', 'dipika3@gmail.com', 'Made with the goodness of milk which will lock the moisture of your skin.  ', '2016-07-08 13:30:12');

-- --------------------------------------------------------

--
-- Table structure for table `tbl_profile`
--

CREATE TABLE `tbl_profile` (
  `id` int(100) NOT NULL,
  `site_id` int(100) NOT NULL,
  `profile_name` varchar(50) NOT NULL,
  `super_admin` enum('False','True') NOT NULL DEFAULT 'False',
  `enterprise_related` enum('0','1') NOT NULL,
  `created_by` int(100) NOT NULL,
  `created_date` datetime NOT NULL,
  `modified_by` int(100) NOT NULL,
  `modified_date` datetime NOT NULL
) ENGINE=InnoDB DEFAULT CHARSET=utf8;

--
-- Dumping data for table `tbl_profile`
--

INSERT INTO `tbl_profile` (`id`, `site_id`, `profile_name`, `super_admin`, `enterprise_related`, `created_by`, `created_date`, `modified_by`, `modified_date`) VALUES
(1, 1, 'Super Administrator', 'True', '0', 0, '0000-00-00 00:00:00', 0, '0000-00-00 00:00:00'),
(2, 1, 'Winbiz Admin', 'True', '0', 1, '2015-06-25 16:11:05', 1, '2016-03-29 09:37:01'),
(6, 3, 'Sunita Enterprise', 'False', '1', 1, '2015-11-19 14:37:20', 0, '0000-00-00 00:00:00'),
(7, 2, 'Spicy Enterprise Admin', 'False', '1', 1, '2015-11-25 15:27:35', 0, '0000-00-00 00:00:00'),
(8, 10, 'Super Admin', 'True', '1', 1, '2016-07-12 18:22:54', 1, '2016-07-13 10:30:00'),
(9, 10, 'Viewer', 'False', '1', 1, '2016-07-13 09:40:13', 1, '2016-07-13 10:30:57'),
(10, 10, 'Admin', 'False', '0', 1, '2016-07-13 10:41:51', 0, '0000-00-00 00:00:00');

-- --------------------------------------------------------

--
-- Table structure for table `tbl_profile_detail`
--

CREATE TABLE `tbl_profile_detail` (
  `id` int(100) NOT NULL,
  `profile_id` int(100) NOT NULL,
  `module_id` int(100) NOT NULL,
  `add_module` tinyint(1) NOT NULL,
  `edit_module` tinyint(1) NOT NULL,
  `view_module` tinyint(1) NOT NULL,
  `delete_module` tinyint(1) NOT NULL
) ENGINE=InnoDB DEFAULT CHARSET=utf8;

--
-- Dumping data for table `tbl_profile_detail`
--

INSERT INTO `tbl_profile_detail` (`id`, `profile_id`, `module_id`, `add_module`, `edit_module`, `view_module`, `delete_module`) VALUES
(1, 2, 15, 1, 1, 1, 1),
(2, 2, 40, 1, 1, 1, 1),
(3, 2, 38, 1, 1, 1, 1),
(4, 2, 41, 1, 1, 1, 1),
(5, 2, 6, 1, 1, 1, 1),
(6, 2, 7, 1, 1, 1, 0),
(7, 2, 8, 0, 0, 0, 0),
(8, 2, 43, 1, 1, 1, 1),
(9, 3, 15, 0, 0, 0, 0),
(10, 3, 40, 0, 0, 0, 0),
(11, 3, 38, 0, 0, 0, 0),
(12, 3, 41, 0, 0, 0, 0),
(13, 3, 6, 1, 1, 1, 1),
(14, 3, 7, 1, 1, 1, 0),
(15, 3, 8, 0, 0, 0, 0),
(16, 3, 43, 1, 1, 1, 1),
(17, 2, 45, 0, 0, 1, 0),
(18, 2, 46, 1, 1, 1, 1),
(19, 3, 45, 1, 1, 1, 0),
(20, 3, 46, 0, 0, 0, 0),
(60, 2, 9, 1, 1, 1, 1),
(61, 2, 10, 1, 1, 1, 1),
(62, 2, 11, 1, 1, 1, 1),
(63, 2, 17, 1, 1, 1, 1),
(64, 2, 18, 1, 1, 1, 1),
(65, 2, 19, 1, 1, 1, 1),
(66, 2, 23, 0, 0, 0, 0),
(67, 2, 44, 0, 0, 0, 0),
(68, 2, 47, 1, 1, 1, 1),
(69, 3, 9, 1, 1, 1, 1),
(70, 3, 10, 1, 1, 1, 1),
(71, 3, 11, 1, 1, 1, 1),
(72, 3, 17, 0, 0, 0, 0),
(73, 3, 18, 0, 0, 0, 0),
(74, 3, 19, 0, 0, 0, 0),
(75, 3, 23, 0, 0, 0, 0),
(76, 3, 44, 1, 1, 1, 1),
(77, 3, 47, 1, 1, 1, 1),
(87, 4, 15, 0, 0, 0, 0),
(88, 4, 9, 0, 0, 0, 0),
(89, 4, 10, 0, 0, 0, 0),
(90, 4, 11, 0, 0, 0, 0),
(91, 4, 17, 0, 0, 0, 0),
(92, 4, 18, 0, 0, 0, 0),
(93, 4, 19, 0, 0, 0, 0),
(94, 4, 23, 0, 0, 0, 0),
(95, 4, 44, 0, 0, 0, 0),
(96, 4, 47, 1, 1, 1, 0),
(97, 4, 40, 0, 0, 0, 0),
(98, 4, 38, 0, 0, 0, 0),
(99, 4, 45, 1, 1, 1, 0),
(100, 4, 46, 1, 1, 1, 1),
(101, 4, 41, 1, 1, 1, 1),
(102, 4, 6, 0, 0, 0, 0),
(103, 4, 7, 0, 0, 0, 0),
(104, 4, 8, 0, 0, 0, 0),
(105, 4, 43, 0, 0, 0, 0),
(106, 2, 48, 1, 1, 1, 1),
(107, 3, 48, 0, 0, 0, 0),
(108, 3, 5, 0, 1, 1, 0),
(109, 3, 1, 0, 0, 0, 0),
(110, 3, 4, 0, 1, 1, 0),
(111, 3, 49, 1, 1, 1, 1),
(112, 3, 20, 0, 0, 0, 0),
(113, 3, 50, 1, 1, 1, 1),
(114, 3, 51, 1, 1, 1, 1),
(115, 3, 2, 0, 0, 0, 0),
(116, 4, 5, 0, 0, 0, 0),
(117, 4, 1, 0, 0, 0, 0),
(118, 4, 4, 0, 0, 0, 0),
(119, 4, 49, 1, 1, 1, 1),
(120, 4, 20, 0, 0, 0, 0),
(121, 4, 50, 1, 1, 1, 1),
(122, 4, 51, 1, 1, 1, 1),
(123, 4, 48, 0, 0, 0, 0),
(124, 4, 2, 0, 0, 0, 0),
(125, 2, 5, 1, 1, 1, 1),
(126, 2, 1, 0, 0, 0, 0),
(127, 2, 4, 1, 1, 1, 1),
(128, 2, 49, 1, 1, 1, 1),
(129, 2, 20, 0, 0, 0, 0),
(130, 2, 50, 1, 1, 1, 1),
(131, 2, 51, 1, 1, 1, 1),
(132, 2, 2, 0, 0, 0, 0),
(133, 5, 9, 1, 1, 1, 1),
(134, 5, 10, 1, 1, 1, 1),
(135, 5, 11, 1, 1, 1, 1),
(136, 5, 15, 1, 1, 1, 1),
(137, 5, 17, 1, 1, 1, 1),
(138, 5, 18, 1, 1, 1, 1),
(139, 5, 19, 1, 1, 1, 1),
(140, 5, 23, 0, 0, 0, 0),
(141, 5, 44, 0, 0, 0, 0),
(142, 5, 49, 1, 1, 1, 1),
(143, 5, 47, 1, 1, 1, 1),
(144, 5, 54, 1, 1, 1, 1),
(145, 5, 38, 0, 0, 0, 0),
(146, 5, 40, 1, 1, 1, 1),
(147, 5, 45, 1, 1, 1, 1),
(148, 5, 50, 1, 1, 1, 1),
(149, 5, 51, 1, 1, 1, 1),
(150, 5, 55, 1, 1, 1, 1),
(151, 5, 41, 1, 1, 1, 1),
(152, 5, 46, 0, 0, 0, 0),
(153, 5, 48, 1, 1, 1, 1),
(154, 5, 6, 1, 1, 1, 1),
(155, 5, 7, 1, 1, 1, 1),
(156, 5, 8, 0, 0, 0, 0),
(157, 5, 43, 1, 1, 1, 1),
(158, 6, 9, 1, 1, 1, 1),
(159, 6, 10, 1, 1, 1, 0),
(160, 6, 11, 1, 1, 1, 0),
(161, 6, 15, 1, 1, 1, 0),
(162, 6, 17, 1, 1, 1, 1),
(163, 6, 18, 1, 1, 1, 1),
(164, 6, 19, 1, 1, 1, 1),
(165, 6, 23, 0, 0, 0, 0),
(166, 6, 44, 0, 0, 0, 0),
(167, 6, 49, 1, 1, 1, 1),
(168, 6, 47, 1, 1, 1, 0),
(169, 6, 54, 0, 0, 0, 0),
(170, 6, 38, 0, 0, 0, 0),
(171, 6, 40, 0, 0, 0, 0),
(172, 6, 45, 1, 1, 1, 0),
(173, 6, 50, 1, 1, 1, 1),
(174, 6, 51, 1, 1, 1, 1),
(175, 6, 55, 1, 1, 1, 0),
(176, 6, 41, 1, 1, 1, 0),
(177, 6, 46, 0, 0, 0, 0),
(178, 6, 48, 1, 1, 1, 0),
(179, 6, 6, 1, 1, 1, 0),
(180, 6, 7, 1, 1, 1, 0),
(181, 6, 8, 0, 0, 0, 0),
(182, 6, 43, 1, 1, 1, 0),
(183, 7, 5, 0, 0, 0, 0),
(184, 7, 1, 0, 0, 0, 0),
(185, 7, 4, 0, 0, 0, 0),
(186, 7, 9, 1, 1, 1, 1),
(187, 7, 10, 1, 1, 1, 0),
(188, 7, 11, 1, 1, 1, 0),
(189, 7, 15, 1, 1, 1, 0),
(190, 7, 17, 1, 1, 1, 1),
(191, 7, 18, 1, 1, 1, 1),
(192, 7, 19, 1, 1, 1, 1),
(193, 7, 23, 0, 0, 0, 0),
(194, 7, 44, 0, 0, 0, 0),
(195, 7, 49, 1, 1, 1, 1),
(196, 7, 20, 0, 0, 0, 0),
(197, 7, 47, 1, 1, 1, 0),
(198, 7, 54, 0, 0, 0, 0),
(199, 7, 38, 0, 0, 0, 0),
(200, 7, 40, 0, 0, 0, 0),
(201, 7, 45, 1, 1, 1, 0),
(202, 7, 52, 0, 0, 0, 0),
(203, 7, 53, 0, 0, 0, 0),
(204, 7, 50, 1, 1, 1, 1),
(205, 7, 51, 1, 1, 1, 1),
(206, 7, 55, 1, 1, 1, 0),
(207, 7, 41, 1, 1, 1, 0),
(208, 7, 46, 0, 0, 0, 0),
(209, 7, 48, 1, 1, 1, 0),
(210, 7, 2, 0, 0, 0, 0),
(211, 7, 6, 1, 1, 1, 0),
(212, 7, 7, 1, 1, 1, 0),
(213, 7, 8, 0, 0, 0, 0),
(214, 7, 43, 1, 1, 1, 0),
(215, 2, 54, 1, 1, 1, 1),
(216, 2, 52, 1, 1, 1, 1),
(217, 2, 53, 1, 1, 1, 1),
(218, 2, 56, 1, 1, 1, 1),
(219, 2, 55, 1, 1, 1, 1),
(220, 9, 9, 1, 1, 1, 1),
(221, 9, 10, 1, 1, 1, 1),
(222, 9, 11, 1, 1, 1, 1),
(223, 9, 15, 0, 0, 0, 0),
(224, 9, 17, 1, 1, 1, 1),
(225, 9, 18, 1, 1, 1, 1),
(226, 9, 19, 1, 1, 1, 1),
(227, 9, 23, 1, 1, 1, 1),
(228, 9, 44, 1, 1, 1, 1),
(229, 9, 49, 0, 0, 0, 0),
(230, 9, 47, 0, 0, 0, 0),
(231, 9, 54, 0, 0, 0, 0),
(232, 9, 38, 0, 0, 0, 0),
(233, 9, 40, 0, 0, 0, 0),
(234, 9, 45, 0, 0, 0, 0),
(235, 9, 50, 0, 0, 0, 0),
(236, 9, 51, 0, 0, 0, 0),
(237, 9, 55, 1, 1, 1, 1),
(238, 9, 41, 1, 1, 1, 1),
(239, 9, 46, 1, 1, 1, 1),
(240, 9, 48, 1, 1, 1, 1),
(241, 9, 6, 0, 0, 0, 0),
(242, 9, 7, 0, 0, 0, 0),
(243, 9, 8, 0, 0, 0, 0),
(244, 9, 43, 0, 0, 0, 0),
(245, 9, 58, 0, 0, 0, 0),
(246, 9, 59, 0, 0, 0, 0),
(247, 9, 60, 0, 0, 0, 0),
(248, 9, 62, 1, 1, 1, 1),
(249, 9, 57, 0, 0, 0, 0),
(250, 9, 63, 1, 1, 1, 1),
(251, 9, 64, 1, 1, 1, 1),
(252, 9, 65, 1, 1, 1, 1);

-- --------------------------------------------------------

--
-- Table structure for table `tbl_setting`
--

CREATE TABLE `tbl_setting` (
  `id` int(11) NOT NULL,
  `setting_title` varchar(255) NOT NULL,
  `setting_name` varchar(255) NOT NULL,
  `setting_value` varchar(255) NOT NULL,
  `created_by` int(100) NOT NULL,
  `created_date` datetime NOT NULL,
  `modified_by` int(100) NOT NULL,
  `modified_date` datetime NOT NULL
) ENGINE=InnoDB DEFAULT CHARSET=utf8;

-- --------------------------------------------------------

--
-- Table structure for table `tbl_site`
--

CREATE TABLE `tbl_site` (
  `id` int(100) NOT NULL,
  `site_title` varchar(255) NOT NULL,
  `site_name` varchar(255) NOT NULL,
  `main_site` tinyint(1) NOT NULL DEFAULT '0',
  `enterprise_id` int(11) DEFAULT NULL,
  `sub_domain` varchar(255) NOT NULL,
  `site_offline` enum('yes','no') NOT NULL DEFAULT 'yes',
  `site_offline_msg` text NOT NULL,
  `site_from_email` varchar(255) NOT NULL,
  `site_description` text NOT NULL,
  `site_keyword` text NOT NULL,
  `google_analytics_code` varchar(255) NOT NULL,
  `modules_enabled` varchar(500) NOT NULL,
  `siteBanner` varchar(800) NOT NULL,
  `imageSize` varchar(800) NOT NULL,
  `created_by` int(100) NOT NULL,
  `created_date` datetime NOT NULL,
  `modified_by` int(100) NOT NULL,
  `modified_date` datetime NOT NULL,
  `site_logo` varchar(800) NOT NULL,
  `facebook_url` varchar(255) DEFAULT NULL,
  `twitter_url` varchar(255) DEFAULT NULL,
  `youtube_url` varchar(255) DEFAULT NULL,
  `linkedin_url` varchar(255) DEFAULT NULL,
  `instagram_url` varchar(255) DEFAULT NULL,
  `share_title` varchar(255) NOT NULL,
  `share_image` varchar(255) NOT NULL,
  `share_link` varchar(255) NOT NULL,
  `share_description` text NOT NULL
) ENGINE=InnoDB DEFAULT CHARSET=utf8;

--
-- Dumping data for table `tbl_site`
--

INSERT INTO `tbl_site` (`id`, `site_title`, `site_name`, `main_site`, `enterprise_id`, `sub_domain`, `site_offline`, `site_offline_msg`, `site_from_email`, `site_description`, `site_keyword`, `google_analytics_code`, `modules_enabled`, `siteBanner`, `imageSize`, `created_by`, `created_date`, `modified_by`, `modified_date`, `site_logo`, `facebook_url`, `twitter_url`, `youtube_url`, `linkedin_url`, `instagram_url`, `share_title`, `share_image`, `share_link`, `share_description`) VALUES
(1, 'WINBIZ', 'winbiz', 1, 0, '', 'no', 'The site is currently underconstruction. We will be back soon.', 'siddhartha.fwean@gmail.com', 'Winbiz.com is the first ecommerce site of Nepal that promotes the products prepared by women entrepreneurs only.', '', '0', '8,15,5,44,51,9,23,11,49,20,53,18,17,47,40,38,54,19,56,45,43,1,7,4,10,52,50,46,55,48,41,2,6', '256', '', 0, '0000-00-00 00:00:00', 34, '2016-01-08 15:33:44', '2b51b0e79a066d8510616487e3ebf6b0.png', '', '', '', '', '', '', '', '', ''),
(2, 'SPICY HOME SPICES Pvt. Ltd.', 'spicy-home-spices-pvt-ltd', 0, 2, 'spicyhome', 'no', 'The site is currently underconstruction. We will be back soon.', 'siddhartha.fwean@gmail.com', 'spicy homes mea description', 'spicy homes meta keywords', '', '15,51,9,11,49,18,17,47,40,54,45,43,7,4,10,50,46,55,48,41,6', '', '100,100', 0, '0000-00-00 00:00:00', 1, '2015-12-30 17:59:29', 'enterprise_749_1436261747.jpg', '', '', '', '', '', '', '', '', ''),
(3, 'Sunita''s Enterprises', 'sunitas-enterprises', 0, 13, 'sunita', 'no', 'The site is currently underconstruction. We will be back soon.', 'siddhartha.fwean@gmail.com', 'sunita', 'sunita', '', '15,51,9,11,49,18,17,47,40,54,45,43,7,4,10,50,46,55,48,41,6', '100,100', '', 0, '0000-00-00 00:00:00', 1, '2015-12-30 17:59:49', '', '', '', '', '', '', '', '', '', ''),
(4, 'Kunja Artistic Bead Works', 'kunja-artistic-bead-works', 0, 1, 'kunja', 'no', 'The site is currently underconstruction. We will be back soon.', 'siddhartha.fwean@gmail.com', '', '', '', '15,51,9,11,49,18,17,47,40,54,45,43,7,4,10,50,46,55,48,41,6', '', '', 0, '0000-00-00 00:00:00', 1, '2015-12-30 17:57:29', '', 'facebook.com', '', '', '', '', '', '', '', ''),
(6, 'MAHI Enterprises', 'mahi-enterprises', 0, 3, 'mahi', 'no', 'The site is currently underconstruction. We will be back soon.', 'ritaniwas@gmail.com', '', '', '', '15,51,9,11,49,18,17,47,40,54,45,43,7,4,10,50,46,55,48,41,6', '', '', 0, '0000-00-00 00:00:00', 34, '2016-03-28 17:44:38', '', '', '', '', '', '', '', '', '', ''),
(8, 'Nepal Paper Crafts', 'nepal-paper-crafts', 0, 4, 'nepalpaper', 'no', 'The site is currently underconstruction. We will be back soon.', 'nepacrafts2001@yahoo.com', '', '', '', '15,51,9,11,49,18,17,47,40,54,45,43,7,4,10,50,46,55,48,41,6', '', '', 0, '0000-00-00 00:00:00', 34, '2016-03-29 10:49:36', '', '', '', '', '', '', '', '', '', ''),
(9, 'Aama Impex', 'aama-impex', 0, 8, 'aama', 'no', 'The site is currently underconstruction. We will be back soon.', 'reeta.simha@gmail.com', '', '', '', '15,51,9,11,49,18,17,47,40,54,45,43,7,4,10,50,46,55,48,41,6', '', '', 0, '0000-00-00 00:00:00', 34, '2016-03-30 16:38:49', '', '', '', '', '', '', 'title', '639af62c3e0b842439942f66607f21f4.jpg', 'link', 'description'),
(10, 'The Beekeeping Shop', 'the-beekeeping-shop', 0, 14, 'bee', 'no', 'The site is currently underconstruction. We will be back soon.', 'siddhartha.fwean@gmail.com', '', '', '', '15,51,9,11,49,18,17,47,40,54,45,43,7,4,10,50,46,55,48,41,6,64,65,63', '', '', 0, '0000-00-00 00:00:00', 1, '2016-07-12 18:10:02', 'enterprise_85_1447049474.jpg', 'https://www.facebook.com/beekeepingshop', '', '', '', '', '', '', '', ''),
(12, 'Nepal Republic Media', 'nepal-republic-media', 0, 5, 'republic', 'no', 'The site is currently underconstruction. We will be back soon.', 'siddhartha.fwean@gmail.com', '', '', '', '15,51,9,11,49,18,17,47,40,54,45,43,7,4,10,50,46,55,48,41,6', '', '', 0, '0000-00-00 00:00:00', 1, '2015-12-30 17:58:53', '', '', '', '', '', '', '', '', '', ''),
(13, 'Candles And Crafts', 'candles-and-crafts', 0, 12, 'candlesandcraft', 'no', 'The site is currently underconstruction. We will be back soon.', 'contactsunita@hotmail.com', '', '', '', '15,51,9,11,49,18,17,47,40,54,45,43,7,4,10,50,46,55,48,41,6', '', '', 0, '0000-00-00 00:00:00', 34, '2016-03-30 09:48:33', '', '', '', '', '', '', '', '', '', ''),
(14, 'NATURE NEPAL', 'nature-nepal', 0, 7, 'naturenepal', 'no', 'The site is currently underconstruction. We will be back soon.', 'darshanashrestha@hotmail.com', '', '', '', '15,51,9,11,49,18,17,47,40,54,45,43,7,4,10,50,46,55,48,41,6', '', '', 0, '0000-00-00 00:00:00', 34, '2016-03-28 17:45:46', '', '', '', '', '', '', '', '', '', ''),
(16, 'Milan Garments', 'milan-garments', 0, 10, 'milan', 'no', 'The site is currently underconstruction. We will be back soon.', 'pintomail13@gmail.com', '', '', '', '15,51,9,11,49,18,17,47,40,54,45,43,7,4,10,50,46,55,48,41,6', '', '', 0, '0000-00-00 00:00:00', 34, '2016-03-30 16:35:46', '', '', '', '', '', '', '', '', '', ''),
(17, 'HAJURI KHADHYA UDHYOG - KITCHEN RECIPE', 'hajuri-khadhya-udhyog-kitchen-recipe', 0, 11, 'hajuri', 'no', 'The site is currently underconstruction. We will be back soon.', 'hikmathajuri@wlink.com.np', '', '', '', '15,51,9,11,49,18,17,47,40,54,45,43,7,4,10,50,46,55,48,41,6', '', '', 0, '0000-00-00 00:00:00', 34, '2016-03-30 16:44:40', '', '', '', '', '', '', '', '', '', ''),
(18, 'Rudyn Agriflora Nepal (Pvt) Ltd', 'rudyn-agriflora-nepal-pvt-ltd', 0, 9, 'rudyn', 'no', 'The site is currently underconstruction. We will be back soon.', 'siddhartha.fwean@gmail.com', '', '', '', '15,51,9,11,49,18,17,47,40,54,45,43,7,4,10,50,46,55,48,41,6', '', '', 0, '0000-00-00 00:00:00', 1, '2015-12-30 17:59:13', '', '', '', '', '', '', '', '', '', ''),
(19, 'Thames International College', 'thames-international-college', 0, 29, 'thames', 'no', 'The site is currently underconstruction. We will be back soon.', 'siddhartha.fwean@gmail.com', '', '', '', '15,51,9,11,49,18,17,47,40,54,45,43,7,4,10,50,46,55,48,41,6', '', '', 0, '0000-00-00 00:00:00', 1, '2015-12-30 18:00:03', 'enterprise_66_1450599651.jpg', '', '', '', '', '', '', '', '', ''),
(20, 'Kanchanjangha Tea Estate', 'kanchanjangha-tea-estate', 0, 30, 'kanchanjangha', 'no', 'The site is currently underconstruction. We will be back soon.', 'siddhartha.fwean@gmail.com', '', '', '', '15,51,9,11,49,18,17,47,40,54,45,43,7,4,10,50,46,55,48,41,6', '', '', 0, '0000-00-00 00:00:00', 1, '2015-12-30 17:57:15', '', '', '', '', '', '', '', '', '', ''),
(21, 'Sunita''s Enterprises', 'sunita-s-enterprises', 0, 31, 'sunita', 'no', 'The site is currently underconstruction. We will be back soon.', '', '', '', '', '15,51,9,11,49,18,17,47,40,54,45,43,7,4,10,50,46,55,48,41,6', '', '', 0, '0000-00-00 00:00:00', 0, '0000-00-00 00:00:00', '', '', '', '', '', '', '', '', '', ''),
(22, 'Amnil Technologies', 'amnil-technologies', 0, 32, 'amnil', 'yes', 'The site is currently underconstruction. We will be back soon.', '', '', '', '', '15,51,9,11,49,18,17,47,40,54,45,43,7,4,10,50,46,55,48,41,6', '', '', 0, '0000-00-00 00:00:00', 34, '2016-03-30 18:28:41', 'enterprise_711_1459138200.jpg', 'https://www.facebook.com/amniltech', '', '', '', '', '', '', '', ''),
(23, 'web crafts', 'web-crafts', 0, 44, 'webcrafts', 'no', 'The site is currently underconstruction. We will be back soon.', '', '', '', '', '15,51,9,11,49,18,17,47,40,54,45,43,7,4,10,50,46,55,48,41,6', '', '', 0, '0000-00-00 00:00:00', 0, '0000-00-00 00:00:00', '', 'A', 'A', '', '', '', '', '', '', '');

-- --------------------------------------------------------

--
-- Table structure for table `tbl_site_menus`
--

CREATE TABLE `tbl_site_menus` (
  `id` int(11) NOT NULL,
  `site_id` int(11) NOT NULL,
  `name` varchar(255) NOT NULL,
  `submenus` enum('yes','no') NOT NULL DEFAULT 'no',
  `depth` int(11) NOT NULL,
  `main_menu` enum('yes','no') NOT NULL DEFAULT 'no',
  `status` enum('yes','no') NOT NULL DEFAULT 'yes'
) ENGINE=InnoDB DEFAULT CHARSET=utf8;

--
-- Dumping data for table `tbl_site_menus`
--

INSERT INTO `tbl_site_menus` (`id`, `site_id`, `name`, `submenus`, `depth`, `main_menu`, `status`) VALUES
(1, 1, 'Top Menu', 'yes', 2, 'yes', 'yes'),
(2, 1, 'Footer Left', 'no', 0, 'no', 'yes'),
(3, 1, 'Footer Center', 'no', 0, 'no', 'yes'),
(4, 2, 'Top Menu', 'no', 0, 'yes', 'yes'),
(5, 3, 'Top Menu', 'no', 0, 'yes', 'yes'),
(6, 8, 'Top Menu', 'no', 0, 'yes', 'yes'),
(8, 6, 'Top Menu', 'yes', 0, 'no', 'yes'),
(9, 9, 'Top Menu', 'no', 0, 'yes', 'yes'),
(10, 10, 'Top Menu', 'no', 0, 'yes', 'yes'),
(11, 11, 'Top Menu', 'no', 0, 'yes', 'yes'),
(12, 12, 'Top Menu', 'no', 0, 'yes', 'yes'),
(13, 13, 'Top Menu', 'no', 0, 'yes', 'yes'),
(14, 14, 'Top Menu', 'no', 0, 'yes', 'yes'),
(15, 15, 'Top Menu', 'no', 0, 'yes', 'yes'),
(16, 16, 'Top Menu', 'no', 0, 'yes', 'yes'),
(17, 17, 'Top Menu', 'no', 0, 'yes', 'yes'),
(18, 4, 'Top Menu', 'no', 0, 'no', 'yes'),
(19, 18, 'Top Menu', 'no', 0, 'yes', 'yes'),
(20, 19, 'Top Menu', 'no', 0, 'yes', 'yes'),
(21, 20, 'Top Menu', 'no', 0, 'yes', 'yes'),
(22, 21, 'Top Menu', 'no', 0, 'yes', 'yes'),
(23, 22, 'Top Menu', 'no', 0, 'yes', 'yes'),
(24, 23, 'Top Menu', 'no', 0, 'yes', 'yes');

-- --------------------------------------------------------

--
-- Table structure for table `tbl_site_news`
--

CREATE TABLE `tbl_site_news` (
  `id` int(11) NOT NULL,
  `site_id` int(11) NOT NULL,
  `news_type` varchar(500) NOT NULL,
  `status` enum('yes','no') NOT NULL
) ENGINE=InnoDB DEFAULT CHARSET=utf8;

-- --------------------------------------------------------

--
-- Table structure for table `tbl_social_media`
--

CREATE TABLE `tbl_social_media` (
  `id` int(11) NOT NULL,
  `social_media_name` varchar(255) NOT NULL,
  `social_media_url` varchar(255) NOT NULL
) ENGINE=InnoDB DEFAULT CHARSET=utf8;

--
-- Dumping data for table `tbl_social_media`
--

INSERT INTO `tbl_social_media` (`id`, `social_media_name`, `social_media_url`) VALUES
(27, 'facebook', 'https://www.facebook.com'),
(28, 'twitter', 'https://www.twitter.com'),
(29, 'linkedin', 'https://www.linkedin.com'),
(30, 'instagram', 'https://www.instagram.com');

-- --------------------------------------------------------

--
-- Table structure for table `tbl_subscription`
--

CREATE TABLE `tbl_subscription` (
  `id` int(11) NOT NULL,
  `name` varchar(500) NOT NULL,
  `email` varchar(500) NOT NULL,
  `password` varchar(40) NOT NULL,
  `category_id` int(11) NOT NULL,
  `status` enum('yes','no') NOT NULL
) ENGINE=InnoDB DEFAULT CHARSET=utf8;

-- --------------------------------------------------------

--
-- Table structure for table `tbl_users`
--

CREATE TABLE `tbl_users` (
  `id` int(11) NOT NULL,
  `username` varchar(20) NOT NULL DEFAULT '-',
  `email` varchar(60) NOT NULL,
  `password` varchar(100) NOT NULL,
  `ip_address` varchar(45) DEFAULT NULL,
  `status` enum('0','1') NOT NULL,
  `activation_code` varchar(40) DEFAULT NULL,
  `forgotten_password_code` varchar(40) DEFAULT NULL,
  `created_at` timestamp NOT NULL DEFAULT CURRENT_TIMESTAMP,
  `created_by` int(11) NOT NULL,
  `remember_code` varchar(45) DEFAULT NULL
) ENGINE=InnoDB DEFAULT CHARSET=utf8;

--
-- Dumping data for table `tbl_users`
--

INSERT INTO `tbl_users` (`id`, `username`, `email`, `password`, `ip_address`, `status`, `activation_code`, `forgotten_password_code`, `created_at`, `created_by`, `remember_code`) VALUES
(4, '-', 'limited_sky710@yahoo.comxasdfasdf', '1f3870be274f6c49b3e31a0c6728957f', NULL, '1', NULL, NULL, '2016-07-19 10:03:00', 0, NULL),
(5, '-', 'limited_sky710@yahoo.com', '1f3870be274f6c49b3e31a0c6728957f', NULL, '1', NULL, '9zzPHTCozqlfz2amm0dYTRq7TLF7eDCE', '2016-07-19 10:45:05', 0, NULL);

-- --------------------------------------------------------

--
-- Table structure for table `tbl_users_profile`
--

CREATE TABLE `tbl_users_profile` (
  `id` int(11) NOT NULL,
  `created` varchar(55) DEFAULT NULL,
  `updated` text,
  `user_id` int(11) NOT NULL,
  `display_name` varchar(50) NOT NULL,
  `first_name` varchar(50) NOT NULL,
  `middle_name` varchar(50) NOT NULL,
  `last_name` varchar(50) NOT NULL,
  `company` varchar(100) NOT NULL,
  `lang` varchar(2) NOT NULL,
  `bio` text NOT NULL,
  `dob` date NOT NULL,
  `gender` set('m','f') NOT NULL,
  `phone` varchar(30) NOT NULL,
  `mobile` varchar(30) NOT NULL,
  `country` varchar(100) NOT NULL,
  `address_line1` varchar(255) NOT NULL,
  `state` varchar(255) NOT NULL,
  `town` varchar(255) NOT NULL,
  `postcode` varchar(20) NOT NULL,
  `website` varchar(255) NOT NULL,
  `created_at` timestamp NOT NULL DEFAULT CURRENT_TIMESTAMP,
  `updated_at` date NOT NULL
) ENGINE=InnoDB DEFAULT CHARSET=utf8;

--
-- Dumping data for table `tbl_users_profile`
--

INSERT INTO `tbl_users_profile` (`id`, `created`, `updated`, `user_id`, `display_name`, `first_name`, `middle_name`, `last_name`, `company`, `lang`, `bio`, `dob`, `gender`, `phone`, `mobile`, `country`, `address_line1`, `state`, `town`, `postcode`, `website`, `created_at`, `updated_at`) VALUES
(4, NULL, NULL, 4, '', 'swapnil', '', 'maharjan', 'spnl', '', '', '0000-00-00', '', '9841721181', '9841721181', 'nepal', 'thecho', '', '', '1234', '', '2016-07-19 10:03:00', '0000-00-00'),
(5, NULL, NULL, 5, '', 'bkesh', '', 'Maharjan', 'spnl', '', '', '0000-00-00', '', '9841721181', '9841721181', 'nepal', 'thecho', '0', '0', '1234', '', '2016-07-19 10:45:05', '0000-00-00');

-- --------------------------------------------------------

--
-- Table structure for table `tbl_validation_rule`
--

CREATE TABLE `tbl_validation_rule` (
  `id` int(11) NOT NULL,
  `validation_rule` varchar(255) CHARACTER SET latin1 NOT NULL,
  `description` tinytext CHARACTER SET latin1 NOT NULL
) ENGINE=InnoDB DEFAULT CHARSET=utf8;

--
-- Dumping data for table `tbl_validation_rule`
--

INSERT INTO `tbl_validation_rule` (`id`, `validation_rule`, `description`) VALUES
(1, 'required', 'Required'),
(2, 'trim', 'Triming the space'),
(3, 'alpha', 'Alphabetical characters.'),
(4, 'alpha_numeric', 'Alpha-numeric characters'),
(5, 'numeric', 'Numeric characters'),
(6, 'email', 'Valid email address'),
(7, 'integer', 'Only Integer');

--
-- Indexes for dumped tables
--

--
-- Indexes for table `tbl_admin_user`
--
ALTER TABLE `tbl_admin_user`
  ADD PRIMARY KEY (`id`);

--
-- Indexes for table `tbl_advertisement`
--
ALTER TABLE `tbl_advertisement`
  ADD PRIMARY KEY (`id`);

--
-- Indexes for table `tbl_advertisement_position`
--
ALTER TABLE `tbl_advertisement_position`
  ADD PRIMARY KEY (`id`);

--
-- Indexes for table `tbl_advertisement_price`
--
ALTER TABLE `tbl_advertisement_price`
  ADD PRIMARY KEY (`id`);

--
-- Indexes for table `tbl_advertisement_provider`
--
ALTER TABLE `tbl_advertisement_provider`
  ADD PRIMARY KEY (`id`);

--
-- Indexes for table `tbl_advertisement_session`
--
ALTER TABLE `tbl_advertisement_session`
  ADD PRIMARY KEY (`id`);

--
-- Indexes for table `tbl_categories`
--
ALTER TABLE `tbl_categories`
  ADD PRIMARY KEY (`id`);

--
-- Indexes for table `tbl_checkout`
--
ALTER TABLE `tbl_checkout`
  ADD PRIMARY KEY (`id`);

--
-- Indexes for table `tbl_ci_sessions`
--
ALTER TABLE `tbl_ci_sessions`
  ADD PRIMARY KEY (`session_id`),
  ADD KEY `last_activity_idx` (`last_activity`);

--
-- Indexes for table `tbl_cms_menu`
--
ALTER TABLE `tbl_cms_menu`
  ADD PRIMARY KEY (`id`);

--
-- Indexes for table `tbl_content`
--
ALTER TABLE `tbl_content`
  ADD PRIMARY KEY (`id`);

--
-- Indexes for table `tbl_countries`
--
ALTER TABLE `tbl_countries`
  ADD PRIMARY KEY (`id`);

--
-- Indexes for table `tbl_domain_theme`
--
ALTER TABLE `tbl_domain_theme`
  ADD PRIMARY KEY (`id`);

--
-- Indexes for table `tbl_email_management`
--
ALTER TABLE `tbl_email_management`
  ADD PRIMARY KEY (`id`);

--
-- Indexes for table `tbl_enterprises`
--
ALTER TABLE `tbl_enterprises`
  ADD PRIMARY KEY (`id`);

--
-- Indexes for table `tbl_enterprise_categories`
--
ALTER TABLE `tbl_enterprise_categories`
  ADD PRIMARY KEY (`id`);

--
-- Indexes for table `tbl_enterprise_category_list`
--
ALTER TABLE `tbl_enterprise_category_list`
  ADD PRIMARY KEY (`id`);

--
-- Indexes for table `tbl_enterprise_count`
--
ALTER TABLE `tbl_enterprise_count`
  ADD PRIMARY KEY (`id`);

--
-- Indexes for table `tbl_field_type`
--
ALTER TABLE `tbl_field_type`
  ADD PRIMARY KEY (`id`);

--
-- Indexes for table `tbl_form`
--
ALTER TABLE `tbl_form`
  ADD PRIMARY KEY (`id`);

--
-- Indexes for table `tbl_form_field`
--
ALTER TABLE `tbl_form_field`
  ADD PRIMARY KEY (`id`);

--
-- Indexes for table `tbl_form_field_value`
--
ALTER TABLE `tbl_form_field_value`
  ADD PRIMARY KEY (`id`);

--
-- Indexes for table `tbl_form_group`
--
ALTER TABLE `tbl_form_group`
  ADD PRIMARY KEY (`id`);

--
-- Indexes for table `tbl_form_submission`
--
ALTER TABLE `tbl_form_submission`
  ADD PRIMARY KEY (`id`);

--
-- Indexes for table `tbl_form_submission_fields`
--
ALTER TABLE `tbl_form_submission_fields`
  ADD PRIMARY KEY (`id`);

--
-- Indexes for table `tbl_globalsetting`
--
ALTER TABLE `tbl_globalsetting`
  ADD PRIMARY KEY (`id`);

--
-- Indexes for table `tbl_ip_track`
--
ALTER TABLE `tbl_ip_track`
  ADD PRIMARY KEY (`id`);

--
-- Indexes for table `tbl_logo`
--
ALTER TABLE `tbl_logo`
  ADD PRIMARY KEY (`id`);

--
-- Indexes for table `tbl_menu`
--
ALTER TABLE `tbl_menu`
  ADD PRIMARY KEY (`id`);

--
-- Indexes for table `tbl_menu_page_settings`
--
ALTER TABLE `tbl_menu_page_settings`
  ADD PRIMARY KEY (`id`);

--
-- Indexes for table `tbl_module`
--
ALTER TABLE `tbl_module`
  ADD PRIMARY KEY (`id`);

--
-- Indexes for table `tbl_order_product`
--
ALTER TABLE `tbl_order_product`
  ADD PRIMARY KEY (`id`);

--
-- Indexes for table `tbl_products`
--
ALTER TABLE `tbl_products`
  ADD PRIMARY KEY (`id`);

--
-- Indexes for table `tbl_product_categories`
--
ALTER TABLE `tbl_product_categories`
  ADD PRIMARY KEY (`id`);

--
-- Indexes for table `tbl_product_count`
--
ALTER TABLE `tbl_product_count`
  ADD PRIMARY KEY (`id`);

--
-- Indexes for table `tbl_product_enquiry`
--
ALTER TABLE `tbl_product_enquiry`
  ADD PRIMARY KEY (`id`);

--
-- Indexes for table `tbl_product_images`
--
ALTER TABLE `tbl_product_images`
  ADD PRIMARY KEY (`id`);

--
-- Indexes for table `tbl_product_rate`
--
ALTER TABLE `tbl_product_rate`
  ADD PRIMARY KEY (`id`);

--
-- Indexes for table `tbl_product_review`
--
ALTER TABLE `tbl_product_review`
  ADD PRIMARY KEY (`id`);

--
-- Indexes for table `tbl_profile`
--
ALTER TABLE `tbl_profile`
  ADD PRIMARY KEY (`id`);

--
-- Indexes for table `tbl_profile_detail`
--
ALTER TABLE `tbl_profile_detail`
  ADD PRIMARY KEY (`id`);

--
-- Indexes for table `tbl_setting`
--
ALTER TABLE `tbl_setting`
  ADD PRIMARY KEY (`id`);

--
-- Indexes for table `tbl_site`
--
ALTER TABLE `tbl_site`
  ADD PRIMARY KEY (`id`);

--
-- Indexes for table `tbl_site_menus`
--
ALTER TABLE `tbl_site_menus`
  ADD PRIMARY KEY (`id`);

--
-- Indexes for table `tbl_site_news`
--
ALTER TABLE `tbl_site_news`
  ADD PRIMARY KEY (`id`);

--
-- Indexes for table `tbl_social_media`
--
ALTER TABLE `tbl_social_media`
  ADD PRIMARY KEY (`id`);

--
-- Indexes for table `tbl_subscription`
--
ALTER TABLE `tbl_subscription`
  ADD PRIMARY KEY (`id`);

--
-- Indexes for table `tbl_users`
--
ALTER TABLE `tbl_users`
  ADD PRIMARY KEY (`id`);

--
-- Indexes for table `tbl_users_profile`
--
ALTER TABLE `tbl_users_profile`
  ADD PRIMARY KEY (`id`),
  ADD KEY `fk_users_profile` (`user_id`);

--
-- Indexes for table `tbl_validation_rule`
--
ALTER TABLE `tbl_validation_rule`
  ADD PRIMARY KEY (`id`);

--
-- AUTO_INCREMENT for dumped tables
--

--
-- AUTO_INCREMENT for table `tbl_admin_user`
--
ALTER TABLE `tbl_admin_user`
  MODIFY `id` int(100) NOT NULL AUTO_INCREMENT, AUTO_INCREMENT=39;
--
-- AUTO_INCREMENT for table `tbl_advertisement`
--
ALTER TABLE `tbl_advertisement`
  MODIFY `id` int(11) NOT NULL AUTO_INCREMENT, AUTO_INCREMENT=139;
--
-- AUTO_INCREMENT for table `tbl_advertisement_position`
--
ALTER TABLE `tbl_advertisement_position`
  MODIFY `id` int(11) NOT NULL AUTO_INCREMENT, AUTO_INCREMENT=11;
--
-- AUTO_INCREMENT for table `tbl_advertisement_price`
--
ALTER TABLE `tbl_advertisement_price`
  MODIFY `id` int(11) NOT NULL AUTO_INCREMENT, AUTO_INCREMENT=35;
--
-- AUTO_INCREMENT for table `tbl_advertisement_provider`
--
ALTER TABLE `tbl_advertisement_provider`
  MODIFY `id` int(11) NOT NULL AUTO_INCREMENT, AUTO_INCREMENT=5;
--
-- AUTO_INCREMENT for table `tbl_advertisement_session`
--
ALTER TABLE `tbl_advertisement_session`
  MODIFY `id` int(11) NOT NULL AUTO_INCREMENT, AUTO_INCREMENT=27;
--
-- AUTO_INCREMENT for table `tbl_categories`
--
ALTER TABLE `tbl_categories`
  MODIFY `id` int(11) NOT NULL AUTO_INCREMENT, AUTO_INCREMENT=3;
--
-- AUTO_INCREMENT for table `tbl_checkout`
--
ALTER TABLE `tbl_checkout`
  MODIFY `id` int(11) NOT NULL AUTO_INCREMENT, AUTO_INCREMENT=17;
--
-- AUTO_INCREMENT for table `tbl_cms_menu`
--
ALTER TABLE `tbl_cms_menu`
  MODIFY `id` int(11) NOT NULL AUTO_INCREMENT, AUTO_INCREMENT=54;
--
-- AUTO_INCREMENT for table `tbl_content`
--
ALTER TABLE `tbl_content`
  MODIFY `id` int(11) NOT NULL AUTO_INCREMENT, AUTO_INCREMENT=43;
--
-- AUTO_INCREMENT for table `tbl_countries`
--
ALTER TABLE `tbl_countries`
  MODIFY `id` int(11) NOT NULL AUTO_INCREMENT, AUTO_INCREMENT=240;
--
-- AUTO_INCREMENT for table `tbl_domain_theme`
--
ALTER TABLE `tbl_domain_theme`
  MODIFY `id` int(11) NOT NULL AUTO_INCREMENT, AUTO_INCREMENT=7;
--
-- AUTO_INCREMENT for table `tbl_email_management`
--
ALTER TABLE `tbl_email_management`
  MODIFY `id` int(11) NOT NULL AUTO_INCREMENT, AUTO_INCREMENT=19;
--
-- AUTO_INCREMENT for table `tbl_enterprises`
--
ALTER TABLE `tbl_enterprises`
  MODIFY `id` int(11) NOT NULL AUTO_INCREMENT, AUTO_INCREMENT=45;
--
-- AUTO_INCREMENT for table `tbl_enterprise_categories`
--
ALTER TABLE `tbl_enterprise_categories`
  MODIFY `id` int(11) NOT NULL AUTO_INCREMENT, AUTO_INCREMENT=23;
--
-- AUTO_INCREMENT for table `tbl_enterprise_category_list`
--
ALTER TABLE `tbl_enterprise_category_list`
  MODIFY `id` int(15) NOT NULL AUTO_INCREMENT, AUTO_INCREMENT=81;
--
-- AUTO_INCREMENT for table `tbl_enterprise_count`
--
ALTER TABLE `tbl_enterprise_count`
  MODIFY `id` int(15) NOT NULL AUTO_INCREMENT, AUTO_INCREMENT=479;
--
-- AUTO_INCREMENT for table `tbl_field_type`
--
ALTER TABLE `tbl_field_type`
  MODIFY `id` int(11) NOT NULL AUTO_INCREMENT, AUTO_INCREMENT=9;
--
-- AUTO_INCREMENT for table `tbl_form`
--
ALTER TABLE `tbl_form`
  MODIFY `id` int(11) NOT NULL AUTO_INCREMENT, AUTO_INCREMENT=3;
--
-- AUTO_INCREMENT for table `tbl_form_field`
--
ALTER TABLE `tbl_form_field`
  MODIFY `id` int(11) NOT NULL AUTO_INCREMENT, AUTO_INCREMENT=4;
--
-- AUTO_INCREMENT for table `tbl_form_field_value`
--
ALTER TABLE `tbl_form_field_value`
  MODIFY `id` int(11) NOT NULL AUTO_INCREMENT;
--
-- AUTO_INCREMENT for table `tbl_form_group`
--
ALTER TABLE `tbl_form_group`
  MODIFY `id` int(11) NOT NULL AUTO_INCREMENT;
--
-- AUTO_INCREMENT for table `tbl_form_submission`
--
ALTER TABLE `tbl_form_submission`
  MODIFY `id` int(11) NOT NULL AUTO_INCREMENT, AUTO_INCREMENT=9;
--
-- AUTO_INCREMENT for table `tbl_form_submission_fields`
--
ALTER TABLE `tbl_form_submission_fields`
  MODIFY `id` int(11) NOT NULL AUTO_INCREMENT, AUTO_INCREMENT=25;
--
-- AUTO_INCREMENT for table `tbl_globalsetting`
--
ALTER TABLE `tbl_globalsetting`
  MODIFY `id` int(11) NOT NULL AUTO_INCREMENT, AUTO_INCREMENT=2;
--
-- AUTO_INCREMENT for table `tbl_ip_track`
--
ALTER TABLE `tbl_ip_track`
  MODIFY `id` int(11) NOT NULL AUTO_INCREMENT, AUTO_INCREMENT=2949;
--
-- AUTO_INCREMENT for table `tbl_menu`
--
ALTER TABLE `tbl_menu`
  MODIFY `id` int(11) NOT NULL AUTO_INCREMENT, AUTO_INCREMENT=62;
--
-- AUTO_INCREMENT for table `tbl_menu_page_settings`
--
ALTER TABLE `tbl_menu_page_settings`
  MODIFY `id` int(11) NOT NULL AUTO_INCREMENT, AUTO_INCREMENT=110;
--
-- AUTO_INCREMENT for table `tbl_module`
--
ALTER TABLE `tbl_module`
  MODIFY `id` int(100) NOT NULL AUTO_INCREMENT, AUTO_INCREMENT=66;
--
-- AUTO_INCREMENT for table `tbl_order_product`
--
ALTER TABLE `tbl_order_product`
  MODIFY `id` int(100) NOT NULL AUTO_INCREMENT, AUTO_INCREMENT=27;
--
-- AUTO_INCREMENT for table `tbl_products`
--
ALTER TABLE `tbl_products`
  MODIFY `id` int(11) NOT NULL AUTO_INCREMENT, AUTO_INCREMENT=517;
--
-- AUTO_INCREMENT for table `tbl_product_categories`
--
ALTER TABLE `tbl_product_categories`
  MODIFY `id` int(11) NOT NULL AUTO_INCREMENT, AUTO_INCREMENT=84;
--
-- AUTO_INCREMENT for table `tbl_product_count`
--
ALTER TABLE `tbl_product_count`
  MODIFY `id` int(11) NOT NULL AUTO_INCREMENT, AUTO_INCREMENT=517;
--
-- AUTO_INCREMENT for table `tbl_product_enquiry`
--
ALTER TABLE `tbl_product_enquiry`
  MODIFY `id` int(11) NOT NULL AUTO_INCREMENT, AUTO_INCREMENT=69;
--
-- AUTO_INCREMENT for table `tbl_product_images`
--
ALTER TABLE `tbl_product_images`
  MODIFY `id` int(11) NOT NULL AUTO_INCREMENT, AUTO_INCREMENT=292;
--
-- AUTO_INCREMENT for table `tbl_product_rate`
--
ALTER TABLE `tbl_product_rate`
  MODIFY `id` int(11) NOT NULL AUTO_INCREMENT, AUTO_INCREMENT=26;
--
-- AUTO_INCREMENT for table `tbl_product_review`
--
ALTER TABLE `tbl_product_review`
  MODIFY `id` int(11) NOT NULL AUTO_INCREMENT, AUTO_INCREMENT=24;
--
-- AUTO_INCREMENT for table `tbl_profile`
--
ALTER TABLE `tbl_profile`
  MODIFY `id` int(100) NOT NULL AUTO_INCREMENT, AUTO_INCREMENT=11;
--
-- AUTO_INCREMENT for table `tbl_profile_detail`
--
ALTER TABLE `tbl_profile_detail`
  MODIFY `id` int(100) NOT NULL AUTO_INCREMENT, AUTO_INCREMENT=253;
--
-- AUTO_INCREMENT for table `tbl_setting`
--
ALTER TABLE `tbl_setting`
  MODIFY `id` int(11) NOT NULL AUTO_INCREMENT;
--
-- AUTO_INCREMENT for table `tbl_site`
--
ALTER TABLE `tbl_site`
  MODIFY `id` int(100) NOT NULL AUTO_INCREMENT, AUTO_INCREMENT=24;
--
-- AUTO_INCREMENT for table `tbl_site_menus`
--
ALTER TABLE `tbl_site_menus`
  MODIFY `id` int(11) NOT NULL AUTO_INCREMENT, AUTO_INCREMENT=25;
--
-- AUTO_INCREMENT for table `tbl_site_news`
--
ALTER TABLE `tbl_site_news`
  MODIFY `id` int(11) NOT NULL AUTO_INCREMENT;
--
-- AUTO_INCREMENT for table `tbl_social_media`
--
ALTER TABLE `tbl_social_media`
  MODIFY `id` int(11) NOT NULL AUTO_INCREMENT, AUTO_INCREMENT=31;
--
-- AUTO_INCREMENT for table `tbl_subscription`
--
ALTER TABLE `tbl_subscription`
  MODIFY `id` int(11) NOT NULL AUTO_INCREMENT;
--
-- AUTO_INCREMENT for table `tbl_users`
--
ALTER TABLE `tbl_users`
  MODIFY `id` int(11) NOT NULL AUTO_INCREMENT, AUTO_INCREMENT=6;
--
-- AUTO_INCREMENT for table `tbl_users_profile`
--
ALTER TABLE `tbl_users_profile`
  MODIFY `id` int(11) NOT NULL AUTO_INCREMENT, AUTO_INCREMENT=6;
--
-- AUTO_INCREMENT for table `tbl_validation_rule`
--
ALTER TABLE `tbl_validation_rule`
  MODIFY `id` int(11) NOT NULL AUTO_INCREMENT, AUTO_INCREMENT=8;
/*!40101 SET CHARACTER_SET_CLIENT=@OLD_CHARACTER_SET_CLIENT */;
/*!40101 SET CHARACTER_SET_RESULTS=@OLD_CHARACTER_SET_RESULTS */;
/*!40101 SET COLLATION_CONNECTION=@OLD_COLLATION_CONNECTION */;
